chunk_id,document,page_number,text,processed_text
ug_p2_0,ug,2,"We AIM HIGHER The National University of Sciences and Since technological supremacy is the key to Technology (NUST) stands as a vibrant beacon of shaping the destiny of a nation, NUST fuels higher education in Pakistan. Despite its youth of the spirit of inquiry, enterprise, and just 30 years, this esteemed institution rightfully dynamism in all facets of research and boasts of its exceptional reputation as a center of professional education. The dividends of our excellence.. focused and sustained efforts are distinctly visible in the vibrant involvement of our NUST offers undergraduate & postgraduate students and faculty in a wide range of programmes in a wide range of fields including research projects, publications, patent filing, Engineering, IT, Biosciences, Business and joint research ventures. Tech ONE and Management, Economics, Environment, Applied National Science and Technology Park (NSTP) Sciences, Architecture, and Social Sciences. In the are some of the potent NUST initiatives to years ahead, we are hopeful to pursue with expand the base of research and renewed vigour and zeal our vision of expanding development towards building the national not only our academic programmes but also the economy. student intake across various NUST schools NUST is a place worth any aspiring",aim higher national university science since technological supremacy key technology nust stand vibrant beacon shaping destiny nation nust fuel higher education pakistan despite youth spirit inquiry enterprise year esteemed institution rightfully dynamism facet research boast exceptional reputation center professional education dividend excellence focused sustained effort distinctly visible vibrant involvement nust offer undergraduate postgraduate student faculty wide range programme wide range field including research project publication patent filing engineering bioscience business joint research venture tech one management economics environment applied national science technology park nstp science architecture social science potent nust initiative year ahead hopeful pursue expand base research renewed vigour zeal vision expanding development towards building national academic programme also economy student intake across various nust school nust place worth aspiring
ug_p2_1,ug,2,"student's without diluting our traditional standards of time, labour, and money to claim a place in excellence. the comity of those educated in the spirit of challenging times today and tomorrow. It is a great transforming experience to live, imbibe and treasure. Disclaimer This handbook is being issued for general information and guidance of the students. The University reserves the right to withdraw or make amendments in Academic Regulations and other rules/policies/instructions as and when deemed necessary. Important Students are required to read all the instructions given in this handbook and deposit the Undertaking given at the end of this handbook (Annex E), duly completed, as guided by the respective institution.",student without diluting traditional standard time labour money claim place excellence comity educated spirit challenging time today tomorrow great transforming experience live imbibe treasure disclaimer handbook issued general information guidance student university reserve right withdraw make amendment academic regulation rulespoliciesinstructions deemed necessary important student required read instruction given handbook deposit undertaking given end handbook annex e duly completed guided respective institution
ug_p3_2,ug,3,"Contents Chapter 1: The University .......................................................................................................... 1 Chapter 2: Scheme of Studies, Examinations, and Academic Standards for the Award of Degrees .................................................................................................................................... 10 Chapter 3: Award of Bachelor Degree and Academic Deficiencies (Applicable to all programmes except those specified separately) ..................................................................... 19 Chapter 4: Award of Bachelor of Industrial Design & Architecture Degrees and Academic Deficiencies .............................................................................................................................. 24 Chapter 5: Award of Bachelors' Degree in Management/Social Sciences and Academic Deficiencies .............................................................................................................................. 40 Chapter 6: Academic Provisions & Flexibilities ....................................................................... 49 Chapter 7: Issuance of Bachelor Degrees & Transcripts and Award of Medals & Prizes ........ 67 Chapter 8: Clubs & Societies .................................................................................................... 70 Chapter 9: Services for International Students ....................................................................... 73 Chapter 10: NUST Social Media Accounts & IT Services ......................................................... 75 Chapter 11: NUST Code of Conduct ........................................................................................ 77 Chapter 12: Living on Campus ................................................................................................. 91 Re-Checking of Papers ........................................................................................................... 102 Fee Structure .......................................................................................................................... 104 Hostel Allotment Policy .......................................................................................................... 107 NUST Hostel Rules Awareness Certificate ............................................................................. 110 UNDERTAKING (By the Student & Parent/Guardian) ............................................................ 111 UNDERTAKING Drug and Tobacco Awareness Certificate (By the Student & Parent/Guardian) ................................................................................................................................................ 112 UNDERTAKING Drug and Tobacco Awareness Certificate (By the Faculty & Staff) .............. 113 NUST Undergraduate Student Handbook i",content chapter university chapter scheme study examination academic standard award degree chapter award bachelor degree academic deficiency applicable programme except specified separately chapter award bachelor industrial design architecture degree academic deficiency chapter award bachelor degree managementsocial science academic deficiency chapter academic provision flexibility chapter issuance bachelor degree transcript award medal prize chapter club society chapter service international student chapter nust social medium account service chapter nust code conduct chapter living campus rechecking paper fee structure hostel allotment policy nust hostel rule awareness certificate undertaking student parentguardian undertaking drug tobacco awareness certificate student parentguardian undertaking drug tobacco awareness certificate faculty staff nust undergraduate student handbook
ug_p5_3,ug,5,"Chapter 1: The University 1. NUST at a Glance. Welcome to the National University of Sciences and Technology (NUST), a premier national institution committed to imparting high-quality undergraduate and postgraduate education in various engineering disciplines, management, social, applied biosciences, architecture, information technology, and basic sciences. You represent a distinguished group of students selected strictly on merit to join this comprehensive University comprising 21 constituent colleges/schools/centres. Currently, NUST offers degree education in as many as 39 UG, 73 MS, and 47 Ph.D. programmes in various NUST institutions. 2. Constituent Institutions. Listed below are the constituent NUST institutions: a. Military College of Engineering (MCE), Risalpur b. Military College of Signals (MCS), Rawalpindi c. College of Electrical and Mechanical Engineering (C of E&ME), Rawalpindi d. Pakistan Navy Engineering College (PNEC), Karachi e. College of Aeronautical Engineering (CAE), Risalpur f. School of Electrical Engineering & Computer Science (SEECS), Islamabad g. NUST Business School (NBS), Islamabad h. School of Social Sciences & Humanities (S3H), Islamabad i. School of Chemical & Materials Engineering (SCME), Islamabad j. School of Civil & Environmental Engineering (SCEE), Islamabad k. School of Mechanical & Manufacturing Engineering (SMME), Islamabad l. School of Natural Sciences (SNS), Islamabad m. Atta Ur Rahman School of",chapter university nust glance welcome national university science technology nust premier national institution committed imparting highquality undergraduate postgraduate education various engineering discipline management social applied bioscience architecture information technology basic science represent distinguished group student selected strictly merit join comprehensive university comprising constituent collegesschoolscentres currently nust offer degree education many ug m phd programme various nust institution constituent institution listed constituent nust institution military college engineering mce risalpur b military college signal mc rawalpindi c college electrical mechanical engineering c eme rawalpindi pakistan navy engineering college pnec karachi e college aeronautical engineering cae risalpur f school electrical engineering computer science seecs islamabad g nust business school nb islamabad h school social science humanity islamabad school chemical material engineering scme islamabad j school civil environmental engineering scee islamabad k school mechanical manufacturing engineering smme islamabad l school natural science sn islamabad atta ur rahman school
ug_p5_4,ug,5,"Applied Biosciences (ASAB), Islamabad n. School of Art, Design & Architecture (SADA), Islamabad o. NUST Institute of Peace & Conflict Studies (NIPCONS), Rawalpindi p. US Pak Centre for Advanced Studies in Energy (USPCAS-E), Islamabad q. NUST Balochistan Campus (NBC), Quetta r. National Institute of Transportation (NIT), Risalpur s. School of Inter-Disciplinary Engineering and Sciences (SINES), Islamabad t. NUST School of Health Sciences (NSHS), Islamabad u. NUST Law School (NLS), Islamabad NUST Undergraduate Student Handbook 1",applied bioscience asab islamabad n school art design architecture sada islamabad nust institute peace conflict study nipcons rawalpindi p u pak centre advanced study energy uspcase islamabad q nust balochistan campus nbc quetta r national institute transportation nit risalpur school interdisciplinary engineering science sine islamabad nust school health science nshs islamabad u nust law school nls islamabad nust undergraduate student handbook
ug_p6_5,ug,6,"3. Vision. NUST aspires to be a comprehensive university providing a higher education experience grounded in thought leadership, co-creation of knowledge, and sustainability. 4. Mission. We are committed to being a university that stimulates intellectual curiosity, behavioral progression, and environmental stewardship. We nurture future leaders, job creators, and lifelong learners, with the ability to foster partnerships, and intercultural competence to impact their communities and beyond. Through adherence to our core values, we create an ecosystem that promotes research, innovation, and productivity: 5. Values: a. Integrity. NUST provides a fair and transparent work environment and encourages its stakeholders to act ethically and honestly in the interest of the wider community. b. Pursuit of Excellence. Excellence is a recursive attribute inculcated in the NUST culture. We strive to achieve excellence in academics, research, and innovation to build a national and global knowledge economy. c. Inspiring Partnerships. NUST promotes sharing of inspirational and research- driven content that drives change. Our leadership, faculty and students co- create knowledge that is of relevance and value for our communities. d. Diversity, Equity, and Inclusion. NUST community embraces and respects human and social diversity and encourages their absorption by developing an inclusive work environment to provide equal",vision nust aspires comprehensive university providing higher education experience grounded thought leadership cocreation knowledge sustainability mission committed university stimulates intellectual curiosity behavioral progression environmental stewardship nurture future leader job creator lifelong learner ability foster partnership intercultural competence impact community beyond adherence core value create ecosystem promotes research innovation productivity value integrity nust provides fair transparent work environment encourages stakeholder act ethically honestly interest wider community b pursuit excellence excellence recursive attribute inculcated nust culture strive achieve excellence academic research innovation build national global knowledge economy c inspiring partnership nust promotes sharing inspirational research driven content drive change leadership faculty student co create knowledge relevance value community diversity equity inclusion nust community embrace respect human social diversity encourages absorption developing inclusive work environment provide equal
ug_p6_6,ug,6,"opportunities for all. e. Sustainability. NUST nurtures its community with responsible resource planning and management. Our academic, research, and social endeavors actively tackle social, economic, and environmental challenges. 6. Strategic Thrusts: a. Excellence in Teaching and Education. Provide high-quality education in science and technology within the reach of all segments of society. b. Focus on Research. Undertake high-quality relevant research to support the needs of the emerging knowledge-based economy and society. c. Spirit of Enterprise. Develop instruments and mechanisms to cultivate in NUST graduates the spirit of enterprise and entrepreneurial culture and build strong linkages with industry. d. Internationalization and Global Vision. Establish strong international linkages to ensure the inflow of new knowledge and state-of-the-art technologies, and build, as a corollary, positive international image of our University and the country. 2 NUST Undergraduate Student Handbook",opportunity e sustainability nust nurture community responsible resource planning management academic research social endeavor actively tackle social economic environmental challenge strategic thrust excellence teaching education provide highquality education science technology within reach segment society b focus research undertake highquality relevant research support need emerging knowledgebased economy society c spirit enterprise develop instrument mechanism cultivate nust graduate spirit enterprise entrepreneurial culture build strong linkage industry internationalization global vision establish strong international linkage ensure inflow new knowledge stateoftheart technology build corollary positive international image university country nust undergraduate student handbook
ug_p7_7,ug,7,"e. Positive Social Impact. Formulate curricula and programmes to suit a wider cross-section of the population in terms of education and absorption of new technologies. 7. Why Study at NUST? NUST symbolizes quality and excellence. Its spirited faculty, industrious students, and excellent support infrastructure provide an academic environment, found only in the very best of the world universities, evident from the following: a. NUST is a member of: (1) International Association of Universities (IAU) (2) The Talloires Network (3) International Network for Quality Assurance Agencies in Higher Education (INQAAHE) (4) United Nations Academic Impact (UNAI) (5) Association of Management Development Institution in South Asia (AMDISA) (6) Asia-Pacific Quality Network (APQN) (7) Association of Quality Assurance Agencies of the Islamic World (QA- Islamic). (8) World Design Organization (WDO) b. NUST Rankings. NUST actively participates in international university rankings conducted by various esteemed organizations such as Quacquarelli Symonds (QS), Times Higher Education (THE), etc., securing a prominent position both globally and nationally. Over a brief period, the university has garnered global recognition and consistently elevated its rankings, a testament to the dedication of our faculty and staff in enhancing NUST's prestige year after year. (1) QS World Universities Ranking. In the latest",e positive social impact formulate curriculum programme suit wider crosssection population term education absorption new technology study nust nust symbolizes quality excellence spirited faculty industrious student excellent support infrastructure provide academic environment found best world university evident following nust member international association university iau talloires network international network quality assurance agency higher education inqaahe united nation academic impact unai association management development institution south asia amdisa asiapacific quality network apqn association quality assurance agency islamic world qa islamic world design organization wdo b nust ranking nust actively participates international university ranking conducted various esteemed organization quacquarelli symonds q time higher education etc securing prominent position globally nationally brief period university garnered global recognition consistently elevated ranking testament dedication faculty staff enhancing nusts prestige year year q world university ranking latest
ug_p7_8,ug,7,"QS World University Rankings 2024, NUST holds the 353rd position globally and ranks 2nd among Pakistani Universities. (2) QS Asian Ranking. NUST secures the 64th position in QS Asian University Rankings 2024. (3) QS Subjects Rankings. NUST emerges as a Comprehensive Multidisciplinary University in the QS World University Rankings released in 2024, achieving distinction in Broad Subject Areas and Subject Wise Rankings. (a) Broad Subject Areas. NUST excels in various multidisciplinary areas ranked by QS, including Engineering & Technology, NUST Undergraduate Student Handbook 3",q world university ranking nust hold position globally rank among pakistani university q asian ranking nust secures position q asian university ranking q subject ranking nust emerges comprehensive multidisciplinary university q world university ranking released achieving distinction broad subject area subject wise ranking broad subject area nust excels various multidisciplinary area ranked q including engineering technology nust undergraduate student handbook
ug_p8_9,ug,8,"Natural Sciences, Social Sciences & Management, Life Sciences and Medicine, and Arts and Humanities: i. Engineering & Technology. NUST maintains its 1st position in Engineering & Technology in Pakistan and has improved its global rank to 144. ii. Natural Sciences. NUST ranks 394 globally and 3rd among Pakistani Universities in Natural Sciences. iii. Social Sciences & Management. NUST ranks 400 globally and 2nd among Pakistani universities in this broad subject area. (b) Subject Areas. NUST holds a distinguished position worldwide and in Pakistan across various subjects: Ser Subject Area World National Ranking Ranking i. C omputer Science & 174 1 Information Systems ii. E lectrical & Electronics 151-200 1 Engineering iii. C ivil and Structural 151-200 1 Engineering iv. M echanical, Aeronautical & 201-250 1 Manufacturing Engineering v. C hemical Engineering 251-300 1 vi. M athematics 201-250 1 vii. M aterial Sciences 251-300 1 viii. C hemistry 301-350 2 ix. B usiness & Management 301-350 2 x. A ccounting & Finance 301-350 2 xi. E nvironmental Sciences 351-400 2 xii. M edicine 551-600 2 xiii. P hysics & Astronomy 301-350 3 xiv. E conomics & Econometrics 401-450 4 xv. B iological Sciences 551-600 5 8. Important Telephone Numbers: 4 NUST",natural science social science management life science medicine art humanity engineering technology nust maintains position engineering technology pakistan improved global rank ii natural science nust rank globally among pakistani university natural science iii social science management nust rank globally among pakistani university broad subject area b subject area nust hold distinguished position worldwide pakistan across various subject ser subject area world national ranking ranking c omputer science information system ii e lectrical electronics engineering iii c ivil structural engineering iv echanical aeronautical manufacturing engineering v c hemical engineering vi athematics vii aterial science viii c hemistry ix b usiness management x ccounting finance xi e nvironmental science xii edicine xiii p hysics astronomy xiv e conomics econometrics xv b iological science important telephone number nust
ug_p8_10,ug,8,Undergraduate Student Handbook,undergraduate student handbook
ug_p9_11,ug,9,Main Office NUST NUST UAN +92-51-111-11- NUST (6878) Fax No +92-51-8317363 Email Info@nust.edu.pk Website www.nust.edu.pk Registrar Directorate Registrar +92-51-90851041 Email registrar@nust.edu.pk Deputy Director (UG) +92-51-90851053-90851049 Deputy Controller (MS) +92-51-90851045 Assistant Director (UG) +92-51-90851051 Assistant Director (MS) +92-51-90851043 Examination Directorate Controller of Examinations +92-51-90851061 Email consultant.regdte@nust.edu.pk Deputy Controller (Examinations) +92-51-90851055 Assistant Controller (Examinations - UG) +92-51-90851056-8 Assistant Controller (Examinations - PG) +92-51-90851057 Academics Directorate Director Academics & Dean ASR +92-51-90851071 Email dacad@nust.edu.pk Deputy Director Programmes +92-51-90851073 Senior Assistant Director Policies +92-51-90851077 Directorate of Advanced Studies & Research Director Academics & Dean ASR +92-51-90851071 Email dacad@nust.edu.pk Deputy Director DASR +92-51-90851074 Assistant Director (Admissions & Academic Affairs DASR) +92-51-90851075 Assistant Director Monitoring & Evaluation DASR +92-51-90851090 Finance Directorate Director Finance +92-51-90851301 E-mail dirfin@nust.edu.pk Manager Finance (Fee) +92-51-90851313 NUST Undergraduate Student Handbook 5,main office nust nust uan nust fax email infonustedupk website wwwnustedupk registrar directorate registrar email registrarnustedupk deputy director ug deputy controller m assistant director ug assistant director m examination directorate controller examination email consultantregdtenustedupk deputy controller examination assistant controller examination ug assistant controller examination pg academic directorate director academic dean asr email dacadnustedupk deputy director programme senior assistant director policy directorate advanced study research director academic dean asr email dacadnustedupk deputy director dasr assistant director admission academic affair dasr assistant director monitoring evaluation dasr finance directorate director finance email dirfinnustedupk manager finance fee nust undergraduate student handbook
ug_p10_12,ug,10,"Administration Directorate Director Administration +92-51-90851541 E-mail dadm@nust.edu.pk Deputy Director Adm & Coord +92-51-90851503 Chief Security Officer +92-51-90851525 Deputy Director Transport +92-51-90851511 Field Administration Directorate Director Field Administration +92-51-90851501 E-mail dir.fieldadmin@nust.edu.pk Deputy Director Hostels +92-51-90851508 Chief Security Officer +92-51-90851525 NUST International Office (NIO) Deputy Director NIO +92-51-90851445 International Student and Staff Support amic.qa@nust.edu.pk International Partnerships ic@nust.edu.pk Constituent Institutions Military College of Engineering (MCE), Risalpur Dean +92-923-631315 SO NUST Affairs +92-923-631667 E-mail mce@nust.edu.pk Military College of Signals (MCS), Rawalpindi Dean +92-51-5564048 SO NUST Affairs +92-51-9272097 E-mail mcs@nust.edu.pk College of Electrical & Mechanical Engineering (C of E&ME), Rawalpindi Dean +92-51-54444050 SO NUST Affairs +92-51-54444010 E-mail ceme@nust.edu.pk Pakistan Navy Engineering College (PNEC), Karachi Dean +92-21-48503001 SO NUST Affairs +92-21-48503043 Email pnec@nust.deu.pk College of Aeronautical Engineering (CAE), Risalpur 6 NUST Undergraduate Student Handbook",administration directorate director administration email dadmnustedupk deputy director adm coord chief security officer deputy director transport field administration directorate director field administration email dirfieldadminnustedupk deputy director hostel chief security officer nust international office nio deputy director nio international student staff support amicqanustedupk international partnership icnustedupk constituent institution military college engineering mce risalpur dean nust affair email mcenustedupk military college signal mc rawalpindi dean nust affair email mcsnustedupk college electrical mechanical engineering c eme rawalpindi dean nust affair email cemenustedupk pakistan navy engineering college pnec karachi dean nust affair email pnecnustdeupk college aeronautical engineering cae risalpur nust undergraduate student handbook
ug_p11_13,ug,11,"Dean +92-923-631499 SO NUST Affairs +92-923-631498 E-mail cae@nust.edu.pk School of Civil & Environmental Engineering (SCEE), Islamabad Principal / Dean +92-51-90854001 E-mail scee@nust.edu.pk - NUST Institute of Civil Engineering (NICE) Associate Dean +92-51-90854501 Email nice@nust.edu.pk - Institute of Environmental Sciences & Engineering (IESE) Associate Dean +92-51-90854201 E-mail iese@nust.edu.pk - Institute of Geographical Information Systems (IGIS) Associate Dean +92-51-90854401 E-mail igis@nust.edu.pk School of Electrical Engineering & Computer Science (SEECS), Islamabad Principal / Dean +92-51-90852001 E-mail seecs@nust.edu.pk School of Chemical & Materials Engineering (SCME), Islamabad Principal / Dean +92-51-90855001 E-mail scme@nust.edu.pk School of Mechanical & Manufacturing Engineering (SMME), Islamabad Principal +92-51-90856001 E-mail smme@nust.edu.pk Atta-Ur-Rahman School of Applied Biosciences (ASAB), Islamabad Principal / Dean +92-51-90856101 E-mail asab@nust.edu.pk NUST Business School (NBS), Islamabad Principal / Dean +92-51-90853001 E-mail nbs@nust.edu.pk School of Social Sciences & Humanities (S3H), Islamabad Principal / Dean +92-51-90853501 E-mail s3h@nust.edu.pk NUST Undergraduate Student Handbook 7",dean nust affair email caenustedupk school civil environmental engineering scee islamabad principal dean email sceenustedupk nust institute civil engineering nice associate dean email nicenustedupk institute environmental science engineering iese associate dean email iesenustedupk institute geographical information system igis associate dean email igisnustedupk school electrical engineering computer science seecs islamabad principal dean email seecsnustedupk school chemical material engineering scme islamabad principal dean email scmenustedupk school mechanical manufacturing engineering smme islamabad principal email smmenustedupk attaurrahman school applied bioscience asab islamabad principal dean email asabnustedupk nust business school nb islamabad principal dean email nbsnustedupk school social science humanity islamabad principal dean email nust undergraduate student handbook
ug_p12_14,ug,12,"School of Natural Sciences (SNS), Islamabad Principal / Dean +92-51-90855551 E-mail sns@nust.edu.pk School of Art, Design & Architecture (SADA), Islamabad Principal +92-51-90855401 E-mail sada@nust.edu.pk NUST Institute of Peace & Conflict Studies (NIPCONS), Rawalpindi Principal +92-51-90856701 E-mail nipcons@nust.edu.pk US Pak Centre for Advanced Studies in Energy (USPCAS-E), Islamabad Principal / Dean +92-51-90855101 E-mail ces@nust.edu.pk NUST Balochistan Campus (NBC), Quetta Campus Director / Dean +92 -51-90856900 Deputy Director Adm & Coord (NBC) +92 -51-90856904 E-mail nbc@nust.edu.pk National Institute of Transportation (NIT), Risalpur Principal +92-923-568590 SO NUST Affairs +92- 923-631688 E-mail: nit@nust.edu.pk School of Inter-Disciplinary Engineering and Sciences (SINES), Islamabad Principal / Dean +92-51-90855701 E-mail principal@sines.nust.edu.pk NUST School of Health Sciences (NSHS), Islamabad Principal +92-51-90852601 E-mail principal@nshs.nust.edu.pk 8 NUST Undergraduate Student Handbook",school natural science sn islamabad principal dean email snsnustedupk school art design architecture sada islamabad principal email sadanustedupk nust institute peace conflict study nipcons rawalpindi principal email nipconsnustedupk u pak centre advanced study energy uspcase islamabad principal dean email cesnustedupk nust balochistan campus nbc quetta campus director dean deputy director adm coord nbc email nbcnustedupk national institute transportation nit risalpur principal nust affair email nitnustedupk school interdisciplinary engineering science sine islamabad principal dean email principalsinesnustedupk nust school health science nshs islamabad principal email principalnshsnustedupk nust undergraduate student handbook
ug_p13_15,ug,13,"9. Mailing Address & Social Media Accounts: Mailing Address: National University of Sciences and Technology (NUST) H-12, Islamabad, Pakistan Web Address: http://www.nust.edu.pk Social Media Accounts https://www.facebook.com/nustofficial https://twitter.com/DefiningFutures http://www.linkedin.com/company/551751/ www.youtube.com/NUSTOfficial https://www.instagram.com/nustgram/?hl=en NUST Undergraduate Student Handbook 9",mailing address social medium account mailing address national university science technology nust islamabad pakistan web address httpwwwnustedupk social medium account httpswwwfacebookcomnustofficial httpstwittercomdefiningfutures wwwyoutubecomnustofficial httpswwwinstagramcomnustgramhlen nust undergraduate student handbook
ug_p14_16,ug,14,"Chapter 2: Scheme of Studies, Examinations, and Academic Standards for the Award of Degrees 1. Credit Hours. The minimum number of credit hours, as approved by NUST Academic Council for each programme, and duration for completing the Bachelors’ Programmes are given below: Ser Programme Title CHs a. Bachelor of Electrical Engineering 131-135 b. Bachelor of Mechanical Engineering 137 c. Bachelor of Computer Engineering 136 d. Bachelor of Mechatronics Engineering 139 e. Bachelor of Software Engineering 134+X f. Bachelor of Avionics Engineering 135 g. Bachelor of Aerospace Engineering 136 h. Bachelor of Science in Maritime Sciences 130 i. Bachelor of Civil Engineering 136 j. Bachelor of Environmental Engineering 132 k. Bachelor of Geoinformatics Engineering 132 l. Bachelor of Science in Computer Science 133 m. Bachelor of Chemical Engineering 139 n. Bachelor of Metallurgy & Materials Engineering 139 o. Bachelor of Science in Mathematics 135 p. Bachelor of Science in Physics 134 q. Bachelor of Science in Chemistry 131 r. Bachelor of Business Administration 136 s. Bachelor of Science in Accounting & Finance 138 t. Bachelor of Science in Mass Communication 132 u. Bachelor of Public Administration 135 v. Bachelor of Science in Economics 135 w. Bachelor of Science in Psychology 129",chapter scheme study examination academic standard award degree credit hour minimum number credit hour approved nust academic council programme duration completing bachelor programme given ser programme title chs bachelor electrical engineering b bachelor mechanical engineering c bachelor computer engineering bachelor mechatronics engineering e bachelor software engineering f bachelor avionics engineering g bachelor aerospace engineering h bachelor science maritime science bachelor civil engineering j bachelor environmental engineering k bachelor geoinformatics engineering l bachelor science computer science bachelor chemical engineering n bachelor metallurgy material engineering bachelor science mathematics p bachelor science physic q bachelor science chemistry r bachelor business administration bachelor science accounting finance bachelor science mass communication u bachelor public administration v bachelor science economics w bachelor science psychology
ug_p14_17,ug,14,x. Bachelor of Science in Biotechnology 133 y. Bachelor of Military Arts and Science 132 z. Bachelor of Architecture 182 aa. Bachelor of Industrial Design 140 bb. Bachelor of Engineering in Naval Architecture 136 cc. Bachelor of Laws 171 dd. Bachelor of Engineering in Information Security 132+X ee. Bachelor of Tourism and Hospitality Management 135 ff. Bachelor of Science in Food Science and Technology 142 gg. Bachelor of Science in Bioinformatics 130 hh. Bachelor of Science in Data Science 133 ii. Bachelor of Science in Agriculture 137 jj. Bachelor of Science in Environmental Science 134 10 NUST Undergraduate Student Handbook,x bachelor science biotechnology bachelor military art science z bachelor architecture aa bachelor industrial design bb bachelor engineering naval architecture cc bachelor law dd bachelor engineering information security ee bachelor tourism hospitality management ff bachelor science food science technology gg bachelor science bioinformatics hh bachelor science data science ii bachelor science agriculture jj bachelor science environmental science nust undergraduate student handbook
ug_p15_18,ug,15,"Ser Programme Title CHs kk. Bachelor of Science in Artificial Intelligence 133 ll. Bachelor of Medicine, Bachelor of Surgery, MBBS Annual System mm. Bachelor of Science in Human Nutrition and Dietetics 136 2. Duration. The minimum and maximum duration of all above-mentioned programmes except Bachelor of Architecture is 4 and 7 years respectively. However, Bachelor of Laws and Architecture’s minimum and maximum duration is 5 and 8 years respectively. 3. Internship. Internship (Voluntary / Mandatory) with reputed public/private sector organizations has been introduced in the undergraduate degree programmes. Voluntary internship for the duration of 4-8 weeks may be undertaken by 1st / 2nd year students in NGOs, Trusts and Public Sector organizations in Summer Semester. However, Mandatory internship (graded course of 3 credit hours) for minimum duration of 6 weeks must be performed by 2nd / 3rd / 4th year undergraduate students once during the degree programme. Mandatory internship will be conducted in the industry / public or private sector organization relevant to the individual’s degree programme. Mandatory internship will be reflected on the transcript as Qualified / Not Qualified being the essential component for the award of degree. 4. Community Service Course. Each student is required to undergo a",ser programme title chs kk bachelor science artificial intelligence bachelor medicine bachelor surgery mbbs annual system mm bachelor science human nutrition dietetics duration minimum maximum duration abovementioned programme except bachelor architecture year respectively however bachelor law architecture minimum maximum duration year respectively internship internship voluntary mandatory reputed publicprivate sector organization introduced undergraduate degree programme voluntary internship duration week may undertaken year student ngo trust public sector organization summer semester however mandatory internship graded course credit hour minimum duration week must performed year undergraduate student degree programme mandatory internship conducted industry public private sector organization relevant individual degree programme mandatory internship reflected transcript qualified qualified essential component award degree community service course student required undergo
ug_p15_19,ug,15,"2-Credit Hour (CHs) Community Service course as part of the standard curriculum. The students who do not complete the course are usually at a disadvantage during job placements and practical life. 5. Examinations & Other Semester Requirements. The following may be scheduled during a semester of studies for grading: a. Minor Test (Quiz). Several unannounced/announced quiz tests are conducted frequently in each course at irregular intervals, (normally 2-3 per credit hour) throughout the semester. b. Major Tests (1) Mid Semester Examination/One Hour Test (OHT). Mid Semester Exam is a 2–3 hour test conducted at mid-semester or a number of OHTs (one-hour duration), conducted (normally one per credit hour) in each course at regular intervals with due notice of at least two days. (2) End Semester Examination (ESE). The last comprehensive examination of approximately three hours duration is given in each course on its completion. c. Class Assignment. A task, relevant to a course of study, is assigned by concerned faculty to substantiate the course contents. The assignment may or may not be graded. d. Practical/Lab Test. These tests include all such examinations/evaluations to ascertain the level of competency of the practical application of knowledge acquired. e. Project. Project is a",hour chs community service course part standard curriculum student complete course usually disadvantage job placement practical life examination semester requirement following may scheduled semester study grading minor test quiz several unannouncedannounced quiz test conducted frequently course irregular interval normally per credit hour throughout semester b major test mid semester examinationone hour test oht mid semester exam hour test conducted midsemester number ohts onehour duration conducted normally one per credit hour course regular interval due notice least two day end semester examination ese last comprehensive examination approximately three hour duration given course completion c class assignment task relevant course study assigned concerned faculty substantiate course content assignment may may graded practicallab test test include examinationsevaluations ascertain level competency practical application knowledge acquired e project project
ug_p15_20,ug,15,research work aimed at testing the ability of a student to translate the theoretical knowledge acquired during a course of study into practical use. Projects are usually assigned as part of coursework to NUST Undergraduate Student Handbook 11,research work aimed testing ability student translate theoretical knowledge acquired course study practical use project usually assigned part coursework nust undergraduate student handbook
ug_p16_21,ug,16,"individuals or groups of students and each student is required to present the project work. f. Attendance. 75% attendance is a must for a student to be allowed to appear in the End Semester Examination of a subject. Students shall be awarded XF grade if their respective attendance falls below 75%. No deviation from this rule is allowed under any circumstances. g. Students are required to make oral presentations during the semesters as part of courses specially configured to develop their soft skills. 6. All End Semester Examinations are managed by the constituent institutions on dates and according to the schedule prepared by them. 7. Question Paper. All question papers are set by respective faculty and duly scrutinized, approved, and conducted in accordance with the University policy. As per the spirit of the semester system, there shall be no choice in attempting the questions. It shall also be ensured that the Question Papers are balanced with respect to the examination policy and have been prepared to cover the essentials of the whole syllabus completed by the faculty. 8. Use of Reference Material during Test/Examination. Before the quiz, OHT, and mid/end-semester examinations, the concerned faculty/invigilator may announce such books, notes, or",individual group student student required present project work f attendance attendance must student allowed appear end semester examination subject student shall awarded xf grade respective attendance fall deviation rule allowed circumstance g student required make oral presentation semester part course specially configured develop soft skill end semester examination managed constituent institution date according schedule prepared question paper question paper set respective faculty duly scrutinized approved conducted accordance university policy per spirit semester system shall choice attempting question shall also ensured question paper balanced respect examination policy prepared cover essential whole syllabus completed faculty use reference material testexamination quiz oht midendsemester examination concerned facultyinvigilator may announce book note
ug_p16_22,ug,16,"other material which can be referred to by the student during the test/examination. Students should not be in possession of any other book, notes, papers or material, etc. 9. Examination Schedule. The Deputy Controller of Examinations of the respective institution publishes the examination schedule at least two weeks prior to the commencement of the End Semester Examination. 10. Academic Calendar. Director Academics prepares the academic calendar of the University based on the details provided by each institution and other directorates of Main Office NUST at least two months before the commencement of the academic year, i.e., Fall Semester. 11. Conduct of End Semester Examination. S. HoD/Dean approves the detailing of officers/faculty as superintendent/deputy superintendent for the conduct of End Semester Examination. These officers/faculty shall ensure the following: a. Students are seated in the examination room according to the seating plan prepared by the Examination Branch. b. All answer books used in the examination are initialed by the invigilator. No other answer books are to be used. c. Answer books are issued to the invigilators five minutes before the commencement of the examination and retrieved at the end of the examination. d. The absentee report, if any, is prepared and forwarded",material referred student testexamination student possession book note paper material etc examination schedule deputy controller examination respective institution publishes examination schedule least two week prior commencement end semester examination academic calendar director academic prepares academic calendar university based detail provided institution directorate main office nust least two month commencement academic year ie fall semester conduct end semester examination hoddean approves detailing officersfaculty superintendentdeputy superintendent conduct end semester examination officersfaculty shall ensure following student seated examination room according seating plan prepared examination branch b answer book used examination initialed invigilator answer book used c answer book issued invigilator five minute commencement examination retrieved end examination absentee report prepared forwarded
ug_p16_23,ug,16,to the Examination Branch at the end of each examination. 12 NUST Undergraduate Student Handbook,examination branch end examination nust undergraduate student handbook
ug_p17_24,ug,17,"12. Invigilation Duties. Invigilators are detailed by the Deputy Controller of Examinations of the institution after the approval of the Dean. They report to the superintendent/deputy superintendent thirty minutes before the commencement of examination and shall ensure the following: a. Students are seated according to their seating plan. b. Students are warned against the use of unfair means and have been advised to surrender notes, papers, cell phones, iPads, etc., or other unauthorized material before the commencement of the examination. c. No student is allowed to join the examination thirty minutes after its commencement. d. No student is allowed to leave the examination room within one hour of commencement of the examination. The visits to washrooms shall be carefully controlled. e. The question papers and answer books of a student detected using unfair means or assisting another candidate, are taken away and the matter is reported to the superintendent/deputy superintendent of examination. The superintendent records all available evidence to be used as written proof later on. f. The students write their examination code number on the front cover of each additional answer book used. If more than one answer book is used, they are stapled together. All unused answer books",invigilation duty invigilator detailed deputy controller examination institution approval dean report superintendentdeputy superintendent thirty minute commencement examination shall ensure following student seated according seating plan b student warned use unfair mean advised surrender note paper cell phone ipads etc unauthorized material commencement examination c student allowed join examination thirty minute commencement student allowed leave examination room within one hour commencement examination visit washroom shall carefully controlled e question paper answer book student detected using unfair mean assisting another candidate taken away matter reported superintendentdeputy superintendent examination superintendent record available evidence used written proof later f student write examination code number front cover additional answer book used one answer book used stapled together unused answer book
ug_p17_25,ug,17,"are handed over to the superintendent/deputy superintendent after the examination. 13. Invigilators’ Responsibility. The invigilator distributes the question papers to the students according to the schedule published by the Examination Branch of the respective institution. The invigilator collects answer books from the students and hands them over to the superintendent/deputy superintendent after the examination. The subject faculty shall remain available near the examination of their subject to clarify queries if any. 14. Students’ Responsibility. Students shall report half an hour before the time fixed for the examination on the first day and ten minutes on subsequent days. No books, notes, or documents are to be taken in the examination room except those authorized by the examiner. 15. Unfair Means. Any student found using unfair means or assisting another student during a test/examination shall be liable to disciplinary action. A student found guilty of such an act by the institution Discipline Committee, will be dealt with in the light of policy in vogue. Use of unfair means generally covers the following: a. An attempt to have access to the question paper before the test/ examination. b. Use/possession of unauthorized reference material during test/examination. c. Any form of communication by the student",handed superintendentdeputy superintendent examination invigilator responsibility invigilator distributes question paper student according schedule published examination branch respective institution invigilator collect answer book student hand superintendentdeputy superintendent examination subject faculty shall remain available near examination subject clarify query student responsibility student shall report half hour time fixed examination first day ten minute subsequent day book note document taken examination room except authorized examiner unfair mean student found using unfair mean assisting another student testexamination shall liable disciplinary action student found guilty act institution discipline committee dealt light policy vogue use unfair mean generally cover following attempt access question paper test examination b usepossession unauthorized reference material testexamination c form communication student
ug_p17_26,ug,17,with anyone in or outside the examination room while the test/examination is in progress. NUST Undergraduate Student Handbook 13,anyone outside examination room testexamination progress nust undergraduate student handbook
ug_p18_27,ug,18,"d. Unauthorized entry into faculty's office or that of his/her staff with the intention of having access to or tampering with the official record/ Examination papers etc. e. Possession of cell phones, smart phones, smart watches, or any other smart gadget/electronic device that may assist in the examination. 16. The basis for determining a student's grade in a course of studies is left at the well- considered discretion of the individual faculty/Departmental Board of Studies (DBS). Since some courses are purely theoretical, some are purely practical and some have a theoretical as well as a practical portion, the grading scheme in the format given below may be followed by each department for the purpose of uniformity: Grading Scheme per Semester Engineering / IT / Sciences Nature of Examination Duration Frequency Weighting (%age) End semester examination 2- 3 hours 1 40-50 One Hour Test(s)* One hour • 1 CH Course – 30-40 minimum 1 OHT • 2-4 CHs Courses – minimum 2 OHTs Mid Semester Exam 90-120 1 25-35 mins Quizzes - • 1 CH Course – 10-15 minimum 2 • 2 CHs and above Courses – minimum 3 Assignments Own - 5-10 time@ Project(s) Own - 10-20 time@ Lab Work",unauthorized entry faculty office hisher staff intention access tampering official record examination paper etc e possession cell phone smart phone smart watch smart gadgetelectronic device may assist examination basis determining student grade course study left well considered discretion individual facultydepartmental board study db since course purely theoretical purely practical theoretical well practical portion grading scheme format given may followed department purpose uniformity grading scheme per semester engineering science nature examination duration frequency weighting age end semester examination hour one hour test one hour ch course minimum oht chs course minimum ohts mid semester exam min quiz ch course minimum chs course minimum assignment time project time lab work
ug_p18_28,ug,18,"Lab Work/ Psychomotor 3 contact 1 per week for each lab 50-70 Assessment/ Lab Reports hours CH Lab Project/ Open-ended Lab - 1-2 10-20 Project/ Assignment/Quiz Final Assessment/Mid Semester - 1 20-30 Assessment (Written, viva, hands-on experimentation, group task) Mid Semester Examination will be held in lieu of OHTs during Summer Semester. @ Duration of own time is decided by the class teacher. 14 NUST Undergraduate Student Handbook",lab work psychomotor contact per week lab assessment lab report hour ch lab project openended lab project assignmentquiz final assessmentmid semester assessment written viva handson experimentation group task mid semester examination held lieu ohts summer semester duration time decided class teacher nust undergraduate student handbook
ug_p19_29,ug,19,"17. For purely theoretical and purely practical courses, the grading scheme is evident in the suggested format. However, for subjects having two categories (theory and practical) combined, the final grade is computed by multiplying the number of credits assigned to each category with the percentage marks obtained in that category and dividing the sum of the two by the total credits in that subject. For example: Example % age Marks Earned Subject Theory Credit Practical Credit Theory Practical Physics 3 1 70 90 Overall grade = (70 X 3+90 X 1)/ (3+1) =75 % 18. The overall subject percentage thus obtained shall be rounded off by the individual faculty up to two decimal points. 19. The performance of each student in a course of studies is graded as follows: Letter Grade Grade Points A 4.00 B+ 3.50 B 3.00 C+ 2.5 C 2.00 D+ (for UG only) 1.50 D (for UG only) 1.00 F 0.00 I Incomplete W Dropped Q Qualified T Transfer XF 0.00 (F Grade due to shortage of attendance) Note: Q Grade i.e., Qualified applies to the specified course(s) as per NUST Policy. 20. Relative Grading System. The University follows a relative grading system on a scale",purely theoretical purely practical course grading scheme evident suggested format however subject two category theory practical combined final grade computed multiplying number credit assigned category percentage mark obtained category dividing sum two total credit subject example example age mark earned subject theory credit practical credit theory practical physic overall grade x x overall subject percentage thus obtained shall rounded individual faculty two decimal point performance student course study graded follows letter grade grade point b b c c ug ug f incomplete w dropped q qualified transfer xf f grade due shortage attendance note q grade ie qualified applies specified course per nust policy relative grading system university follows relative grading system scale
ug_p19_30,ug,19,"of 1.00 to 4.00 points. 21. To earn course credits, a student must obtain a minimum of 1.0-grade points for the undergraduate programme in each course. 22. To successfully complete the degree requirement, a student must obtain a minimum CGPA of 2.00 (2.50 for BBA, BS Economics, BS Public Administration, BS Mass Communication, BS Accounting & Finance, and BS Psychology). 23. Credit and Contact Hour Correlation. NUST Undergraduate Student Handbook 15",point earn course credit student must obtain minimum point undergraduate programme course successfully complete degree requirement student must obtain minimum cgpa bba b economics b public administration b mass communication b accounting finance b psychology credit contact hour correlation nust undergraduate student handbook
ug_p20_31,ug,20,"a. Credit Hour (CH) means a lecture of one-hour duration (including ten minutes break) per week per semester for a subject countable towards a student's Cumulative Grade Point Average (CGPA). However, in the case of the studio, one credit hour requires two CHs. b. Contact Hour means one hour including ten minutes break spent on academic and research-related activities including instructional work/tutorials, studio work, research work, projects, seminars, workshops, internships, etc., during the course of studies at the University. Generally speaking, one CH of course work is equal to one contact hour whereas one CH of studio work is equal to two contact hours, and one CH of lab work/workshop/seminar/research work/project is equal to three contact hours. 24. Class size & Composition. In all NUST programmes the class size usually does not exceed 50. To have healthy academic competition among the students, the composition of the class is based on the performance in NET/Semester results. In the first semester, the sections are formed based on admission merit; however, after one year of study, the composition is readjusted as per the latest semester result. In case a student requests for a change of section, the request be evaluated as per justification",credit hour ch mean lecture onehour duration including ten minute break per week per semester subject countable towards student cumulative grade point average cgpa however case studio one credit hour requires two chs b contact hour mean one hour including ten minute break spent academic researchrelated activity including instructional worktutorials studio work research work project seminar workshop internship etc course study university generally speaking one ch course work equal one contact hour whereas one ch studio work equal two contact hour one ch lab workworkshopseminarresearch workproject equal three contact hour class size composition nust programme class size usually exceed healthy academic competition among student composition class based performance netsemester result first semester section formed based admission merit however one year study composition readjusted per latest semester result case student request change section request evaluated per justification
ug_p20_32,ug,20,"and shall be decided by the head of the institution. 25. Award of F, I, & W Grades a. Award of Grade F. In addition to the F grade awarded based on academic failure, a student shall not be allowed to appear in the final examination of a subject in which his/her attendance is less than 75%, and s/he shall be awarded XF grade in that subject. The XF grade so obtained shall only be cleared by repetition of the course whenever offered. b. Award of Grade I. A student, who, because of illness or other acceptable reasons approved by the DBS/FBS, fails to complete the required work in any course or misses any examination/test defined as under, provided his/her overall attendance is not less than 75%, is given I as a grade. If a student fails to make up the coursework, he will be awarded an F grade. However, in highly extraordinary cases further, an extension may be approved by Registrar Dte, Main office on the recommendation of the FBS. (1) Mid Semester Examination/OHT. Whenever a student misses the Mid Semester Examination/OHT due to reasons acceptable to the DBS, a make-up test should be arranged within the period to",shall decided head institution award f w grade award grade f addition f grade awarded based academic failure student shall allowed appear final examination subject hisher attendance less shall awarded xf grade subject xf grade obtained shall cleared repetition course whenever offered b award grade student illness acceptable reason approved dbsfbs fails complete required work course miss examinationtest defined provided hisher overall attendance less given grade student fails make coursework awarded f grade however highly extraordinary case extension may approved registrar dte main office recommendation fbs mid semester examinationoht whenever student miss mid semester examinationoht due reason acceptable db makeup test arranged within period
ug_p20_33,ug,20,"be decided by the DBS but not later than four weeks from the original date of missed Mid Semester Exam/OHT. (2) End Semester Examination. Whenever a student misses the End Semester Examination due to reasons acceptable to the FBS, the make-up examination should be arranged within the first six weeks after the beginning of the subsequent semester. In highly exceptional cases, approval for any further extension beyond six weeks period is to be obtained from Registrar Dte, Main office on the recommendation of FBS. c. Award of Grade W. Grade W will be awarded on dropping of a course. 16 NUST Undergraduate Student Handbook",decided db later four week original date missed mid semester examoht end semester examination whenever student miss end semester examination due reason acceptable fbs makeup examination arranged within first six week beginning subsequent semester highly exceptional case approval extension beyond six week period obtained registrar dte main office recommendation fbs c award grade w grade w awarded dropping course nust undergraduate student handbook
ug_p21_34,ug,21,"26. Adding / Dropping of Course(s) a. Adding / Dropping of course(s) shall be allowed within the first two weeks of start of a regular semester and 1st week of a summer semester. It shall be ensured that minimum number of credit hours is not less than 12 for Bachelors, 6 for Masters and 3 for PhD programs and maximum number of credit hours does not exceed 21 for Bachelors and 12 for Masters / PhD programs b. A student taking less than a regular semester load will not be considered for any academic honour/award, except Rector’s Gold Medal. c. A student shall be allowed to drop a registered course latest by the 8th week of a regular semester and 5th week of a summer semester with the recommendation of the HoD and approval of the Dean / Associate Dean. Letter grade W shall appear in the transcript against the specific course and shall not be considered for computation of GPA. d. Students with W on the transcript will not be considered for academic honour/award, except Rector’s Gold Medal. e. A student will be allowed to have a maximum of two Ws in a semester. S/he will not be allowed",adding dropping course adding dropping course shall allowed within first two week start regular semester week summer semester shall ensured minimum number credit hour less bachelor master phd program maximum number credit hour exceed bachelor master phd program b student taking less regular semester load considered academic honouraward except rector gold medal c student shall allowed drop registered course latest week regular semester week summer semester recommendation hod approval dean associate dean letter grade w shall appear transcript specific course shall considered computation gpa student w transcript considered academic honouraward except rector gold medal e student allowed maximum two w semester allowed
ug_p21_35,ug,21,"to accumulate more than four Ws at any one particular time during the course of studies. f. Offering and Registration of Courses. Each institution will finalize additional courses to be offered in a particular semester well before its start but not later than the last week of the previous semester, keeping in view the resources available. 27. Final Grade. The grades earned by a student in home assignments, quiz, laboratory work, mid-semester/OHT, End Semester Examination, etc., are formalized into final result by the concerned faculty. It must be ensured by the faculty that all examination answer sheets including End Semester Examination are shown to the respective students prior to finalization of the results. The faculty prepares the final results of the students on the Qalam and submits the same to the DBS. The grade sheets of each course duly approved by the DBS are sent to the Deputy Controller of Examination on Qalam. 28. Computation and Approval of Results. After the results are received from each Department, the Examination Branch of the institution shall compile the final results of each class. The final results shall show the grades obtained in each course of the semester, the Semester GPA, and the",accumulate four w one particular time course study f offering registration course institution finalize additional course offered particular semester well start later last week previous semester keeping view resource available final grade grade earned student home assignment quiz laboratory work midsemesteroht end semester examination etc formalized final result concerned faculty must ensured faculty examination answer sheet including end semester examination shown respective student prior finalization result faculty prepares final result student qalam submits db grade sheet course duly approved db sent deputy controller examination qalam computation approval result result received department examination branch institution shall compile final result class final result shall show grade obtained course semester semester gpa
ug_p21_36,ug,21,"CGPA of each student. The result sheets shall also indicate the tentative disposal (probation, warning, suspension, withdrawal) of students failing to achieve the required standard. The institution shall hold the FBS meeting within two weeks of the conclusion of the End Semester Examination and approve the result. The result shall be formally announced by the Examination Branch of the concerned institute after it is approved by the FBS. Result approved by FBS meeting shall be considered as Provisional Result and shall not be admissible in any court of law. Similarly, the provisional result prepared by the institutes in violation of NUST Regulations/Policies shall be considered null and void and shall not be admissible in any court of law. NUST Undergraduate Student Handbook 17",cgpa student result sheet shall also indicate tentative disposal probation warning suspension withdrawal student failing achieve required standard institution shall hold fbs meeting within two week conclusion end semester examination approve result result shall formally announced examination branch concerned institute approved fbs result approved fbs meeting shall considered provisional result shall admissible court law similarly provisional result prepared institute violation nust regulationspolicies shall considered null void shall admissible court law nust undergraduate student handbook
ug_p22_37,ug,22,"29. Record of Results. The final result shall be recorded on the provisional semester transcript of each student. The Examination Branch of the respective institution shall prepare four copies of individual student semester transcript. The original copy shall be sent to the sponsoring authority (where applicable) second and third copy to the students and their parents/guardians. The fourth copy shall be retained in the student's permanent file at the institution. The complete semester result of each course shall be sent to Examinations Branch, Main Office NUST for scrutiny and formal notification. Result notified by Examinations Branch, Main Office, shall be considered as Approved Final Result. 30. Reassessment/Rechecking of Papers. Reassessment means a re-evaluation of answer(s) already checked/evaluated by the examiners. Answer books of a student in any examination shall not be reassessed under any circumstances. Rechecking will be carried out as per the instructions mentioned in Annex A. 31. Issue of Academic Transcript/Detailed Mark Sheet. A student desirous of obtaining Academic Transcript/Detailed Mark Sheet may apply to Controller of Examinations, University Main Office through his/her respective institution along with the prescribed fee, as per the policy issued on the subject. 18 NUST Undergraduate Student Handbook",record result final result shall recorded provisional semester transcript student examination branch respective institution shall prepare four copy individual student semester transcript original copy shall sent sponsoring authority applicable second third copy student parentsguardians fourth copy shall retained student permanent file institution complete semester result course shall sent examination branch main office nust scrutiny formal notification result notified examination branch main office shall considered approved final result reassessmentrechecking paper reassessment mean reevaluation answer already checkedevaluated examiner answer book student examination shall reassessed circumstance rechecking carried per instruction mentioned annex issue academic transcriptdetailed mark sheet student desirous obtaining academic transcriptdetailed mark sheet may apply controller examination university main office hisher respective institution along prescribed fee per policy issued subject nust undergraduate student handbook
ug_p23_38,ug,23,"Chapter 3: Award of Bachelor Degree and Academic Deficiencies (Applicable to all programmes except those specified separately) 1. Award of Bachelor Degree. a. On the recommendation of the FBS of the constituent institution, the University awards an undergraduate degree to the student who satisfies the following conditions: (1) has completed prescribed credit hours, as per approval of, NUST Academic Council for each programme for Bachelor’s degree. (2) has achieved a minimum CGPA of 2.00 with a minimum of C grade in final year (Design) project work for BE/BS programme, where applicable. 2. Academic Deficiencies. A student who obtains one or more of the following grades in the semester result shall be considered academically deficient: a. An F/XF grade in any course b. Semester GPA less than 2.00 c. CGPA less than 2.00 d. I (Incomplete) grade in any course e. Less than C grade in final year (Design) project work for BE/BS programme, where applicable 3. Disposal of Academically Deficient Students. a. The cases of academically deficient students shall be processed initially by the DBS and subsequently by the FBS of the respective institution in the following manner: (1) The DBS shall review the end semester results of deficient students",chapter award bachelor degree academic deficiency applicable programme except specified separately award bachelor degree recommendation fbs constituent institution university award undergraduate degree student satisfies following condition completed prescribed credit hour per approval nust academic council programme bachelor degree achieved minimum cgpa minimum c grade final year design project work bebs programme applicable academic deficiency student obtains one following grade semester result shall considered academically deficient fxf grade course b semester gpa less c cgpa less incomplete grade course e less c grade final year design project work bebs programme applicable disposal academically deficient student case academically deficient student shall processed initially db subsequently fbs respective institution following manner db shall review end semester result deficient student
ug_p23_39,ug,23,"and recommend any one of the following actions to the FBS: (a) Warning (b) Probation (c) Suspension (d) Withdrawal (e) Repetition of the semester(s) if the student's CGPA consistently remains below 2.00 (2) The FBS of the institution upon receipt of the recommendations from the concerned DBS, shall be convened as soon as possible but not later than the first two weeks of the next semester; and, (3) The FBS shall consider each case individually and take one of the following actions as per the latest policies of the University: NUST Undergraduate Student Handbook 19",recommend one following action fbs warning b probation c suspension withdrawal e repetition semester student cgpa consistently remains fbs institution upon receipt recommendation concerned db shall convened soon possible later first two week next semester fbs shall consider case individually take one following action per latest policy university nust undergraduate student handbook
ug_p24_40,ug,24,"(a) Issue warning to the student (b) Place the student on probation (c) Recommend suspension (d) Recommend withdrawal from the University (e) Recommend repetition of the semester(s) if the student's CGPA consistently remains below 2.00 b. The warning and probation orders will be issued by the Deputy Controller of Examination of the respective institution. One copy of the order shall be placed in the student's file for record and one copy each shall be sent to the parent/guardian and student's tutor. 4. Warning. a. Definition. “Warning” means a written cautionary statement issued to a student who qualifies to continue his/her despite minor deficiencies in some courses to make him/her conscious of the weakness and advise him/her to work hard during the semester under progress. b. Policy. A student should be placed on warning under the following condition as per the latest policies of the University: (1) The semester GPA of the student is less than 2.00 or s/he earns F/XF grade(s) in a course(s) but does not qualify for probation/withdrawal. c. Compulsions. While on warning, a student is to: (1) contact concerned faculty for guidance; (2) keep a complete record of the semester work comprising home assignments, laboratory reports, quizzes,",issue warning student b place student probation c recommend suspension recommend withdrawal university e recommend repetition semester student cgpa consistently remains b warning probation order issued deputy controller examination respective institution one copy order shall placed student file record one copy shall sent parentguardian student tutor warning definition warning mean written cautionary statement issued student qualifies continue hisher despite minor deficiency course make himher conscious weakness advise himher work hard semester progress b policy student placed warning following condition per latest policy university semester gpa student less earns fxf grade course qualify probationwithdrawal c compulsion warning student contact concerned faculty guidance keep complete record semester work comprising home assignment laboratory report quiz
ug_p24_41,ug,24,"mid-semester/OHTs, and the marks obtained. 5. Probation. a. Definition. A student is said to be on probation if s/he is deficient in academic/discipline standards but is allowed to continue studies. b. Policy. A student should be placed on academic probation under the following conditions: (1) His/her CGPA is less than 2.00, and s/he does not qualify for withdrawal. This clause will not be applicable to the first semester. (2) On disciplinary grounds when recommended by the respective discipline committee of the institution and the discipline committee of NUST. 20 NUST Undergraduate Student Handbook",midsemesterohts mark obtained probation definition student said probation deficient academicdiscipline standard allowed continue study b policy student placed academic probation following condition hisher cgpa less qualify withdrawal clause applicable first semester disciplinary ground recommended respective discipline committee institution discipline committee nust nust undergraduate student handbook
ug_p25_42,ug,25,"c. Compulsions. While on probation, a student shall: (1) contact concerned faculty for guidance; and, (2) keep a complete record of the semester work comprising home assignments, laboratory reports, quizzes, mid-semester/OHTs, and the marks obtained. 6. Suspension. a. Definition. “Suspension” means that a student is not allowed to continue regular academic activities for a specified time. b. Policy. A student may be recommended for suspension by the FBS for approval by Main Office, NUST subject to any of the conditions listed below: (1) On disciplinary grounds when recommended by the Discipline Committee of the respective institution and the Discipline Committee of the University. (2) If the overall attendance of the student is below 75% in a semester on medical grounds or reasons beyond his/her control. (3) If the student remains absent for more than thirty but less than forty- five consecutive days without a valid reason. (4) Suspension on reasons beyond the student's control or authorized grounds/sanctioned leave from the competent authority. Note: UG programme duration is 8 regular semesters (4 years), excluding the summer semester which is only meant for deficiency/ failure/repetition of courses. c. Suspension of Registration (1) If a student remains absent for 45 or more consecutive",c compulsion probation student shall contact concerned faculty guidance keep complete record semester work comprising home assignment laboratory report quiz midsemesterohts mark obtained suspension definition suspension mean student allowed continue regular academic activity specified time b policy student may recommended suspension fbs approval main office nust subject condition listed disciplinary ground recommended discipline committee respective institution discipline committee university overall attendance student semester medical ground reason beyond hisher control student remains absent thirty less forty five consecutive day without valid reason suspension reason beyond student control authorized groundssanctioned leave competent authority note ug programme duration regular semester year excluding summer semester meant deficiency failurerepetition course c suspension registration student remains absent consecutive
ug_p25_43,ug,25,"days without intimation or any valid reason, his/her admission/registration will be suspended. However, such students may resume the same programme subject to meeting the following conditions: (a) has completed a minimum of one year of studies and attained mandatory GPAs; (b) has been recommended by the respective institution. (2) On re-admission, the student will pay the prescribed admission fee and 50% tuition fee for the period of absence. The rate of the fee will be as applicable to students of the semester which s/he joins. (3) While considering the case for re-admission, it will be ascertained by the respective institution that the student has sufficient time to NUST Undergraduate Student Handbook 21",day without intimation valid reason hisher admissionregistration suspended however student may resume programme subject meeting following condition completed minimum one year study attained mandatory gpa b recommended respective institution readmission student pay prescribed admission fee tuition fee period absence rate fee applicable student semester join considering case readmission ascertained respective institution student sufficient time nust undergraduate student handbook
ug_p26_44,ug,26,"complete his/her degree within the prescribed time limit, which will start from the date of original/first admission. (4) No special classes/courses will be planned / arranged for such cases, other than planned classes for repeat courses. (5) After re-admission, his/her studies will be governed by the rules and regulations applicable to the entry s/he joins. (6) Suspension of registration, on grounds of prolonged absence, will be granted only once in the programme in which s/he was originally granted admission. 7. Withdrawal. a. Definition. “Withdrawal” means that a student is considered unsuitable for further studies at NUST and is withdrawn from the programme. b. Policy. A student is recommended for withdrawal as per the latest policies of the University by the FBS for approval by Main Office NUST subject to any of the conditions listed below: (1) The student accumulates seven or more F/XF grades. (2) The student earns four consecutive probations. This clause does not apply to the 7th and 8th semesters of UG programmes. (3) On disciplinary grounds when recommended by the respective Discipline Committee of the institution and the Discipline Committee of NUST. (4) The student cannot complete his/her degree requirements within the maximum stipulated time of seven",complete hisher degree within prescribed time limit start date originalfirst admission special classescourses planned arranged case planned class repeat course readmission hisher study governed rule regulation applicable entry join suspension registration ground prolonged absence granted programme originally granted admission withdrawal definition withdrawal mean student considered unsuitable study nust withdrawn programme b policy student recommended withdrawal per latest policy university fbs approval main office nust subject condition listed student accumulates seven fxf grade student earns four consecutive probation clause apply semester ug programme disciplinary ground recommended respective discipline committee institution discipline committee nust student complete hisher degree requirement within maximum stipulated time seven
ug_p26_45,ug,26,"years, even if s/he utilizes the summer semester. Such cases will be recommended by the respective FBS and referred to the Registrar Directorate for approval. (5) A student who remains absent for more than 45 consecutive days without valid reasons, but does not qualify for “Suspension of Registration” (6) Earns five F/XF grades or more in the first semester only. Note: If a student is likely to be withdrawn on academic deficiencies, s/he will be duly warned and counselled, and his/her parents will be forewarned for intervention. Such communication will be duly recorded. 8. Repetition/Retest of Course(s). a. A student may repeat a course for the following reasons, subject to payment of prescribed tuition fee for the repeated course(s): 22 NUST Undergraduate Student Handbook",year even utilizes summer semester case recommended respective fbs referred registrar directorate approval student remains absent consecutive day without valid reason qualify suspension registration earns five fxf grade first semester note student likely withdrawn academic deficiency duly warned counselled hisher parent forewarned intervention communication duly recorded repetitionretest course student may repeat course following reason subject payment prescribed tuition fee repeated course nust undergraduate student handbook
ug_p27_46,ug,27,"(1) Clearance of W/F/XF Grades (a) A student repeats a course to clear a W/F/XF grade. (b) It is the student's responsibility to clear the failed/dropped courses, subject to availability of resources at the respective institution and approval of Dean/Associate Dean/HoD. (c) The student's transcript will show both the old grade and the new earned grade, but the better grade will be used in the computation of CGPA. (d) The student who repeats a course to clear a W/F grade shall not be eligible for academic honours/awards except Rector’s Gold Medal. (e) Counting of F grades. For a student who fails in a subject, and after repeating fails again (irrespective of the number of times s/he repeats), the number of Fs counted in this case will be one F only. (2) Improvement of CGPA. A student may repeat a course to improve his/her CGPA subject to the following provisions: (a) The student should register for the course(s) to be repeated after formal permission from the respective HoD. (b) The terms and conditions of repeat courses shall be the same as per regular courses. The student transcript will show both the old grade and the new earned grade, but the better",clearance wfxf grade student repeat course clear wfxf grade b student responsibility clear faileddropped course subject availability resource respective institution approval deanassociate deanhod c student transcript show old grade new earned grade better grade used computation cgpa student repeat course clear wf grade shall eligible academic honoursawards except rector gold medal e counting f grade student fails subject repeating fails irrespective number time repeat number f counted case one f improvement cgpa student may repeat course improve hisher cgpa subject following provision student register course repeated formal permission respective hod b term condition repeat course shall per regular course student transcript show old grade new earned grade better
ug_p27_47,ug,27,"grade will be used in the computation of CGPA. (c) The student shall not be eligible for top academic honours /awards based on a new earned grade(s), except Rector’s Gold Medal. (d) The student shall not be allowed to improve his/her CGPA after completion of the degree. (3) Taking Alternative Elective Course. A student may take an alternative elective for repetition with the approval of the Dean. The student's transcript shall show the grades of both courses. However, the better grade will be used in the computation of CGPA. b. Retest of End Semester Examination. In case a failed subject is a pre-requisite for a course in the following semester, the student will have to clear it through retest within the first six academic weeks of the next semester. F Grade awarded to a student based on an academic failure is only eligible to appear in the retest, whereas XF Grade awarded based on low attendance is not qualified to appear in the retest. Such retest will have the same weightage as that of the actual End Semester Examination in that subject. The maximum achievable NUST Undergraduate Student Handbook 23",grade used computation cgpa c student shall eligible top academic honour award based new earned grade except rector gold medal student shall allowed improve hisher cgpa completion degree taking alternative elective course student may take alternative elective repetition approval dean student transcript shall show grade course however better grade used computation cgpa b retest end semester examination case failed subject prerequisite course following semester student clear retest within first six academic week next semester f grade awarded student based academic failure eligible appear retest whereas xf grade awarded based low attendance qualified appear retest retest weightage actual end semester examination subject maximum achievable nust undergraduate student handbook
ug_p28_48,ug,28,"grade, in this case, will be D. There shall be no extra coaching classes before such retests. 9. Deferment of Semester(s). A student may seek deferment from regular studies subject to the following conditions: a. Deferment will generally be requested before the start of a semester. However, in exceptional cases, it may be requested latest by the 2nd week of a semester. It will be endorsed by the FBS and processed for formal approval by the Registrar. b. During the period of deferment, s/he will be allowed to repeat courses already studied on payment of the prescribed fee for repetition of courses but not permitted to study new courses. c. S/he shall pay a 25% tuition fee to maintain his/her registration. d. The student has the requisite time available to complete his/her degree within the stipulated time. e. In case, a student opts to defer the first-semester s/he must pay the full tuition fee (non-adjustable / non-refundable). 10. Completion of the Degree. a. The Degree programme will be considered complete on fulfilling the following conditions: (1) On fulfilment of prescribed requirements of the degree (2) A request of the student for the final transcript/award of degree until the maximum allowed",grade case shall extra coaching class retests deferment semester student may seek deferment regular study subject following condition deferment generally requested start semester however exceptional case may requested latest week semester endorsed fbs processed formal approval registrar b period deferment allowed repeat course already studied payment prescribed fee repetition course permitted study new course c shall pay tuition fee maintain hisher registration student requisite time available complete hisher degree within stipulated time e case student opts defer firstsemester must pay full tuition fee nonadjustable nonrefundable completion degree degree programme considered complete fulfilling following condition fulfilment prescribed requirement degree request student final transcriptaward degree maximum allowed
ug_p28_49,ug,28,limit for the degree (3) Formal notification by the Controller of Examinations b. The student is allowed to improve his/her grade until conditions of para 10(a) above are fulfilled. Chapter 4: Award of Bachelor of Industrial Design & Architecture Degrees and Academic Deficiencies 1. Bachelor of Industrial Design and Architecture Degrees. 24 NUST Undergraduate Student Handbook,limit degree formal notification controller examination b student allowed improve hisher grade condition para fulfilled chapter award bachelor industrial design architecture degree academic deficiency bachelor industrial design architecture degree nust undergraduate student handbook
ug_p29_50,ug,29,"a. This chapter pertains to 8 Semesters of Bachelor of Industrial Design and 10 semesters of Bachelor of Architecture professional degree programmes being offered at the School of Art Design and Architecture (SADA). b. Duration of Studies (1) A minimum number of credit hours and duration for completing the Bachelors’ programmes shall be as under: Credit Duration Programme Hours Minimum Maximum Bachelor of Architecture 182 5 years 8 years Bachelor of Industrial Design 141 4 years 7 years (2) For Bachelor of Architecture, an Internship with reputed public/private sector organizations for a minimum duration of 14 weeks will be compulsory. Moreover, a thesis of 8 CHs is mandatory. (3) For the Bachelor of Industrial Design programme, digital modelling, and factory practice for one month in semester 5, design practice for 6 weeks in semester 7, and Project of 6 CHs in Semester 8 is mandatory. 2. Academic Requirements. a. The Bachelor of Architecture programme is a combination of theory subjects, design studios, and internships in the various aspects of architecture. It is spread over 5 years and consists of 10 semesters leading to the thesis design in the 10th semester. The degree as a qualified “Architect” is conferred in accordance",chapter pertains semester bachelor industrial design semester bachelor architecture professional degree programme offered school art design architecture sada b duration study minimum number credit hour duration completing bachelor programme shall credit duration programme hour minimum maximum bachelor architecture year year bachelor industrial design year year bachelor architecture internship reputed publicprivate sector organization minimum duration week compulsory moreover thesis chs mandatory bachelor industrial design programme digital modelling factory practice one month semester design practice week semester project chs semester mandatory academic requirement bachelor architecture programme combination theory subject design studio internship various aspect architecture spread year consists semester leading thesis design semester degree qualified architect conferred accordance
ug_p29_51,ug,29,"with Pakistan Council of Architects & Town Planners (PCATP) regulations, as applicable from time to time. b. The Bachelor of Industrial Design programme is a combination of theory subjects and design in the various aspects of industrial design. It is spread over 4 years and consists of 8 semesters. 3. Tests, Examinations, and Grading Policy for Bachelor of Industrial Design and Architecture. a. Minor Test (Quiz). A quiz will be conducted in each course at irregular intervals throughout the semester, with or without prior intimation. Quiz for industrial design studio and architectural design studio course will not be mandatory as the studio itself is an extension of the test of theoretical knowledge. The faculty will exercise its discretion to conduct a theoretical minor test, if needed. b. Major Tests (1) Mid Semester Examination. A 1-2 hour test will be conducted at mid- semester in each course with due notice of at least two days. NUST Undergraduate Student Handbook 25",pakistan council architect town planner pcatp regulation applicable time time b bachelor industrial design programme combination theory subject design various aspect industrial design spread year consists semester test examination grading policy bachelor industrial design architecture minor test quiz quiz conducted course irregular interval throughout semester without prior intimation quiz industrial design studio architectural design studio course mandatory studio extension test theoretical knowledge faculty exercise discretion conduct theoretical minor test needed b major test mid semester examination hour test conducted mid semester course due notice least two day nust undergraduate student handbook
ug_p30_52,ug,30,"(2) End Semester Examination. The last comprehensive examination of approximately 2-3 hours duration will be given in each course on its completion. (3) Class Assignment. A class assignment is a task relevant to a course of study assigned by the concerned faculty to substantiate the course contents. The assignment may or may not be graded. (4) Studios. These include all such evaluations to ascertain the level of competency of the practical application of knowledge acquired within the industrial design and architectural domain. Studio work is comprised of projects that can vary from theoretical to practical nature: (a) For Bachelor of Architecture, the studios to meet PCATP academic standards and the accreditation criteria, the teacher- student ratio will not be more than (1:15). Further, other than the Basics of Design, the studio instructors will be paid-up PCATP members. All studio work assignments must be submitted on time and late submittals will not be accepted. c. Project. Project is a research/design work aimed at testing the ability of a student to translate the theoretical knowledge acquired during a course of study into practical use at the undergraduate level. d. Thesis. For Bachelor of Architecture, Thesis is a report submitted by a student",end semester examination last comprehensive examination approximately hour duration given course completion class assignment class assignment task relevant course study assigned concerned faculty substantiate course content assignment may may graded studio include evaluation ascertain level competency practical application knowledge acquired within industrial design architectural domain studio work comprised project vary theoretical practical nature bachelor architecture studio meet pcatp academic standard accreditation criterion teacher student ratio basic design studio instructor paidup pcatp member studio work assignment must submitted time late submittals accepted c project project researchdesign work aimed testing ability student translate theoretical knowledge acquired course study practical use undergraduate level thesis bachelor architecture thesis report submitted student
ug_p30_53,ug,30,"comprising the precedent study, original research part, and an original design solution to an issue or design question approved by the School, that counts towards the partial fulfilment of his/her bachelor’s requirement: (1) The thesis lays the rationale and the foundation work for the thesis architecture design and will ultimately include the architectural proposal. Thus, it will be a composite document that will be graded in two parts; it will ultimately have the drawings in CD format included in it (to be inserted before the end of the 10th semester). (2) The thesis shall be examined and evaluated by External Jurors and Internal Faculty members as assigned and nominated by the School. As recommended by the PCATP, the internal grading will be 40% and the external grading will be 60% of the total grades. If a student fails Final Year Thesis Jury, s/he shall be considered fail and would be re- evaluated after a minimum stipulated period of 12 weeks from the date of the original jury. In case a student does not achieve the desired standard even after re-evaluation, then s/he shall have to repeat the semester. 4. Question Paper. All question papers will be set by the respective",comprising precedent study original research part original design solution issue design question approved school count towards partial fulfilment hisher bachelor requirement thesis lay rationale foundation work thesis architecture design ultimately include architectural proposal thus composite document graded two part ultimately drawing cd format included inserted end semester thesis shall examined evaluated external juror internal faculty member assigned nominated school recommended pcatp internal grading external grading total grade student fails final year thesis jury shall considered fail would evaluated minimum stipulated period week date original jury case student achieve desired standard even reevaluation shall repeat semester question paper question paper set respective
ug_p30_54,ug,30,"faculty, and duly scrutinized, approved, and conducted in accordance with the University policy. As per the spirit of the Semester System, there should be no choice in attempting the questions. It shall also be ensured that the Question Papers are balanced and cover the essentials of the whole syllabus completed by the faculty. 26 NUST Undergraduate Student Handbook",faculty duly scrutinized approved conducted accordance university policy per spirit semester system choice attempting question shall also ensured question paper balanced cover essential whole syllabus completed faculty nust undergraduate student handbook
ug_p31_55,ug,31,5. Academic Standards for Award of Degree. The Grade Point will be awarded based on the absolute grading system on a scale of 1.00 to 4.00 points. The performance of each student in a course of study will be graded as follows: Numerical Grade Point Grade Equivalence Major Field Courses All Other Courses A 80-100% 4.00 4.00 B+ 70-79% 3.50 3.50 B 60-69% 3.00 3.00 C+ 55-59% 2.50 2.50 C 50-54% - 2.00 D+ 45-49% - 1.50 D 40-44% - 1.00 F Less than 40% Less than 55% 0.00 I - Incomplete Incomplete W - Dropped Dropped Q - - Qualified T - Transfer Transfer XF - 0.00 (F Grade due to 0.00 (F Grade due to shortage of shortage of attendance) attendance) 6. Attendance. Overall attendance of a student in a course (credited and non-credited) shall not be less than 75%. The student shall not be allowed to sit in the End Semester Examination if his/her attendance in a particular course falls below 75%. 7. Classification of Courses. a. “Major Field Course” will be a core course of Bachelor of Industrial Design and Architecture Programmes. A passing grade for such a course will be 2.5 or more (C+ grade).,academic standard award degree grade point awarded based absolute grading system scale point performance student course study graded follows numerical grade point grade equivalence major field course course b b c c f less less incomplete incomplete w dropped dropped q qualified transfer transfer xf f grade due f grade due shortage shortage attendance attendance attendance overall attendance student course credited noncredited shall less student shall allowed sit end semester examination hisher attendance particular course fall classification course major field course core course bachelor industrial design architecture programme passing grade course c grade
ug_p31_56,ug,31,b. “Other Course” means all courses other than Major Field Course. A passing grade for such a course will be a minimum of 1.00 (D grade). NUST Undergraduate Student Handbook 27,b course mean course major field course passing grade course minimum grade nust undergraduate student handbook
ug_p32_57,ug,32,"8. Parameters for determining a student's grade in a course are laid down as under: a. A combined grading system scheme will be adopted for computation of the overall grade of a course as under for example: For Example, Theory Studio %age Marks Earned Subject Credits Credits Theory Studio Basics of Design-I 1 5 70 90 Overall grade = (70x1 + 90x5)/(1+5) = 70+450/6 = 520/6 = 86.7% b. The minimum CGPA for the award of the degree will be 2.0 / 4.0. c. A student will not be promoted to 7th semester (Bachelor of Industrial Design) and 9th semester (Bachelor of Architecture) respectively if s/he has any F/XF grade including non-credited course. d. Non-Credit Course. Only pass or fail grade will be awarded. Pass grade will be awarded to the student with 75% or more attendance. e. The School has the right to retain the student's studio and/or theory work for publication or put it on the web pages with due acknowledgment. 9. Assessment Modes and Weighting. a. Theory Courses. Assessment will be based on the results of the Mid Semester Examination, End Semester Examination, evaluation of the term assignments, the progress, and quality of the logbook, and the",parameter determining student grade course laid combined grading system scheme adopted computation overall grade course example example theory studio age mark earned subject credit credit theory studio basic designi overall grade b minimum cgpa award degree c student promoted semester bachelor industrial design semester bachelor architecture respectively fxf grade including noncredited course noncredit course pas fail grade awarded pas grade awarded student attendance e school right retain student studio andor theory work publication put web page due acknowledgment assessment mode weighting theory course assessment based result mid semester examination end semester examination evaluation term assignment progress quality logbook
ug_p32_58,ug,32,minimum level of attendance required in a particular course (75% of total class hours). The assessment for all theory courses /theory components of the course shall be in accordance with the following table: Bachelor of Industrial Design and Architecture Weighting Nature of Examination Duration Frequency (%age) Theory End semester Examination 2- 3 hours 1 30-50 Mid Term 1-2 hours 1 20-30 1 CH Course – min 2 Quizzes - 2 CH and above 10-15 Courses – min 3 Assignments / Project(s) Own time - 15-25 Studio Projects 28 NUST Undergraduate Student Handbook,minimum level attendance required particular course total class hour assessment theory course theory component course shall accordance following table bachelor industrial design architecture weighting nature examination duration frequency age theory end semester examination hour mid term hour ch course min quiz ch course min assignment project time studio project nust undergraduate student handbook
ug_p33_59,ug,33,"2 contact 1 per week for each Studio hours CH Portfolio Review/ Studio 10-20 Participation Studio Work 80-90 b. Studio Work (1) Design Studios, other than Basics of Design, and 10th Semester Thesis Design. These will include all such evaluations to ascertain the level of competency of the practical application of knowledge acquired within the architectural domain. Studio work is comprised of projects varying from theoretical to practical nature. The individual studio project instructions are prepared by the instructor and duly approved by the HoD. These may also be called the class studio assignments. Sample assignment already exists and can be referred to and will form the basis of any new studio class assignments. These studio assignments will follow the overall framework of the curriculum outline and will be approved one month before the start of the semester. (2) Assessment will be based on the results of projects that include desk crits, design reviews, mid-project reviews, and final reviews. The assessment shall also include portfolio review and participation/attendance. (3) Design Studios - Industrial Design. These will include all such evaluations to ascertain the level of competency of the practical application of knowledge acquired within the industrial design domain. Studio work",contact per week studio hour ch portfolio review studio participation studio work b studio work design studio basic design semester thesis design include evaluation ascertain level competency practical application knowledge acquired within architectural domain studio work comprised project varying theoretical practical nature individual studio project instruction prepared instructor duly approved hod may also called class studio assignment sample assignment already exists referred form basis new studio class assignment studio assignment follow overall framework curriculum outline approved one month start semester assessment based result project include desk crits design review midproject review final review assessment shall also include portfolio review participationattendance design studio industrial design include evaluation ascertain level competency practical application knowledge acquired within industrial design domain studio work
ug_p33_60,ug,33,"is comprised of projects. The individual Studio project instructions are prepared by the instructor and duly approved by the school. These may also be called the class studio assignments. These studio assignments will follow the overall framework of the curriculum outline and will be approved before the start of the semester. c. For Bachelor of Architecture, Thesis Report, and Final Year Thesis Design- 9th/10th Semester (1) Any student failing the final external jury shall be considered fail and would be required to be re-evaluated after a minimum stipulated period of 12 weeks. In case the student fails after re-evaluation s/he shall have to repeat the semester. (2) The passing grade for the Thesis is C+ (2.5 Grade Point). (3) A student who, because of illness or other acceptable reasons approved by the FBS, fails to take the final external jury shall be awarded an I grade. The student is required to take the final external NUST Undergraduate Student Handbook 29",comprised project individual studio project instruction prepared instructor duly approved school may also called class studio assignment studio assignment follow overall framework curriculum outline approved start semester c bachelor architecture thesis report final year thesis design semester student failing final external jury shall considered fail would required reevaluated minimum stipulated period week case student fails reevaluation shall repeat semester passing grade thesis c grade point student illness acceptable reason approved fbs fails take final external jury shall awarded grade student required take final external nust undergraduate student handbook
ug_p34_61,ug,34,jury after a minimum stipulated period of 12 weeks from the date of the original jury. (4) Marks assigned by external jurors are not to be modified / changed under any circumstances. d. The internal and external marks weight shall follow PCATP prescribed formula of: (1) Internal Evaluation – 40% of overall weight (2) External Evaluation – 60% of overall weight e. Thesis Design is to be carried out within the course ARCH 502 Architectural Design VIII. It is divided into two components: (1) Theory (2) Studio 10. The grading scheme being followed is given below: Architectural Design VIII - Semester 10 Weighing Nature of Exam Duration Frequency (%age) Theory End Semester Exam 2-3 hours 1 20-30% Internal Evaluation of Thesis Report - 1 10-20% External Thesis Report Evaluation - To be carried out 60% by External Studio Internal Evaluation (to be carried out under following heads with 40% associated weight range) Quarter Jury 1 10-20% ¾ Jury 1 15-25% Progress Evaluation - 50-70% Participation - 0-5% External Evaluation (to be carried out under following heads with 60% associated weight range) Quarter Jury 1 5-15% Mid Jury 1 10-20% ¾ Jury 1 15-30% 30 NUST Undergraduate Student Handbook,jury minimum stipulated period week date original jury mark assigned external juror modified changed circumstance internal external mark weight shall follow pcatp prescribed formula internal evaluation overall weight external evaluation overall weight e thesis design carried within course arch architectural design viii divided two component theory studio grading scheme followed given architectural design viii semester weighing nature exam duration frequency age theory end semester exam hour internal evaluation thesis report external thesis report evaluation carried external studio internal evaluation carried following head associated weight range quarter jury jury progress evaluation participation external evaluation carried following head associated weight range quarter jury mid jury jury nust undergraduate student handbook
ug_p35_62,ug,35,"Final External Jury 1 40-70% 11. Specific Designations for Architectural Thesis. a. External Juror means a person holding suitable qualifications in the relevant discipline who may belong to any outside constituent/affiliated institution or university/organization but has not taught the subject to the class during the academic semester for which the examination is being held. b. Supervisor means an in-house faculty who assists in supervision/guidance of thesis of a Bachelor of Architecture student till completion of Thesis. The supervisor must have sufficient experience and relevant qualifications in the field of research. c. Advisor means an in-house faculty or specialist from an Industry R&D organization who assists in supervision/guidance of Thesis of B Architecture student till completion of Thesis. The advisor must have sufficient experience and relevant qualifications in the field of Architecture. 12. Award of Grade F. In addition to the F grade awarded based on the academic failure, a student will not be allowed to appear in the End Semester Examination of a course in which his/her attendance is less than 75%, and s/he will be awarded XF grade in such courses. The XF grade so obtained will only be cleared by repetition of the course whenever offered, so that",final external jury specific designation architectural thesis external juror mean person holding suitable qualification relevant discipline may belong outside constituentaffiliated institution universityorganization taught subject class academic semester examination held b supervisor mean inhouse faculty assist supervisionguidance thesis bachelor architecture student till completion thesis supervisor must sufficient experience relevant qualification field research c advisor mean inhouse faculty specialist industry rd organization assist supervisionguidance thesis b architecture student till completion thesis advisor must sufficient experience relevant qualification field architecture award grade f addition f grade awarded based academic failure student allowed appear end semester examination course hisher attendance less awarded xf grade course xf grade obtained cleared repetition course whenever offered
ug_p35_63,ug,35,"the students are made to attend the missed course. 13. Award of Grade I. A student who, because of illness or other acceptable reasons approved by the DBS/FBS, fails to complete the required work in any course or misses any examination/test defined as under, provided his/her overall attendance is not less than 75%, is given I grade. The student receiving such a grade makes up the unfinished portion of his/her course and is given a grade at the discretion of the faculty without prejudice to the previous grade I. If a student fails to make up the coursework, s/he will be awarded an F grade. However, in highly extraordinary cases further, the extension may be approved by Registrar Directorate, Main office on the recommendation of the FBS. 14. Mid Semester Examination. Whenever a student misses Mid Semester Examination due to reasons acceptable to the DBS, a make-up test should be arranged within the period to be decided by the DBS but not later than four weeks from the original date of missed Mid Semester Exam. 15. End Semester Examination. Whenever a student misses the End Semester Examination due to reasons acceptable to the FBS, a make-up examination should be arranged",student made attend missed course award grade student illness acceptable reason approved dbsfbs fails complete required work course miss examinationtest defined provided hisher overall attendance less given grade student receiving grade make unfinished portion hisher course given grade discretion faculty without prejudice previous grade student fails make coursework awarded f grade however highly extraordinary case extension may approved registrar directorate main office recommendation fbs mid semester examination whenever student miss mid semester examination due reason acceptable db makeup test arranged within period decided db later four week original date missed mid semester exam end semester examination whenever student miss end semester examination due reason acceptable fbs makeup examination arranged
ug_p35_64,ug,35,"within the first six weeks after the beginning of the subsequent semester. In highly exceptional cases, approval for any further extension beyond six weeks period is to be obtained from Registrar Directorate, Main Office, on the recommendation of FBS. 16. Adding/Dropping of Course(s). a. Adding / Dropping of course(s) shall be allowed within the first two weeks of start of a regular semester and 1st week of a summer semester. It shall be NUST Undergraduate Student Handbook 31",within first six week beginning subsequent semester highly exceptional case approval extension beyond six week period obtained registrar directorate main office recommendation fbs addingdropping course adding dropping course shall allowed within first two week start regular semester week summer semester shall nust undergraduate student handbook
ug_p36_65,ug,36,"ensured that minimum number of credit hours is not less than 12 for Bachelors, 6 for Masters and 3 for PhD programs and maximum number of credit hours does not exceed 21 for Bachelors and 12 for Masters / PhD programs. b. A student taking less than a regular semester load shall not be considered for any merit scholarship/academic award. c. A student is allowed to drop a registered course latest by the 8th week of a regular semester and 5th week of a summer semester with the recommendation of HoD and approval of the Dean/Associate Dean. However, letter grade W shall appear in his/her transcript against the specific course and shall not be considered for computation of GPA. d. Students with W on the transcript shall not be considered for any academic honour/award, except Rector’s Gold Medal. e. A student is allowed to have a maximum of two Ws in a semester. S/he shall not be allowed to accumulate more than four Ws at any one particular time. 17. Final Grade. The grade earned by a student in home assignments, quiz, design studio work, mid-semester, End Semester Examination, etc., are formalized into final result by the concerned faculty. It",ensured minimum number credit hour less bachelor master phd program maximum number credit hour exceed bachelor master phd program b student taking less regular semester load shall considered merit scholarshipacademic award c student allowed drop registered course latest week regular semester week summer semester recommendation hod approval deanassociate dean however letter grade w shall appear hisher transcript specific course shall considered computation gpa student w transcript shall considered academic honouraward except rector gold medal e student allowed maximum two w semester shall allowed accumulate four w one particular time final grade grade earned student home assignment quiz design studio work midsemester end semester examination etc formalized final result concerned faculty
ug_p36_66,ug,36,"must be ensured by the faculty that all examination answer sheets including End Semester Examination are shown to the respective student prior to finalization of the results. The faculty prepares the final result of the students on the standard grade sheet, uploads on Qalam, and also submits them to the DBS. The grade sheets of each course duly approved by the DBS are sent to the Deputy Controller of Examination through HoD and Principal. 18. Computation and Approval of Results. After the results are received from each Department, the Examination Branch of the institution shall compile the final results of each class. The final results shall show the grades obtained in each course of the semester, the Semester GPA, and the CGPA of each student. The result sheets shall also indicate the tentative disposal (probation, warning, suspension, withdrawal) of students failing to achieve the required standard. The institution shall hold the FBS meeting within two weeks of the conclusion of the End Semester Examination and approve the result. The result shall be formally announced by the Examination Branch of the concerned institute after it is approved by the FBS. Result approved by FBS meeting shall be considered as Provisional Result",must ensured faculty examination answer sheet including end semester examination shown respective student prior finalization result faculty prepares final result student standard grade sheet uploads qalam also submits db grade sheet course duly approved db sent deputy controller examination hod principal computation approval result result received department examination branch institution shall compile final result class final result shall show grade obtained course semester semester gpa cgpa student result sheet shall also indicate tentative disposal probation warning suspension withdrawal student failing achieve required standard institution shall hold fbs meeting within two week conclusion end semester examination approve result result shall formally announced examination branch concerned institute approved fbs result approved fbs meeting shall considered provisional result
ug_p36_67,ug,36,"and shall not be admissible in any court of law. Similarly, the provisional result prepared by the institutes in violation of NUST Regulations/Policies shall be considered null and void and shall not be admissible in any court of law. 19. Record of Results. The final result shall be recorded on the provisional semester transcript of each student. The Examination Branch of the respective institution shall prepare four copies of individual student semester transcript. The original copy shall be sent to the sponsoring authority (where applicable) second and third copy to the students and their parents/guardians. The fourth copy shall be retained in the student's permanent file at the institution. The complete semester result of each course shall be sent to Examinations Branch, Main Office NUST, for scrutiny and formal notification. Result notified by Examinations Branch, Main Office, shall be considered as Approved Final Result. 32 NUST Undergraduate Student Handbook",shall admissible court law similarly provisional result prepared institute violation nust regulationspolicies shall considered null void shall admissible court law record result final result shall recorded provisional semester transcript student examination branch respective institution shall prepare four copy individual student semester transcript original copy shall sent sponsoring authority applicable second third copy student parentsguardians fourth copy shall retained student permanent file institution complete semester result course shall sent examination branch main office nust scrutiny formal notification result notified examination branch main office shall considered approved final result nust undergraduate student handbook
ug_p37_68,ug,37,"20. Issue of Academic Transcript/Detailed Mark Sheet. A student desirous of obtaining Academic Transcript/Detailed Mark Sheet may apply to Controller of Examinations NUST through the School along with the prescribed fee, as per the policy issued on the subject. 21. Award of Bachelors’ Degree. On recommendations of the FBS of the School, the University will award undergraduate degrees to the students who satisfy the following conditions: a. Have completed minimum prescribed credit hours, as per approval of NUST Academic Council. b. Have achieved a minimum CGPA of 2.0. c. Internship. For a Bachelor of Architecture, a total of fourteen weeks of internship would be required before the award of the degree. For Bachelor of Industrial Design, 4 weeks of digital modelling and factory practice, and 6 weeks of design practice will be required before the award. A form will be filled out by the supervisor of the entity who will be offering an internship. A list of prospective firms and entities will be available with the School. Rostrum of available firms will be always available to the students for consultation. It will be the responsibility of the student to secure an internship in the field. The student will be evaluated",issue academic transcriptdetailed mark sheet student desirous obtaining academic transcriptdetailed mark sheet may apply controller examination nust school along prescribed fee per policy issued subject award bachelor degree recommendation fbs school university award undergraduate degree student satisfy following condition completed minimum prescribed credit hour per approval nust academic council b achieved minimum cgpa c internship bachelor architecture total fourteen week internship would required award degree bachelor industrial design week digital modelling factory practice week design practice required award form filled supervisor entity offering internship list prospective firm entity available school rostrum available firm always available student consultation responsibility student secure internship field student evaluated
ug_p37_69,ug,37,"on the standard NUST form used at that time. 22. Academic Deficiencies. A student who obtains one or more of the following grades in semester final result is considered academically deficient: a. An F/XF grade in any course b. Sem GPA less than 2.00 c. CGPA less than 2.00 d. I (Incomplete) grade in any course 23. Disposal of Academically Deficient Students. The case(s) of an academically deficient student(s) will be disposed of initially by the DBS and subsequently by the FBS in the following manner: a. The DBS will review the end semester results of deficient students and recommend any one of the following actions to the FBS, namely: (1) Warning (2) Probation (3) Suspension (4) Withdrawal (5) Repetition of the semester(s) if the student's CGPA consistently remains below 2.00 NUST Undergraduate Student Handbook 33",standard nust form used time academic deficiency student obtains one following grade semester final result considered academically deficient fxf grade course b sem gpa less c cgpa less incomplete grade course disposal academically deficient student case academically deficient student disposed initially db subsequently fbs following manner db review end semester result deficient student recommend one following action fbs namely warning probation suspension withdrawal repetition semester student cgpa consistently remains nust undergraduate student handbook
ug_p38_70,ug,38,"b. The FBS of the institution upon receipt of recommendations from the concerned DBS, will be convened within two weeks of the conclusion of the End Semester Examination and approve the result. c. The FBS will consider each case individually and take one of the following actions as per the latest policies of the University: (1) Issue warning to the student (2) Place the student on probation (3) Recommend suspension of the student (4) Recommend withdrawal of the student from the University (5) Recommend repetition of the semester(s) if the student's CGPA consistently remains below 2.00 24. The warning and probation orders will be issued by the Deputy Controller of Examination of the School. One copy of the order will be placed in the student's file for record and one copy each is sent to the parent/guardian and the student's tutor. 25. Warning. a. Definition. “Warning” means a written cautionary statement issued to a student who qualifies to continue his/her studies despite minor deficiencies in some course to make him/her conscious of the weakness and advise him/her to work hard during the semester under progress. b. Policy. A student is placed on warning as per the latest policy of the",b fbs institution upon receipt recommendation concerned db convened within two week conclusion end semester examination approve result c fbs consider case individually take one following action per latest policy university issue warning student place student probation recommend suspension student recommend withdrawal student university recommend repetition semester student cgpa consistently remains warning probation order issued deputy controller examination school one copy order placed student file record one copy sent parentguardian student tutor warning definition warning mean written cautionary statement issued student qualifies continue hisher study despite minor deficiency course make himher conscious weakness advise himher work hard semester progress b policy student placed warning per latest policy
ug_p38_71,ug,38,"University: (1) If his/her Semester GPA is less than 2.00 or s/he earns F/XF grade(s) in a course(s) but does not qualify for probation and withdrawal. (2) A student who has any F/XF grade after the 8th semester will not be allowed to take the course of the 9th semester until s/he clears all earned F/XF grades. c. Compulsions. While on warning, a student is to: (1) contact concerned faculty for guidance; (2) keep a complete record of the semester work comprising home assignments, laboratory reports, quizzes, mid-semester/one-hour tests, and the marks obtained. 26. Probation. a. Definition. A student is said to be on probation if s/he is deficient in academic/discipline standards to the extent that s/he is likely to be withdrawn and is allowed to continue studies. 34 NUST Undergraduate Student Handbook",university hisher semester gpa less earns fxf grade course qualify probation withdrawal student fxf grade semester allowed take course semester clear earned fxf grade c compulsion warning student contact concerned faculty guidance keep complete record semester work comprising home assignment laboratory report quiz midsemesteronehour test mark obtained probation definition student said probation deficient academicdiscipline standard extent likely withdrawn allowed continue study nust undergraduate student handbook
ug_p39_72,ug,39,"b. Policy. A student will be placed on academic probation under the following conditions: (1) CGPA is less than 2.00, and s/he does not qualify for withdrawal. This clause shall not be applicable in the first semester. (2) On disciplinary grounds when recommended by the discipline committee of the school, and Discipline Committee of NUST. c. Compulsions. While on Probation, a student is to: (1) contact concerned faculty for guidance; (2) keep a complete record of the semester work comprising home assignments, laboratory reports, quizzes, mid-semester/OHTs, and the marks obtained. 27. Suspension. a. Definition. “Suspension” means that a student is not allowed to continue regular academic activities for a specified time. b. Policy. A student may be recommended for suspension by the FBS for approval by Main Office, NUST, subject to any of the conditions listed below: (1) On disciplinary grounds when recommended by the Discipline Committee of the respective institution and the Discipline Committee of the University. (2) If the overall attendance of the student is below 75% in a semester on medical grounds or reasons beyond his/her control. (3) If the student remains absent for more than thirty but less than forty- five consecutive days without valid reasons.",b policy student placed academic probation following condition cgpa less qualify withdrawal clause shall applicable first semester disciplinary ground recommended discipline committee school discipline committee nust c compulsion probation student contact concerned faculty guidance keep complete record semester work comprising home assignment laboratory report quiz midsemesterohts mark obtained suspension definition suspension mean student allowed continue regular academic activity specified time b policy student may recommended suspension fbs approval main office nust subject condition listed disciplinary ground recommended discipline committee respective institution discipline committee university overall attendance student semester medical ground reason beyond hisher control student remains absent thirty less forty five consecutive day without valid reason
ug_p39_73,ug,39,"(4) Suspension on reasons beyond the student's control or authorized grounds/sanctioned leave from the competent authority. Note: UG programme duration of B Industrial Design is 8 regular semesters (4 years) B Architecture is 10 regular semesters (5 years), excluding summer semester that is only meant for deficiency/failure/repetition of courses. 28. Suspension of Registration. a. If a student remains absent for 45 or more consecutive days without intimation or any valid reason, his/her admission/registration will be suspended. However, such students may resume the same programme subject to meeting the following conditions: (1) Has completed a minimum of one year of studies and attained mandatory GPAs. NUST Undergraduate Student Handbook 35",suspension reason beyond student control authorized groundssanctioned leave competent authority note ug programme duration b industrial design regular semester year b architecture regular semester year excluding summer semester meant deficiencyfailurerepetition course suspension registration student remains absent consecutive day without intimation valid reason hisher admissionregistration suspended however student may resume programme subject meeting following condition completed minimum one year study attained mandatory gpa nust undergraduate student handbook
ug_p40_74,ug,40,"(2) Has been recommended by the respective institution. b. On re-admission, the student will pay the prescribed admission fee and 50% tuition fee for the period of absence. The rate of the fee will be as applicable to students of the semester which s/he joins. c. While considering the case for re-admission, it will be ascertained by the respective institution that the student has sufficient time to complete his/her degree within the prescribed time limit, which will start from the date of original/first admission. d. No special classes/courses will be planned / arranged for such cases, other than planned classes for repeat courses. e. After re-admission, his/her studies will be governed by the rules and regulations applicable to the entry s/he joins. f. Suspension of registration, on grounds of prolonged absence, will be granted only once in the programme in which s/he was originally granted admission. 29. Withdrawal. a. Definition. “Withdrawal” means that a student is considered unsuitable for further studies at NUST and is withdrawn from the programme. b. Policy. A student is recommended for withdrawal as per the latest policies of the University by the FBS for approval by Main Office NUST subject to any of the conditions",recommended respective institution b readmission student pay prescribed admission fee tuition fee period absence rate fee applicable student semester join c considering case readmission ascertained respective institution student sufficient time complete hisher degree within prescribed time limit start date originalfirst admission special classescourses planned arranged case planned class repeat course e readmission hisher study governed rule regulation applicable entry join f suspension registration ground prolonged absence granted programme originally granted admission withdrawal definition withdrawal mean student considered unsuitable study nust withdrawn programme b policy student recommended withdrawal per latest policy university fbs approval main office nust subject condition
ug_p40_75,ug,40,"listed below: (1) If a student accumulates seven or more F/XF grades. (2) If s/he earns four consecutive probations. This clause does not apply to the 7th and 8th semesters of the Bachelor of Industrial Design programme (the 9th and 10th semesters in the case of the Bachelor of Architecture programme). (3) On disciplinary grounds when recommended by the School Discipline Committee and Discipline Committee of NUST. (4) Cannot complete his/her degree requirements within the maximum stipulated time of eight years for Bachelor of Architecture and seven years for Bachelor of Industrial Design, even if s/he utilizes the summer semester. Such cases will be recommended by the respective FBS and referred to Registrar Directorate for approval. (5) A student who remains absent for more than 45 consecutive days without valid reasons but does not qualify for “Suspension of Registration”. (6) Earns five F/XF grades or more in the first semester only. 36 NUST Undergraduate Student Handbook",listed student accumulates seven fxf grade earns four consecutive probation clause apply semester bachelor industrial design programme semester case bachelor architecture programme disciplinary ground recommended school discipline committee discipline committee nust complete hisher degree requirement within maximum stipulated time eight year bachelor architecture seven year bachelor industrial design even utilizes summer semester case recommended respective fbs referred registrar directorate approval student remains absent consecutive day without valid reason qualify suspension registration earns five fxf grade first semester nust undergraduate student handbook
ug_p41_76,ug,41,"Note: If a student is likely to be withdrawn on academic deficiencies, s/he will be duly warned, and counselled, and his/her parents will be forewarned for intervention. Such communications will be duly recorded in the student dossier by the student advisor. 30. Repetition of Courses. A student may repeat a course for the following reasons: a. Clearance of W/F/XF Grades (1) A student will repeat a course to clear W/F/XF grades. (2) It shall be the student’s responsibility to clear the failed/dropped courses subject to availability of resources at the respective institution and approval of Dean/Associate Dean/HoD. (3) The student's transcript will show both the old grade and the new earned grade, but the better grade will be used in the computation of CGPA. (4) The student who repeats a course to clear a W grade shall not be eligible for academic honours/awards except Rector’s Gold Medal. (5) Repeat of Major Field Course(s). Students failing in pre-requisite Major Field course(s) will repeat the required courses in the Spring or Fall semester (regular semesters). (6) Counting of F grades. For a student who fails a subject, and after repeating fails again (irrespective of the number of times s/he repeats), the number",note student likely withdrawn academic deficiency duly warned counselled hisher parent forewarned intervention communication duly recorded student dossier student advisor repetition course student may repeat course following reason clearance wfxf grade student repeat course clear wfxf grade shall student responsibility clear faileddropped course subject availability resource respective institution approval deanassociate deanhod student transcript show old grade new earned grade better grade used computation cgpa student repeat course clear w grade shall eligible academic honoursawards except rector gold medal repeat major field course student failing prerequisite major field course repeat required course spring fall semester regular semester counting f grade student fails subject repeating fails irrespective number time repeat number
ug_p41_77,ug,41,"of Fs counted in this case will be one F only. b. Improvement of CGPA. A student shall repeat a course to improve his/her CGPA subject to the following provisions: (1) The student will register for the course(s) to be repeated after formal permission from the respective HoD. (2) All terms and conditions (of repeat courses) shall be the same as per regular courses. The student transcript shall show both the old grade and new earned grade, but the better grade will be used in the computation of CGPA. (3) S/he shall not be eligible for top academic honours/awards based on a new earned grade(s) except Rector’s Gold Medal. (4) The student is not allowed to improve his/her CGPA after completion of the degree. c. Repetition of Course(s) in Summer Semester. A student may repeat a course to clear W/F (not XF) grade or to improve his/her CGPA during Summer NUST Undergraduate Student Handbook 37",f counted case one f b improvement cgpa student shall repeat course improve hisher cgpa subject following provision student register course repeated formal permission respective hod term condition repeat course shall per regular course student transcript shall show old grade new earned grade better grade used computation cgpa shall eligible top academic honoursawards based new earned grade except rector gold medal student allowed improve hisher cgpa completion degree c repetition course summer semester student may repeat course clear wf xf grade improve hisher cgpa summer nust undergraduate student handbook
ug_p42_78,ug,42,"Semester subject to conditions laid down in chapter 8 (Summer Semester & Summer Camps). However, for Major Field courses refer to Para 30 a (5). 31. Deferment of Semester(s). A student may seek deferment from regular studies subject to the following conditions: a. Deferment will generally be requested before the start of a semester. However, in exceptional cases, it may be requested latest by the 2ndweek of a semester. It will be endorsed by the FBS and processed for formal approval by the Registrar. b. During the period of deferment, s/he will be allowed to repeat courses already studied on payment of the prescribed fee for repetition of courses but not permitted to study new courses (a substitute course will be treated as a new course). c. S/he shall pay a 25% tuition fee to maintain his/her registration. d. The student has the requisite time available to complete his/her degree within the stipulated time. e. In case a student opts to defer the first-semester, s/he shall have to pay the full tuition fee (non-adjustable / non-refundable). 32. Completion of the Degree. a. The Degree programme will be considered complete on fulfilling the following conditions: (1) On fulfilment of prescribed requirements",semester subject condition laid chapter summer semester summer camp however major field course refer para deferment semester student may seek deferment regular study subject following condition deferment generally requested start semester however exceptional case may requested latest semester endorsed fbs processed formal approval registrar b period deferment allowed repeat course already studied payment prescribed fee repetition course permitted study new course substitute course treated new course c shall pay tuition fee maintain hisher registration student requisite time available complete hisher degree within stipulated time e case student opts defer firstsemester shall pay full tuition fee nonadjustable nonrefundable completion degree degree programme considered complete fulfilling following condition fulfilment prescribed requirement
ug_p42_79,ug,42,"of the degree. (2) The request of the student for the final transcript/award of degree, until the maximum allowed limit for the degree. (3) Formal notification by the Controller of Examinations. b. The student is allowed to improve his/her grade until conditions of para 32(a) above are fulfilled. 33. Plagiarism. All academic work submitted by a student must be his/her work. If a student submits work done by any other person, it is plagiarism, cause for formal school discipline, and justification for any faculty member to award a failing grade and or for the DBS/FBS to cancel grade previously awarded only in that assignment/project. 34. School Property. a. All movable and non-movable properties belong to the school. In the event of damage, NUST regulations are to be followed. 38 NUST Undergraduate Student Handbook",degree request student final transcriptaward degree maximum allowed limit degree formal notification controller examination b student allowed improve hisher grade condition para fulfilled plagiarism academic work submitted student must hisher work student submits work done person plagiarism cause formal school discipline justification faculty member award failing grade dbsfbs cancel grade previously awarded assignmentproject school property movable nonmovable property belong school event damage nust regulation followed nust undergraduate student handbook
ug_p43_80,ug,43,"b. The School has the right to retain the student's studio work, for publication or put it on the web pages. NUST Undergraduate Student Handbook 39",b school right retain student studio work publication put web page nust undergraduate student handbook
ug_p44_81,ug,44,"Chapter 5: Award of Bachelors' Degree in Management/Social Sciences and Academic Deficiencies 1. Bachelor of Management and Social Sciences Degrees. a. This chapter pertains to the Bachelors’ programme in Business Administration and Social Sciences being offered at NUST Business School and School of Social Sciences & Humanities respectively. b. Duration of Studies Ser Programmes Credit Hours (1) Bachelor of Business Administration (BBA) 137 (2) Bachelor of Public Administration (BPA) 133 (3) Bachelor of Science in Mass Communication 133 (4) Bachelor of Science in Economics 136 (5) Bachelor of Science in Accounting and Finance 136 (6) Bachelor of Science in Psychology 131 (7) Bachelor of Laws 166 (8) Bachelor of Tourism and Hospitality Management 137 Note: The minimum and maximum duration of the above-mentioned programmes are 4 and 7 years respectively, except LLB (minimum duration 5 years). 2. Award of Bachelor Degrees in Business Administration and Social Sciences. a. On recommendations of the FBS the University will award undergraduate degrees to the students who satisfy the following conditions: (1) Have completed the prescribed credit hours programme for Bachelors' degree; (2) Have achieved a minimum CGPA of 2.50 with a minimum of C+ grade in project work; (3) Have successfully completed 6",chapter award bachelor degree managementsocial science academic deficiency bachelor management social science degree chapter pertains bachelor programme business administration social science offered nust business school school social science humanity respectively b duration study ser programme credit hour bachelor business administration bba bachelor public administration bpa bachelor science mass communication bachelor science economics bachelor science accounting finance bachelor science psychology bachelor law bachelor tourism hospitality management note minimum maximum duration abovementioned programme year respectively except llb minimum duration year award bachelor degree business administration social science recommendation fbs university award undergraduate degree student satisfy following condition completed prescribed credit hour programme bachelor degree achieved minimum cgpa minimum c grade project work successfully completed
ug_p44_82,ug,44,– 8 weeks Internship in BBA and Mass Communication. b. Academic Standards for Award of Degree (1) The following assessment scheme shall be followed: Weighting Nature of Examination Duration Frequency (%age) End semester examination 3 hours 1 30 – 50 Mid Term 2 hours 1 15 – 25 Quizzes - Min quizzes 3 05 – 15 40 NUST Undergraduate Student Handbook,week internship bba mass communication b academic standard award degree following assessment scheme shall followed weighting nature examination duration frequency age end semester examination hour mid term hour quiz min quiz nust undergraduate student handbook
ug_p45_83,ug,45,"Class Participation - - 0 – 05* Assignments / Project(s) / Own time - 10 – 40 Case Studies * Shall be allocated only if there are no Case Studies. (2) The performance of each student in a course of study shall be graded as follows: Grades Numerical Grade Grade Point A 4.0 B+ 3.50 B 3.0 C+ 2.50 C 2.00 D+ 1.50 D 1.00 F 0.00 I Incomplete W Dropped Q Qualified T Transfer XF 0.00 (F Grade due to shortage of attendance) (3) It is the University policy to work out GPA by awarding relative grading on a scale of 1.00-4.00 points. (4) To earn course credits, a student must obtain a minimum of 1.0-grade point (D). 3. Offering and Registration of Courses. The respective institution will finalize additional courses to be offered in a particular semester well before its start but not later than last week of the previous semester keeping in view the resources available. 4. Awarding of F/XF, I, and W Grades. a. Award of Grade F/XF. In addition to an F grade awarded based on the academic failure, a student is not allowed to appear in the final examination of a subject in which",class participation assignment project time case study shall allocated case study performance student course study shall graded follows grade numerical grade grade point b b c c f incomplete w dropped q qualified transfer xf f grade due shortage attendance university policy work gpa awarding relative grading scale point earn course credit student must obtain minimum point offering registration course respective institution finalize additional course offered particular semester well start later last week previous semester keeping view resource available awarding fxf w grade award grade fxf addition f grade awarded based academic failure student allowed appear final examination subject
ug_p45_84,ug,45,"his/her attendance is less than 75%, and s/he will be awarded an XF grade in that subject. The XF grade so obtained will only be cleared by repetition of the course whenever offered, so that the students are made to attend the missed course. b. Award of Grade I. A student, who, because of illness or other acceptable reasons approved by the DBS/FBS, fails to complete the required work in any course or misses any examination/test defined herein, provided his/her attendance in a particular course is not less than 75%, is given I as a grade. The student receiving such a grade makes up the unfinished portion of his/her course and is given a grade at the discretion of the faculty without NUST Undergraduate Student Handbook 41",hisher attendance less awarded xf grade subject xf grade obtained cleared repetition course whenever offered student made attend missed course b award grade student illness acceptable reason approved dbsfbs fails complete required work course miss examinationtest defined herein provided hisher attendance particular course less given grade student receiving grade make unfinished portion hisher course given grade discretion faculty without nust undergraduate student handbook
ug_p46_85,ug,46,"prejudice to the previous grade I. If a student fails to make up the coursework, he will be awarded an F grade. However, in highly extraordinary cases further, extension may be approved by Registrar Directorate, Main Office, on the recommendation of the FBS. c. Award of Grade W. If a student drops a course under the provisions of these regulations, s/he will be awarded a W grade. 5. Examinations. a. Mid-Semester Examination. Whenever a student misses a Mid-Semester Examination due to reasons acceptable to the DBS, a make-up test should be arranged within the period to be decided by the DBS but not later than four weeks from the original date of missed Mid Semester Examination. b. End Semester Examination. Whenever a student misses the End Semester Examination due to reasons acceptable to the FBS, a make-up examination should be arranged within the first six weeks after the beginning of the subsequent semester. In highly exceptional cases, approval for any further extension beyond six weeks period is to be obtained from Registrar Directorate, Main Office, on the recommendation of FBS. 6. Adding/Dropping of Course(s) and Award of Grade W. a. Adding/Dropping of course(s) is allowed within the first two weeks",prejudice previous grade student fails make coursework awarded f grade however highly extraordinary case extension may approved registrar directorate main office recommendation fbs c award grade w student drop course provision regulation awarded w grade examination midsemester examination whenever student miss midsemester examination due reason acceptable db makeup test arranged within period decided db later four week original date missed mid semester examination b end semester examination whenever student miss end semester examination due reason acceptable fbs makeup examination arranged within first six week beginning subsequent semester highly exceptional case approval extension beyond six week period obtained registrar directorate main office recommendation fbs addingdropping course award grade w addingdropping course allowed within first two week
ug_p46_86,ug,46,of the start of a semester. b. It will be ensured that a minimum number of credit hours is not less than 12 and a maximum number of credit hours does not exceed 18 (21 in exceptional cases). c. A student taking less than a regular semester load will not be considered for any academic honour/award. d. A student is allowed to drop a registered course latest by the 8th week of a regular semester and 5th week of a summer semester with the recommendation of HoD and approval of the Dean. e. Letter grade W will appear in the transcript against the specific course and will not be considered for computation of GPA. f. Students who have W on the transcript will not be considered for any academic honour/award except Rector’s Gold Medal. g. A student will be allowed to have a maximum of two Ws in a semester. S/he will not be allowed to accumulate more than four Ws at any one particular time. 7. Academic Deficiencies. A student who obtains one or more of the following grades in semester final result will be considered academically deficient: 42 NUST Undergraduate Student Handbook,start semester b ensured minimum number credit hour less maximum number credit hour exceed exceptional case c student taking less regular semester load considered academic honouraward student allowed drop registered course latest week regular semester week summer semester recommendation hod approval dean e letter grade w appear transcript specific course considered computation gpa f student w transcript considered academic honouraward except rector gold medal g student allowed maximum two w semester allowed accumulate four w one particular time academic deficiency student obtains one following grade semester final result considered academically deficient nust undergraduate student handbook
ug_p47_87,ug,47,"a. An F/XF grade in any course b. Sem GPA less than 2.50 c. CGPA less than 2.50 d. I (Incomplete) grade in any course 8. Disposal of Academically Deficient Students. The cases of academically deficient students will be disposed of initially by the DBS and subsequently by the FBS in the following manner: a. The DBS shall review the end semester results of deficient students and recommend any one of the following actions to the FBS: (1) Warning (2) Probation (3) Suspension (4) Withdrawal (5) Repetition of the semester(s) if the student's CGPA consistently remains below 2.50 b. The FBS of the institution, upon receipt of recommendations from the concerned DBS, will be convened within two weeks of the conclusion of the End Semester Examination and approve the result and: (1) Issue warning to the student (2) Place the student on probation (3) Recommend suspension of the student (4) Recommend withdrawal of the student from the University c. The disposal orders will be issued by the Deputy Controller of Examination of the School. One copy of the order will be placed in the student's file for record and one copy each will be sent to the parent/guardian and the",fxf grade course b sem gpa less c cgpa less incomplete grade course disposal academically deficient student case academically deficient student disposed initially db subsequently fbs following manner db shall review end semester result deficient student recommend one following action fbs warning probation suspension withdrawal repetition semester student cgpa consistently remains b fbs institution upon receipt recommendation concerned db convened within two week conclusion end semester examination approve result issue warning student place student probation recommend suspension student recommend withdrawal student university c disposal order issued deputy controller examination school one copy order placed student file record one copy sent parentguardian
ug_p47_88,ug,47,student's tutor. 9. Warning. a. Definition. “Warning” means a written cautionary statement issued to a student who qualifies to continue his/her studies despite minor deficiencies in some course to make him/her conscious of the weakness and advise him/her to work hard during the semester under progress. b. Policy. A student will be placed on warning under any of the following conditions and/or as per the latest policies of the University: NUST Undergraduate Student Handbook 43,student tutor warning definition warning mean written cautionary statement issued student qualifies continue hisher study despite minor deficiency course make himher conscious weakness advise himher work hard semester progress b policy student placed warning following condition andor per latest policy university nust undergraduate student handbook
ug_p48_89,ug,48,"(1) The semester GPA of the student is less than 2.50 or s/he earns F/XF grade(s) in a course(s) but does not qualify for probation/withdrawal. c. Compulsions. While on warning, a student is to: (1) contact concerned faculty for guidance; (2) keep a complete record of the semester work comprising home assignments, quizzes, mid-semester, and the marks obtained; 10. Probation. a. Definition. A student is said to be on probation if s/he is deficient in academic/discipline standards but is allowed to continue studies. b. Policy. A student will be placed on probation under any of the following conditions and/or as per the latest policies of the University: (1) CGPA is less than 2.50, and s/he does not qualify for withdrawal. This clause shall not be applicable in the first semester. (2) On disciplinary grounds when recommended by the institution discipline committee and Discipline Committee of NUST. c. Compulsions. While on probation, a student is to: (1) contact concerned faculty for guidance; (2) keep a complete record of the semester work comprising home assignments, laboratory reports, quizzes, mid-semester/OHTs, and the marks obtained. 11. Suspension. a. Definition. “Suspension” means that a student is not allowed to continue regular academic activities for a",semester gpa student less earns fxf grade course qualify probationwithdrawal c compulsion warning student contact concerned faculty guidance keep complete record semester work comprising home assignment quiz midsemester mark obtained probation definition student said probation deficient academicdiscipline standard allowed continue study b policy student placed probation following condition andor per latest policy university cgpa less qualify withdrawal clause shall applicable first semester disciplinary ground recommended institution discipline committee discipline committee nust c compulsion probation student contact concerned faculty guidance keep complete record semester work comprising home assignment laboratory report quiz midsemesterohts mark obtained suspension definition suspension mean student allowed continue regular academic activity
ug_p48_90,ug,48,"specified time. b. Policy. A student may be recommended for suspension by the FBS for approval by Main Office, NUST, subject to any of the conditions listed below, namely: (1) On disciplinary grounds when recommended by the Discipline Committee of the respective institution and the Discipline Committee of the University. (2) If the overall attendance of the student is below 75% in a semester on medical grounds or reasons beyond his/her control. (3) If the student remains absent for more than thirty but less than forty- five consecutive days without valid reasons. 44 NUST Undergraduate Student Handbook",specified time b policy student may recommended suspension fbs approval main office nust subject condition listed namely disciplinary ground recommended discipline committee respective institution discipline committee university overall attendance student semester medical ground reason beyond hisher control student remains absent thirty less forty five consecutive day without valid reason nust undergraduate student handbook
ug_p49_91,ug,49,"(4) Suspension on reasons beyond the student's control or authorized grounds/sanctioned leave from the competent authority. Note: UG programme duration is 8 regular semesters (4 years), excluding the summer semester which is only meant for deficiency/failure/repetition of courses. 12. Suspension of Registration. a. If a student remains absent for 45 or more consecutive days without intimation or any valid reason, his/her admission/registration will be suspended. However, such students may resume the same programme subject to meeting the following conditions: (1) Has completed a minimum of one year of studies and attained mandatory GPAs. (2) Has been recommended by the respective institution. b. On re-admission, the student will pay the prescribed admission fee and 50% tuition fee for the period of absence. The rate of the fee will be as applicable to students of the semester which s/he joins. c. While considering the case for re-admission, it will be ascertained by the respective institution that the student has sufficient time to complete his/her degree within the prescribed time limit, which will start from the date of original/first admission. d. No special classes/courses will be planned / arranged for such cases, other than planned classes for repeat courses. e. After re-admission, his/her",suspension reason beyond student control authorized groundssanctioned leave competent authority note ug programme duration regular semester year excluding summer semester meant deficiencyfailurerepetition course suspension registration student remains absent consecutive day without intimation valid reason hisher admissionregistration suspended however student may resume programme subject meeting following condition completed minimum one year study attained mandatory gpa recommended respective institution b readmission student pay prescribed admission fee tuition fee period absence rate fee applicable student semester join c considering case readmission ascertained respective institution student sufficient time complete hisher degree within prescribed time limit start date originalfirst admission special classescourses planned arranged case planned class repeat course e readmission hisher
ug_p49_92,ug,49,"studies will be governed by the rules and regulations applicable to the entry s/he joins. f. Suspension of registration, on grounds of prolonged absence, will be granted only once in the programme in which s/he was originally granted admission. 13. Withdrawal. a. Definition. “Withdrawal” means that a student is considered unsuitable for further studies at NUST and is withdrawn from the programme. b. Policy. A student will be recommended for withdrawal as per the latest policies of the University by the FBS for approval by Main Office NUST under the following conditions: (1) The student accumulates seven or more F/XF grades. (2) Earns four consecutive probations. This clause does not apply to the 7th and 8th semesters of the UG programme. NUST Undergraduate Student Handbook 45",study governed rule regulation applicable entry join f suspension registration ground prolonged absence granted programme originally granted admission withdrawal definition withdrawal mean student considered unsuitable study nust withdrawn programme b policy student recommended withdrawal per latest policy university fbs approval main office nust following condition student accumulates seven fxf grade earns four consecutive probation clause apply semester ug programme nust undergraduate student handbook
ug_p50_93,ug,50,"(3) On disciplinary grounds when recommended by respective Discipline Committee of constituent institution and Discipline Committee of NUST. (4) Cannot complete his/her degree requirements within the maximum stipulated time of seven years, even if s/he utilizes the summer semester. Such cases are recommended by the FBS and referred to Registrar Dte for approval. (5) A student who remains absent for more than 45 consecutive days without valid reasons but does not qualify for “Suspension of Registration”. (6) Earns five F/XF grades or more in the first semester only. Note: If a student is likely to be withdrawn on academic deficiencies, s/he will be duly warned and counselled, and his/her parents will be forewarned for intervention. Such communications will be duly recorded in the student dossier by the student advisor. 14. Repetition of Courses. A student repeats a course for the following reasons: a. Clearance of W/F/XF Grades (1) A student repeats a course to clear a W/F/XF grade. (2) It shall be the student's responsibility to clear the failed/dropped courses subject to availability of resources at the respective institution and approval of the Dean. (3) The student's transcript will show both the old grade and the new earned grade, but",disciplinary ground recommended respective discipline committee constituent institution discipline committee nust complete hisher degree requirement within maximum stipulated time seven year even utilizes summer semester case recommended fbs referred registrar dte approval student remains absent consecutive day without valid reason qualify suspension registration earns five fxf grade first semester note student likely withdrawn academic deficiency duly warned counselled hisher parent forewarned intervention communication duly recorded student dossier student advisor repetition course student repeat course following reason clearance wfxf grade student repeat course clear wfxf grade shall student responsibility clear faileddropped course subject availability resource respective institution approval dean student transcript show old grade new earned grade
ug_p50_94,ug,50,"the better grade will be used in the computation of CGPA. (4) The student who repeats a course to clear a W grade shall not be eligible for academic honours/awards except Rector’s Gold Medal. (5) Counting of F grades. For a student who fails in a subject, and after repetition fails again (irrespective of the number of times s/he repeats), the number of Fs counted in this case will be one F only. b. Improvement of CGPA. A student repeats a course to improve his/her CGPA subject to the following provisions: (1) The student will register for the course(s) to be repeated after formal permission from the Dean and subject to the availability of resources. (2) All terms and conditions (of repeat courses) shall be the same as per regular courses. The student transcript shall show both the old grade and new earned grade, but the better grade will be used in the computation of CGPA. 46 NUST Undergraduate Student Handbook",better grade used computation cgpa student repeat course clear w grade shall eligible academic honoursawards except rector gold medal counting f grade student fails subject repetition fails irrespective number time repeat number f counted case one f b improvement cgpa student repeat course improve hisher cgpa subject following provision student register course repeated formal permission dean subject availability resource term condition repeat course shall per regular course student transcript shall show old grade new earned grade better grade used computation cgpa nust undergraduate student handbook
ug_p51_95,ug,51,"(3) S/he will not be eligible for top academic honours / awards based on a new earned grade(s) except Rector’s Gold Medal. (4) The student is not allowed to improve his/her CGPA after the completion of the degree. c. Retest of End Semester Examination. In case a failed subject is a pre- requisite for a course in the following semester, the student will have to clear it through retest within the first six academic weeks of the next semester. F Grade awarded to a student based on an academic failure is only eligible to appear in the retest, whereas XF Grade awarded based on low attendance is not qualified to appear in the retest. Such retest will have the same weightage as that of the actual End Semester Examination in that subject. The maximum achievable grade, in this case, will be D. There shall be no extra coaching classes before such retests. d. Taking Alternative Elective Course. A student may take an alternative elective for repetition with the approval of the Dean. The student's transcript will show the grades of both courses. However, a better grade will be used in the computation of CGPA. 15. Deferment of Semester(s). A student",eligible top academic honour award based new earned grade except rector gold medal student allowed improve hisher cgpa completion degree c retest end semester examination case failed subject pre requisite course following semester student clear retest within first six academic week next semester f grade awarded student based academic failure eligible appear retest whereas xf grade awarded based low attendance qualified appear retest retest weightage actual end semester examination subject maximum achievable grade case shall extra coaching class retests taking alternative elective course student may take alternative elective repetition approval dean student transcript show grade course however better grade used computation cgpa deferment semester student
ug_p51_96,ug,51,"may seek deferment from regular studies subject to the following conditions: a. Deferment will generally be requested before the start of a semester. However, in exceptional cases, it may be requested latest by the 2nd week of a semester. It will be endorsed by the FBS and processed for formal approval by the Registrar. b. During the period of deferment, s/he will be allowed to repeat courses already studied on payment of a prescribed fee for repetition of courses but not permitted to study new courses. c. S/he shall pay a 25% tuition fee to maintain his/her registration. d. The student has the requisite time available to complete his/her degree within the stipulated time. e. In case, a student opts to defer the first-semester s/he shall have to pay the full tuition fee (non-adjustable / non-refundable). 16. Completion of the Degree. a. The Degree programme will be considered complete on fulfilling the following conditions: (1) On fulfilment of prescribed requirements of the degree (2) The request of the student for the final transcript/award of degree, until the maximum allowed time for the degree (3) Formal notification by the Controller of Examinations NUST Undergraduate Student Handbook 47",may seek deferment regular study subject following condition deferment generally requested start semester however exceptional case may requested latest week semester endorsed fbs processed formal approval registrar b period deferment allowed repeat course already studied payment prescribed fee repetition course permitted study new course c shall pay tuition fee maintain hisher registration student requisite time available complete hisher degree within stipulated time e case student opts defer firstsemester shall pay full tuition fee nonadjustable nonrefundable completion degree degree programme considered complete fulfilling following condition fulfilment prescribed requirement degree request student final transcriptaward degree maximum allowed time degree formal notification controller examination nust undergraduate student handbook
ug_p52_97,ug,52,b. The student is allowed to improve his/her grade until conditions of para 16(a) above are fulfilled. 48 NUST Undergraduate Student Handbook,b student allowed improve hisher grade condition para fulfilled nust undergraduate student handbook
ug_p53_98,ug,53,Chapter 6: Academic Provisions & Flexibilities 1. Summer Semester & Summer Camps. a. Summer Semester. A summer semester is not a regular semester. It is mainly utilized for deficiency/failure/additional/repetition of courses. b. Conditions for Offering of Courses. The institutions offer the course(s) on student's demand if s/he fulfils the following conditions: (1) To clear an 'F' grade which is not earned due to shortage of attendance (except on grounds acceptable to institution). (2) The student wants to improve the grade to clear/avoid Probation. (3) In circumstances where five or more students have requested for the offering of a course(s). (4) Additional courses (not part of the curriculum / not counted for award of degree) will be offered according to the instructions for that particular course. c. Course Fee. Student(s) will register in a course and deposit the prescribed fee. The student can withdraw his/her name from the course within two weeks from the start of the semester without earning a 'W' grade. A student shall be allowed to drop a registered course latest by the 1st week of a Summer Semester. Letter grade 'W' shall appear in the transcript against the specific course and shall not be considered for computation,chapter academic provision flexibility summer semester summer camp summer semester summer semester regular semester mainly utilized deficiencyfailureadditionalrepetition course b condition offering course institution offer course student demand fulfils following condition clear f grade earned due shortage attendance except ground acceptable institution student want improve grade clearavoid probation circumstance five student requested offering course additional course part curriculum counted award degree offered according instruction particular course c course fee student register course deposit prescribed fee student withdraw hisher name course within two week start semester without earning w grade student shall allowed drop registered course latest week summer semester letter grade w shall appear transcript specific course shall considered computation
ug_p53_99,ug,53,"of CGPA. After the 5th week, if the student withdraws from the course, he/she will earn an 'F' grade. However, once registered, the fee will not be refunded in any case. d. Maximum Credit Hours. A student can register for a maximum of two courses in a Summer Semester. However, students who went abroad under Outbound Student Exchange Programme to attend one/two semester(s), will be facilitated to clear their deficiencies by taking a maximum of three courses during the summer semester, and will pay the prescribed fee for the courses taken. e. Procedure for Course Registration. If a course is being offered in the parent institution the student will register by depositing the prescribed course fee. In case the course is not being offered in the parent institution and the same is being offered in any other NUST institution, the desirous students(s) shall apply through their department to the HoD of the host institution under intimation to Academics and Registrar Directorates. No approval is required from the Main Office. NUST Undergraduate Student Handbook 49",cgpa week student withdraws course heshe earn f grade however registered fee refunded case maximum credit hour student register maximum two course summer semester however student went abroad outbound student exchange programme attend onetwo semester facilitated clear deficiency taking maximum three course summer semester pay prescribed fee course taken e procedure course registration course offered parent institution student register depositing prescribed course fee case course offered parent institution offered nust institution desirous studentss shall apply department hod host institution intimation academic registrar directorate approval required main office nust undergraduate student handbook
ug_p54_100,ug,54,"f. Summer Camps. NUST has been conducting several Summer Schools/Camps for national and international students. The details of Summer Camps conducted during Summer 2019 are given below: (1) National Summer Camps: (a) Robotics & Automation Summer Camp at CE&ME (b) Artificial Intelligence Summer Camp at SEECS (c) Science Fun Summer Camp at SCME (d) Summer Camp for Pre-university students by Student Affairs Directorate (2) Belt & Road Aerospace Innovation Alliance Space Exploration Summer Camp: High-Performance Computing in Aeronautics at SINES (3) Summer Camp on Energy at USPCAS-E 2. Option of Minors. a. In line with international practice, NUST has introduced the option of Minors for its undergraduate students. A student who meets the pre-requisites can register a Minor of his/her choice from the list of Minors offered by the NUST institutions as per NUST policy. b. Salient features of NUST Policy on Minors. The Minors are offered as per the following details: (1) Students may choose a Minor after successful completion of 1st year of the UG programme. (2) Where possible (without clash of timetable and seat availability in the class, etc.), students opting for Minor will be allowed to attend with the regular class. (3) The time slot of",f summer camp nust conducting several summer schoolscamps national international student detail summer camp conducted summer given national summer camp robotics automation summer camp ceme b artificial intelligence summer camp seecs c science fun summer camp scme summer camp preuniversity student student affair directorate belt road aerospace innovation alliance space exploration summer camp highperformance computing aeronautics sine summer camp energy uspcase option minor line international practice nust introduced option minor undergraduate student student meet prerequisite register minor hisher choice list minor offered nust institution per nust policy b salient feature nust policy minor minor offered per following detail student may choose minor successful completion year ug programme possible without clash timetable seat availability class etc student opting minor allowed attend regular class time slot
ug_p54_101,ug,54,"4:00-5:00 pm (Monday - Friday) or 2:00-5:00 pm (Tuesday-Thursday) will be reserved by all institutions for Minor courses in case a separate class is to be conducted for Minors. (4) Courses with prerequisites may be avoided for Minors, wherever possible, to allow maximum students to opt for such courses. (5) Courses with labs, if essential, be modified and lab portions are appropriately adjusted in projects and home assignments. (6) The minimum number of students for a Minor subject to be offered separately is “10”. 50 NUST Undergraduate Student Handbook",pm monday friday pm tuesdaythursday reserved institution minor course case separate class conducted minor course prerequisite may avoided minor wherever possible allow maximum student opt course course lab essential modified lab portion appropriately adjusted project home assignment minimum number student minor subject offered separately nust undergraduate student handbook
ug_p55_102,ug,55,"(7) Minors may also be offered in Summer Semester, if the resources permit. (8) MS level courses (SINES & USPCAS-E) may also be considered for Minors, if applicable. No special classes will be arranged for MS-level Minors. (9) Minor with title will be shown in the student transcript. (10) Minor CGPA will be calculated separately from SGPA/CGPA. (11) CHs for Minors will be in addition to the standard workload of the degree. (12) The student has to complete a minimum of 12 CHs (4x Courses) to earn a Minor out of six courses offered against each Minor. (13) Students will be facilitated to take Minor subjects in a semester by extending the maximum limit of CHs from 18 to 21 CHs with the permission of the Dean. For further extension in special circumstances, the case may be referred to Main Office (Registrar Dte). (14) The minimum CGPA required for opting for a Minor is 2.75 for Engineering, IT, CS, Natural & Applied Biosciences, Architecture & Industrial Design and 3.00 for UG degree programmes of NBS & S3H. (15) W and F grades in the case of a Minor subject will not be reflected in the student's transcript. However, the student",minor may also offered summer semester resource permit m level course sine uspcase may also considered minor applicable special class arranged mslevel minor minor title shown student transcript minor cgpa calculated separately sgpacgpa chs minor addition standard workload degree student complete minimum chs course earn minor six course offered minor student facilitated take minor subject semester extending maximum limit chs chs permission dean extension special circumstance case may referred main office registrar dte minimum cgpa required opting minor engineering c natural applied bioscience architecture industrial design ug degree programme nb w f grade case minor subject reflected student transcript however student
ug_p55_103,ug,55,"will have to pass all four courses to be eligible for the Minor. In case a student does not clear four courses, then the courses with pass grades will be reflected in the transcripts as “Additional Courses”. (16) If a student wants to change his/her Minor can do so at once latest by end of the 4th semester. Courses with failure (F grade) will not be reflected on Student Transcript. (17) Students will be charged a tuition fee for taking Minor subjects as per policy. (18) Guidelines for each Minor will be devised by Minor offering institutions and widely circulated among students to facilitate them in choosing a Minor. c. The benefits of Minors are: (1) flexibility in choosing a career of choice after graduation; (2) edge over others during job interviews; NUST Undergraduate Student Handbook 51",pas four course eligible minor case student clear four course course pas grade reflected transcript additional course student want change hisher minor latest end semester course failure f grade reflected student transcript student charged tuition fee taking minor subject per policy guideline minor devised minor offering institution widely circulated among student facilitate choosing minor c benefit minor flexibility choosing career choice graduation edge others job interview nust undergraduate student handbook
ug_p56_104,ug,56,"(3) better performance with an understanding of multi-disciplinary areas at a place of work. d. Minors offered at NUST: (1) Management (NBS) (2) Applied Biosciences (ASAB) (3) Mathematics (SNS) (4) Physics (SNS) (5) Chemistry (SNS) (6) Computing (C of E&ME and MCS) (7) Design and Simulation of Mechanical Systems (C of E&ME) (8) Economics (S3H) (9) Psychology (S3H) (10) Govt. & Public Policy (S3H) (11) Mass Communication (S3H) (12) Chemical Engineering (SCME) (13) Materials Engineering (SCME) (14) Automotive Technology (SMME) (15) Computer Science (SEECS) (16) Sustainable Environmental Management (IESE-SCEE) (17) Civil Engineering (NICE-SCEE) (18) Geoinformatics (IGIS-SCEE) (19) Software Engineering (MCS) 3. Inter-Institutional Transfer. Under extraordinary circumstances, on the recommendation of the Principal/ Commandant of the concerned institution, the Rector may allow transfer of a student within NUST. Migration policy is available on NUST website https://nust.edu.pk/admissions/undergraduates/migration-transfer-policy/ 52 NUST Undergraduate Student Handbook",better performance understanding multidisciplinary area place work minor offered nust management nb applied bioscience asab mathematics sn physic sn chemistry sn computing c eme mc design simulation mechanical system c eme economics psychology govt public policy mass communication chemical engineering scme material engineering scme automotive technology smme computer science seecs sustainable environmental management iesescee civil engineering nicescee geoinformatics igisscee software engineering mc interinstitutional transfer extraordinary circumstance recommendation principal commandant concerned institution rector may allow transfer student within nust migration policy available nust website httpsnustedupkadmissionsundergraduatesmigrationtransferpolicy nust undergraduate student handbook
ug_p57_105,ug,57,"4. Change of Programme. Provision for change of program on completion of 1st year of studies is available to NUST UG Students. Policy is available on NUST website https://nust.edu.pk/wp- content/uploads/2020/03/Revised_Policy_on_Change_of_UG_Discipline.pdf 5. Second Degree. A student who has completed a bachelor’s degree from a NUST Institution can register for a second degree in any NUST Institution. Under the new degree, the student is given a waiver for the common/similar courses (similarity acceptance as per NUST policy) that s/he has studied in the first degree. To meet HEC criteria of minimum credit hours for the award of degree, subjects studied and waived off from the first-degree programme are transferred against the new degree without the grade letters and credit hours. CGPA of the new degree is calculated based on the courses only undertaken during the second degree. a. Conditions for Second Degree. Following conditions will apply for second degree: (1) The application for undertaking a second degree must be received within one year of graduation. (2) Common courses with minimum C grade will be transferred. (3) The student will be required to complete credit hours as per respective degree requirements. (4) Transferred courses will be listed as transferred and their grades will",change programme provision change program completion year study available nust ug student policy available nust website httpsnustedupkwp second degree student completed bachelor degree nust institution register second degree nust institution new degree student given waiver commonsimilar course similarity acceptance per nust policy studied first degree meet hec criterion minimum credit hour award degree subject studied waived firstdegree programme transferred new degree without grade letter credit hour cgpa new degree calculated based course undertaken second degree condition second degree following condition apply second degree application undertaking second degree must received within one year graduation common course minimum c grade transferred student required complete credit hour per respective degree requirement transferred course listed transferred grade
ug_p57_106,ug,57,"not be reflected and counted towards the CGPA of the new degree. (5) A student registering for a second degree will not be eligible for any honour, financial/academic award applicable to other regular students. (6) The minimum time for earning the second degree is two years and a maximum of three years after registering for the second degree. (7) The second-degree option is exclusively available for NUST graduates of the students graduated in last 2 years only. (8) Programmes, where second-degree programmes can be considered, include a maximum number of possible transferred subjects, initially for the following bachelor degree programmes: From Programme To Programme NUST Undergraduate Student Handbook 53",reflected counted towards cgpa new degree student registering second degree eligible honour financialacademic award applicable regular student minimum time earning second degree two year maximum three year registering second degree seconddegree option exclusively available nust graduate student graduated last year programme seconddegree programme considered include maximum number possible transferred subject initially following bachelor degree programme programme programme nust undergraduate student handbook
ug_p58_107,ug,58,"• Geoinformatics Engineering • Civil Engineering (SCEE-NICE) (SCEE-IGIS) • Environmental Engineering (SCEE-IESE) • Materials Engineering (SCME) • Chemical Engineering (SCME) • Chemical Engineering (SMME/CEME/PNEC) • Avionics Engineering (CAE) • Electrical Engineering (SEECS/CEME/PNEC) • Aerospace Engineering (CAE) • Mechanical Engineering (SMME/CEME/PNEC) (9) Admission of NUST graduate applicants is strictly subject to merit position determined by Registrar Dte as well as seats availability in the discipline applied. b. Registration Process. The following process will be followed for the registration in the second-degree programme: (1) The candidate who has completed the first degree with min CGPA of 2.00 will be eligible to apply for registration in the second degree. (2) Application along with the complete transcript of the first degree will be submitted to the Registrar Dte not later than 30th July of the year for which registration is desired. (Registrar Dte may devise a form for the purpose). (3) Registrar Dte after verification of the information, given in the applications, will forward it to the concerned Schools/Colleges where the applicant is seeking admission for the second degree within one week after receipt of the application. (4) The concerned school will evaluate the applications and will indicate the following: (a) Details of courses",geoinformatics engineering civil engineering sceenice sceeigis environmental engineering sceeiese material engineering scme chemical engineering scme chemical engineering smmecemepnec avionics engineering cae electrical engineering seecscemepnec aerospace engineering cae mechanical engineering smmecemepnec admission nust graduate applicant strictly subject merit position determined registrar dte well seat availability discipline applied b registration process following process followed registration seconddegree programme candidate completed first degree min cgpa eligible apply registration second degree application along complete transcript first degree submitted registrar dte later july year registration desired registrar dte may devise form purpose registrar dte verification information given application forward concerned schoolscolleges applicant seeking admission second degree within one week receipt application concerned school evaluate application indicate following detail course
ug_p58_108,ug,58,"accepted/transferred for a new degree in the light of HEC/NUST course transfer policy. (b) Details of courses to be studied during the second degree. (5) The School will respond to Registrar Dte within one week, who will process the admission and inform the student before 31st August. 6. Outbound Student Exchange. NUST has signed several Memoranda of Understanding (MoU) with international universities across the world. These MoUs cover student exchange programmes on mutually agreed terms and conditions. NUST encourages inbound and outbound visiting students for a period of 3 to 12 months. Some of our 54 NUST Undergraduate Student Handbook",acceptedtransferred new degree light hecnust course transfer policy b detail course studied second degree school respond registrar dte within one week process admission inform student august outbound student exchange nust signed several memoranda understanding mou international university across world mous cover student exchange programme mutually agreed term condition nust encourages inbound outbound visiting student period month nust undergraduate student handbook
ug_p59_109,ug,59,"institutions are sending students to reputed foreign universities to study for one semester. Such exposure to students is extremely useful in their academic and personality grooming. Outbound Student Exchange Policy will regulate the selection of students, selection of courses, and acceptance of grades earned overseas by NUST students. Salient aspects of the policy related to students’ actions/information are mentioned below. However, a complete policy is available with NUST International Office (NIO). a. Eligibility Criteria (1) Selection of a candidate for exchange will be on merit based on CGPA. (2) The applicant must be enrolled as a full-time student at NUST, and be in semester third, fourth and fifth. (3) The student should have qualified at least three semesters with a minimum CGPA of 2.50/4.00 to apply for an exchange programme. (4) At a time, a student can apply to two different exchange programmes, but within an exchange programme, can only choose one university. Specifically, for Mevlana Exchange, students can give their university choices in order of preference. Out of their preferences, one university will be allocated based on merit. (5) If a student has already undertaken an exchange programme once in a degree programme, priority will be given to those",institution sending student reputed foreign university study one semester exposure student extremely useful academic personality grooming outbound student exchange policy regulate selection student selection course acceptance grade earned overseas nust student salient aspect policy related student actionsinformation mentioned however complete policy available nust international office nio eligibility criterion selection candidate exchange merit based cgpa applicant must enrolled fulltime student nust semester third fourth fifth student qualified least three semester minimum cgpa apply exchange programme time student apply two different exchange programme within exchange programme choose one university specifically mevlana exchange student give university choice order preference preference one university allocated based merit student already undertaken exchange programme degree programme priority given
ug_p59_110,ug,59,who have not undertaken it already in that degree programme. (6) The student should have a clean record of discipline. (7) The student must be proficient in English to meet the language requirement of the host university. (8) The student must accept the terms of the exchange as agreed between NUST and the host university/institution. b. Procedure (1) Call of Nominations. Institutional Focal Persons for Internationalization (IFPI) will be the point of contact for exchange programme nominations. (2) Submission of Application. IFPI will collect all applications and forward the same to NUST NIO for further submission to the host university for consideration. Students are advised to regularly check the NIO webpage for call of nominations for exchange programmes at https://nio.nust.edu.pk/mobility/exchanges/outbound/ (3) All students must apply to obtain clearance (NOC/ Clearance to Leave) from NUST. The students will submit their applications on the NUST Undergraduate Student Handbook 55,undertaken already degree programme student clean record discipline student must proficient english meet language requirement host university student must accept term exchange agreed nust host universityinstitution b procedure call nomination institutional focal person internationalization ifpi point contact exchange programme nomination submission application ifpi collect application forward nust nio submission host university consideration student advised regularly check nio webpage call nomination exchange programme httpsnionustedupkmobilityexchangesoutbound student must apply obtain clearance noc clearance leave nust student submit application nust undergraduate student handbook
ug_p60_111,ug,60,"prescribed form to the Registrar duly recommended by the respective FBS of the institution. (The Form is available on NUST Website) https://nust.edu.pk/downloads/forms/ (4) After completion/confirmation of process, IFPI must forward details of departure and arrival of the respective students to Registrar with info to NIO. (5) Duration of Exchange Programme. Students will be allowed to study for 1 - 2 semesters in a foreign university of repute. (6) Selection of Courses. The institution will keep in view the compatibility of the courses planned to be studied abroad so that their equivalence could be established for exemptions from own/missed courses. (7) Acceptance of Attended Courses (a) On return, the courses studied by the students at foreign universities, with compatible contents and minimum ‘C’ grade/(qualifying grade of the host university) will be accepted/reckoned for transfer/inclusion in the transcripts. (b) Other qualified courses, that are not compatible with their curriculum, may be accepted and reflected as additional courses in the transcript. (8) Deficient Course(s) (a) Students to clear deficient courses in the summer/regular semester. (b) Students undertaking the exchange programme during or at the end of the 3rd year are required to study their deficient courses during the summer semester hence may not",prescribed form registrar duly recommended respective fbs institution form available nust website httpsnustedupkdownloadsforms completionconfirmation process ifpi must forward detail departure arrival respective student registrar info nio duration exchange programme student allowed study semester foreign university repute selection course institution keep view compatibility course planned studied abroad equivalence could established exemption ownmissed course acceptance attended course return course studied student foreign university compatible content minimum c gradequalifying grade host university acceptedreckoned transferinclusion transcript b qualified course compatible curriculum may accepted reflected additional course transcript deficient course student clear deficient course summerregular semester b student undertaking exchange programme end year required study deficient course summer semester hence may
ug_p60_112,ug,60,"be able to undertake their internships. In such cases, these students can be exempted from the requirement of a 3rd-year internship. The exemption can be sought by the institution on case-to-case basis from the Pro-Rector (Acad). (c) In case any 3rd-year student has already completed an internship before going for the exchange programme, that may be accepted in lieu of a 3rd-year internship. (9) Post Exchange Programme Report. On return, the students will submit Post Exchange Visit Report to their respective IFPI. (10) Tuition Fee. The selected student will pay the tuition fee for the semester(s) attended abroad in accordance with the provision of the 56 NUST Undergraduate Student Handbook",able undertake internship case student exempted requirement internship exemption sought institution casetocase basis prorector acad c case student already completed internship going exchange programme may accepted lieu internship post exchange programme report return student submit post exchange visit report respective ifpi tuition fee selected student pay tuition fee semester attended abroad accordance provision nust undergraduate student handbook
ug_p61_113,ug,61,"MoU with that university. For other students, where deferment has been asked, will pay 25% of the tuition fee as per the deferment rule given in the Statutes. 7. Student Advisory System. NUST has always endeavoured to adopt new measures and practices to help its students achieve par excellence in all domains of their lives. Student Advisory System (SAS) is a platform available to NUST UG students for informal interaction and guidance during their stay at NUST. It helps students to become well conversant with the NUST Academic Regulations and to overcome their personal and academic issues. a. Structure. All UG freshmen students are assigned an Advisor who acts as a guardian/mentor of the student to counsel and provide necessary guidance. The students from different academic batches assigned to a particular faculty member form the Advisor Group for that faculty member. Freshmen students are required to attend their session in first week of each month, planned to facilitate, guide, and groom new students during their settling down phase. Furthermore, mandatory advisory sessions are held for students having some academic deficiency (in 3rd, 9th and 15th week), i.e., CGPA/SGPA less than minimum qualifying grade, or having W/XF/F grade in one or",mou university student deferment asked pay tuition fee per deferment rule given statute student advisory system nust always endeavoured adopt new measure practice help student achieve par excellence domain life student advisory system sa platform available nust ug student informal interaction guidance stay nust help student become well conversant nust academic regulation overcome personal academic issue structure ug freshman student assigned advisor act guardianmentor student counsel provide necessary guidance student different academic batch assigned particular faculty member form advisor group faculty member freshman student required attend session first week month planned facilitate guide groom new student settling phase furthermore mandatory advisory session held student academic deficiency week ie cgpasgpa less minimum qualifying grade wxff grade one
ug_p61_114,ug,61,"more courses. In addition to that, desirous student may request student advisor if s/he considers the requirement of an advisory session or any student as decided by the Head of the Institution. The student advisor will raise an evaluation report at the end of each semester in respect of each student in his/her group that covers the students' personality traits, trends and academic performance during the semester. b. Key Benefits. The SAS helps to: (1) facilitate freshman (students in their adjustment phase); (2) imbed a system of grooming, personality development, regular advice, and guidance to the students during their course of studies; (3) ensure that all students understand academic regulations/policies as vividly as possible through regular coaching; (4) install and nurture an effective system for monitoring of academic progress of students and provide guidance for improvement; (5) ensure regular dissemination and understanding of important information/revised policies down at the student level; (6) provide an effective system for prompt detection of any signs of radicalization/extremism on the campus and handling of students' personal issues. 8. Student Counselling. NUST Undergraduate Student Handbook 57",course addition desirous student may request student advisor considers requirement advisory session student decided head institution student advisor raise evaluation report end semester respect student hisher group cover student personality trait trend academic performance semester b key benefit sa help facilitate freshman student adjustment phase imbed system grooming personality development regular advice guidance student course study ensure student understand academic regulationspolicies vividly possible regular coaching install nurture effective system monitoring academic progress student provide guidance improvement ensure regular dissemination understanding important informationrevised policy student level provide effective system prompt detection sign radicalizationextremism campus handling student personal issue student counselling nust undergraduate student handbook
ug_p62_115,ug,62,"a. Center for Counselling and Career Advisor (C3A) is a significant component of student services and offers confidential and professional services to all members of the NUST community. This service is FREE to all NUST community, i.e., students, staff, and faculty members. Counselling helps address short-term personal, social, familial, or academic worries to long- term often more complex psychological issues. b. NUST is the only University in Pakistan that has an autonomous unit, with a committed team of trained psychologists and counsellors. Qualified psychologists counsel, administer psychological tests and offer workshops and group sessions on pertinent issues. Self-help material is available on issues related to students' concerns on the C3A website. The Centre strives to take a holistic approach towards students' development so that they may thrive professionally and personally. c. Counselling Services. Sharing personal issues with friends and family can have biased responses as sometimes social support is not enough to deal with life challenges. Hence, there are times when it is appropriate to seek professional help. Counselling is a chance to talk over what is on one's mind with a trained professional who can assist, guide, and help address the challenging areas of life. A new perspective of",center counselling career advisor significant component student service offer confidential professional service member nust community service free nust community ie student staff faculty member counselling help address shortterm personal social familial academic worry long term often complex psychological issue b nust university pakistan autonomous unit committed team trained psychologist counsellor qualified psychologist counsel administer psychological test offer workshop group session pertinent issue selfhelp material available issue related student concern website centre strives take holistic approach towards student development may thrive professionally personally c counselling service sharing personal issue friend family biased response sometimes social support enough deal life challenge hence time appropriate seek professional help counselling chance talk one mind trained professional assist guide help address challenging area life new perspective
ug_p62_116,ug,62,handling and coping is introduced in a caring and supportive environment. Career counselling and advisory is another main feature of C3A’s services. It aims at empowering individuals in making informed decisions about their future career aspirations. C3A offers the following services: (1) Individual Counselling (2) Group Counselling (3) Career Counselling (4) Psychological Testing (as required) (5) Workshops and Trainings (6) Seminars and Lectures (7) Counselling Camps (8) Harassment Complaint Cell (9) Outreach Programs d. Some of the issues addressed at the Centre are: (1) Examination anxiety (2) Lack of confidence (3) Poor class performance 58 NUST Undergraduate Student Handbook,handling coping introduced caring supportive environment career counselling advisory another main feature service aim empowering individual making informed decision future career aspiration offer following service individual counselling group counselling career counselling psychological testing required workshop training seminar lecture counselling camp harassment complaint cell outreach program issue addressed centre examination anxiety lack confidence poor class performance nust undergraduate student handbook
ug_p63_117,ug,63,"(4) Lack of motivation (5) Adjustment problems / Homesickness (6) Sadness and depression (7) Trauma (8) Stress management (9) Anger management (10) Career interests (11) Relationships/attachment issues (12) Student-teacher conflict (13) Procrastination (14) Internet addiction e. A counsellor at C3A is a trained professional who accepts individual differences, listens empathetically, and seeks to help individuals pursue their goals with an adaptive approach. The environment is congenial and friendly where the counsellor offers support, care and understanding and responds in a non-judgmental and non-critical way. At C3A, people are helped to explore themselves, their feelings and interests. Their values, choices, and lifestyles are respected. They are guided to make decisions, choices, or changes that would help them prosper professionally and personally. f. E-Counselling. C3A initiated an e-counselling facility via email for all the NUST students during pandemic to facilitate them during COVID-19 and lock down. Now, in an effort to enhance accessibility of the C3A services for all NUST fraternity, e-counselling is available via various online channels such as MS Teams and Google Meet only for institutes other than NUST H-12 campus. g. Confidentiality. The Centre remains committed to offering a discreet and confidential service and is fully aware of the",lack motivation adjustment problem homesickness sadness depression trauma stress management anger management career interest relationshipsattachment issue studentteacher conflict procrastination internet addiction e counsellor trained professional accepts individual difference listens empathetically seek help individual pursue goal adaptive approach environment congenial friendly counsellor offer support care understanding responds nonjudgmental noncritical way people helped explore feeling interest value choice lifestyle respected guided make decision choice change would help prosper professionally personally f ecounselling initiated ecounselling facility via email nust student pandemic facilitate lock effort enhance accessibility service nust fraternity ecounselling available via various online channel m team google meet institute nust campus g confidentiality centre remains committed offering discreet confidential service fully aware
ug_p63_118,ug,63,"vulnerabilities and sensitivities of its clients at all times. C3A abides by all personal, social, ethical, and professional norms. Counselling records do not form a part of or affect a student's academic profile in any way. Visiting the Centre and all records are kept strictly confidential. h. Harassment Complaint Cell. To ensure a safe environment NUST has also established a Harassment Complaint Cell at C3A as per HEC policy. (1) If anyone feels harassed and need to report the matter, it can be done verbally (informal complaint) or in writing (formal complaint) simply by using any one of the following available roles/ channels. (a) School authority (Principal/ HoD/ Dean/ Student Advisor/ faculty/ female focal person/ Director/ Deputy Director). NUST Undergraduate Student Handbook 59",vulnerability sensitivity client time abides personal social ethical professional norm counselling record form part affect student academic profile way visiting centre record kept strictly confidential h harassment complaint cell ensure safe environment nust also established harassment complaint cell per hec policy anyone feel harassed need report matter done verbally informal complaint writing formal complaint simply using one following available role channel school authority principal hod dean student advisor faculty female focal person director deputy director nust undergraduate student handbook
ug_p64_119,ug,64,"(b) Harassment Complaint Cell at C3A j. Student Feedback. A few excerpts from the feedback given by students who benefited from C3A: (1) “I wanted to say a big thank you for everything you've done for me in our recent sessions. I was feeling very stressed and anxious before I met you, and your sessions have made a huge difference. I really appreciate how you listened to me without judging, and your advice and support have helped me understand and manage my problems better. I'm grateful for your kindness and dedication to helping people like me. If I ever need help in the future, I won't hesitate to reach out to you.” (2) “I wanted to express my sincere gratitude for the insightful psychological sessions I have had at C3A. Your guidance has been immensely valuable, helping me gain clarity on my thoughts and providing effective tools to work on myself. The sessions have proven instrumental in fostering personal growth, and I truly appreciate your professionalism and expertise. Thank you for creating a supportive and enriching environment.” (3) “The session was held very professionally. I was actually surprised by the insight of things I gained from it. The counsellor explained",b harassment complaint cell j student feedback excerpt feedback given student benefited wanted say big thank everything youve done recent session feeling stressed anxious met session made huge difference really appreciate listened without judging advice support helped understand manage problem better im grateful kindness dedication helping people like ever need help future wont hesitate reach wanted express sincere gratitude insightful psychological session guidance immensely valuable helping gain clarity thought providing effective tool work session proven instrumental fostering personal growth truly appreciate professionalism expertise thank creating supportive enriching environment session held professionally actually surprised insight thing gained counsellor explained
ug_p64_120,ug,64,"the path I needed to follow to get to my destination, and I have to admit I would’ve not understood things if I hadn’t been in this session.” k. Make an Appointment Visit us at: SADA Building, Block C, Ground Floor, H-12 Campus, Islamabad Book an Appointment on: Qalam Office Timings: Mondays to Fridays – 9:00 am – 5:00 pm Call: 051-9085-1571; 051-9085-1579 Anti-Harassment 0309-8883366 Complaint Cell Helpline: 60 NUST Undergraduate Student Handbook",path needed follow get destination admit would understood thing session k make appointment visit u sada building block c ground floor campus islamabad book appointment qalam office timing monday friday pm call antiharassment complaint cell helpline nust undergraduate student handbook
ug_p65_121,ug,65,"Email: c3a@nust.edu.pk Like us: https://www.facebook.com/profile.php?id=100 090112041131&mibextid=LQQJ4d Follow us: https://www.instagram.com/c3a_nust?igsh=M WNkaHE0ZTZmazd4Yg%3D%3D&utm_source=q r Visit us: https://c3a.nust.edu.pk/ 9. Financial Assistance. a. Financial Assistance for Undergraduate Students. Financial assistance shall be given to the student based on semester examination results, irrespective of a scholarship from any other source. However, a restriction may be imposed barring a student from availing scholarship if the sum exceeds the total tuition fee and the living expenses, including the students’ tuition fee, hostel, and other allied charges. A student taking less than the regular semester load shall not be considered for any form of financial assistance. Financial assistance is given to the students on a performance basis as per policy in vogue, in each semester. b. Forfeiture of Concession. Absence from or failure in a University examination, lack of progress and assiduity in studies, breach of discipline, or reprehensible conduct, shall incur the loss of full, 75%, 50%, or 25% of tuition fee/scholarship granted to any student, and he/she shall have to pay the full tuition fee within the stipulated period, failing which his/her name shall be struck off the rolls. Rector, on the recommendation of the head of the institution, shall decide the revised percentage of fee concession",email like u follow u r visit u financial assistance financial assistance undergraduate student financial assistance shall given student based semester examination result irrespective scholarship source however restriction may imposed barring student availing scholarship sum exceeds total tuition fee living expense including student tuition fee hostel allied charge student taking less regular semester load shall considered form financial assistance financial assistance given student performance basis per policy vogue semester b forfeiture concession absence failure university examination lack progress assiduity study breach discipline reprehensible conduct shall incur loss full tuition feescholarship granted student heshe shall pay full tuition fee within stipulated period failing hisher name shall struck roll rector recommendation head institution shall decide revised percentage fee concession
ug_p65_122,ug,65,"based on the gravity of the offense/circumstance on a case-to-case basis. c. Need-based Scholarship/Fee Waiver/Deferred Payment. NUST has launched a need-based scholarship scheme to enable financially underprivileged but talented students to acquire higher education on its campuses. Salient features of the scheme are as follows: (1) A limited number of scholarships/fee waivers will be awarded to needy entrants of the University every year. (2) The scholarship will be for the full duration of the programme in which the student is enrolled. (3) Financially under-privileged students, who are unable to pay their fees and do not get need-based scholarship/fee waiver may be allowed deferred payment on a case-to-case basis. (4) Other Opportunities. Some philanthropic organizations provide scholarships to orphans and disabled children studying at NUST. Such NUST Undergraduate Student Handbook 61",based gravity offensecircumstance casetocase basis c needbased scholarshipfee waiverdeferred payment nust launched needbased scholarship scheme enable financially underprivileged talented student acquire higher education campus salient feature scheme follows limited number scholarshipsfee waiver awarded needy entrant university every year scholarship full duration programme student enrolled financially underprivileged student unable pay fee get needbased scholarshipfee waiver may allowed deferred payment casetocase basis opportunity philanthropic organization provide scholarship orphan disabled child studying nust nust undergraduate student handbook
ug_p66_123,ug,66,"students can apply for such scholarships once they are admitted by NUST. (5) Punjab Educational Endowment Fund (PEEF) and include Baluchistan/ KPK (6) NUST Trust Fund d. Students may also apply on their own for other scholarships such as those offered by: (1) Higher Education Commission (HEC) (2) Students awarded NUST Need-based Scholarship (NNBS) are required to apply for external scholarships like Ehsaas, Punjab Educational Endowment Fund (PEEF), etc. Mandatory requirement. e. Fee/Charges (1) Students shall pay fees/charges as per laid down rates/policy. The fee structure of Engineering, Natural Sciences, Architecture and Biosciences as well as Business Studies & Social Sciences are reflected in Annex B. (2) Refund of Fee. The policy regarding refund of tuition fees is given below: % age of Tuition Fee Timeline for Semester System Full (100%) of Tuition Fee Apply up to 7th day of Refund convening of classes Half (50%) of Tuition From 8th - 15th day of convening Fee Refund of classes No Fee (0%) Refund From 16th day of classes (a) Admission Processing Fee is not refundable under any circumstances. (b) University will not accept any claim of refund after 3 years of the completion of degree/withdrawal from University and the amount",student apply scholarship admitted nust punjab educational endowment fund peef include baluchistan kpk nust trust fund student may also apply scholarship offered higher education commission hec student awarded nust needbased scholarship nnbs required apply external scholarship like ehsaas punjab educational endowment fund peef etc mandatory requirement e feecharges student shall pay feescharges per laid ratespolicy fee structure engineering natural science architecture bioscience well business study social science reflected annex b refund fee policy regarding refund tuition fee given age tuition fee timeline semester system full tuition fee apply day refund convening class half tuition day convening fee refund class fee refund day class admission processing fee refundable circumstance b university accept claim refund year completion degreewithdrawal university amount
ug_p66_124,ug,66,"of security will be transferred to the NUST Endowment Fund. f. Tuition Fee Payment (1) The fee must be paid in full including any outstanding dues, on receipt of fee invoice on Qalam, and informed through email/SMS message. (2) International students are charged in advance on an annual basis. 62 NUST Undergraduate Student Handbook",security transferred nust endowment fund f tuition fee payment fee must paid full including outstanding due receipt fee invoice qalam informed emailsms message international student charged advance annual basis nust undergraduate student handbook
ug_p67_125,ug,67,"(3) The invoices shall be issued 15 days before the closure of the running semester (running semester is Summer semester for Fall semester and Fall semester for Spring semester). (4) For the Summer semester, the fee will be issued in the third week of the semester. (5) The total time available is 15 days plus semester break and the first two weeks of the start of the semester from the date of issue. (6) All students must pay their fees/dues by the due date. (7) If a student is unable to pay the fees/dues by the due date, due to financial challenges, s/he must seek other options of paying in installments/fee deferment up to 50%, etc., through the institute. (8) Students will only be allowed to register for the semester after a deposit of university dues. g. Rectification of Anomalies. Students’ issues, if any, will be reported to the account officer for rectification/removal of errors from Fin Dte. After correction revised fee invoice will be issued by Fin Dte on Qalam. h. Payment in Installments. A student in case of any financial difficulties can approach the school/college accounts branch for submitting the application to Fin Dte/fee section Main Office for",invoice shall issued day closure running semester running semester summer semester fall semester fall semester spring semester summer semester fee issued third week semester total time available day plus semester break first two week start semester date issue student must pay feesdues due date student unable pay feesdues due date due financial challenge must seek option paying installmentsfee deferment etc institute student allowed register semester deposit university due g rectification anomaly student issue reported account officer rectificationremoval error fin dte correction revised fee invoice issued fin dte qalam h payment installment student case financial difficulty approach schoolcollege account branch submitting application fin dtefee section main office
ug_p67_126,ug,67,"paying the fee in installments. A payment schedule that is satisfactory to the University when agreed shall be honoured by the student. i. Failure to pay by the due date (1) 2% on the total payable amount if dues are deposited after 15 days of issuance of fee invoices till extended time expires by the end 2nd week of the semester including semester break. (2) A sanction will be placed on students who do not deposit the fee by end of extended time by not allowing them to register for the semester or withholding academic activities in case of PG students by the institute. (3) Sanctions placed on the students, who failed to deposit the dues are as under: (a) Suspension of the semester, students will pay 25% of the fee for the suspended semester to keep the registration intact. (b) In case of deposit of dues within first two weeks, attendance will be marked as under: NUST Undergraduate Student Handbook 63",paying fee installment payment schedule satisfactory university agreed shall honoured student failure pay due date total payable amount due deposited day issuance fee invoice till extended time expires end week semester including semester break sanction placed student deposit fee end extended time allowing register semester withholding academic activity case pg student institute sanction placed student failed deposit due suspension semester student pay fee suspended semester keep registration intact b case deposit due within first two week attendance marked nust undergraduate student handbook
ug_p68_127,ug,68,"i. “Present”, will be marked from the day of deposit of dues. ii. Days before the deposit day from the start of the semester will be marked as “Absent”. (c) No student would be allowed to register for the semester after the expiry of extended time, i.e., by the end of 2nd week of the semester with semester status as suspended. (d) In case of the summer semester, the following will be ensured: i. If a student quits within the first two weeks, the fee will be charged with no W grade and will be considered outstanding against the student in case of non-deposit. ii. In case a student does not deposit the fee by the due date after the 2nd week, he/she will be de-registered with W grades along with the outstanding fee. (e) Any student who fails to pay their hostel dues, within two weeks from the start of semester will not be enrolled in the semester. However, if a student fails to clear monthly hostel dues by due date, then hostel authorities to take action against him/her as per hostel laws. (f) If a student applies for an installment payment plan and fails to make subsequent payments",present marked day deposit due ii day deposit day start semester marked absent c student would allowed register semester expiry extended time ie end week semester semester status suspended case summer semester following ensured student quits within first two week fee charged w grade considered outstanding student case nondeposit ii case student deposit fee due date week heshe deregistered w grade along outstanding fee e student fails pay hostel due within two week start semester enrolled semester however student fails clear monthly hostel due due date hostel authority take action himher per hostel law f student applies installment payment plan fails make subsequent payment
ug_p68_128,ug,68,"before the mid-exams, he/she will be temporarily suspended. However, if the student has only one installment left, which is due near the date of the final exam, he/she will be allowed to appear in the exam. However, he/she will not be registered in subsequent semester and in case of 8th Semester (passing out student), his result, certificates, transcript, and degree will be withheld, till the clearance of all university dues. 10. NUST Redressal Policy for the Students with Different Abilities. a. NUST aims to promote a fair environment for all students and is committed to removing barriers and providing access to students who have any special needs due to their different abilities. Two committees have been constituted; the central committee under the leadership of the Registrar and the other at the school level, headed by the Dean/Principal of the school. The central committee would look at the provision of support and assessment at the time of the admission in NUST and later on the committee at school would ensure support in matters regarding curriculum, examination, and other relevant aspects to the students having any different ability. Central Committee comprises of following members: (1) Registrar - Chairman 64 NUST Undergraduate Student",midexams heshe temporarily suspended however student one installment left due near date final exam heshe allowed appear exam however heshe registered subsequent semester case semester passing student result certificate transcript degree withheld till clearance university due nust redressal policy student different ability nust aim promote fair environment student committed removing barrier providing access student special need due different ability two committee constituted central committee leadership registrar school level headed deanprincipal school central committee would look provision support assessment time admission nust later committee school would ensure support matter regarding curriculum examination relevant aspect student different ability central committee comprises following member registrar chairman nust undergraduate student
ug_p68_129,ug,68,Handbook,handbook
ug_p69_130,ug,69,"(2) Rep Administration Directorate - Member (3) Rep Admissions Directorate - “ (4) Rep Finance Directorate - “ (5) Rep SA Directorate - “ (6) Rep UG Section - “ (7) Rep PG Section - “ (8) Rep Medical Centre - “ (9) Rep ICT Directorate - “ b. Following measures are undertaken to ensure an equal playing field for students with different abilities: (1) Online registration of admission includes one question to state the different abilities with reassurance that disclosure would not impact their chances of getting admission. This would help facilitate the student based on their needs. (2) The tutor at the respective schools will be the focal point for the student and would facilitate him/her in both academic and co- curricular activities. (3) The school will be responsible for facilitating students with different abilities in teaching and examination (e.g., priority seating in the classroom, recording the lecture, substituting assignment, and assistance of writer in the exam). (4) Entrepreneurship training would be ensured for the self-employment of students with different abilities. (5) Priority counselling services at C3A would be ensured for both students with temporary or long-standing psychological and physical different abilities. (6) Provision of emergency medical services",rep administration directorate member rep admission directorate rep finance directorate rep sa directorate rep ug section rep pg section rep medical centre rep ict directorate b following measure undertaken ensure equal playing field student different ability online registration admission includes one question state different ability reassurance disclosure would impact chance getting admission would help facilitate student based need tutor respective school focal point student would facilitate himher academic co curricular activity school responsible facilitating student different ability teaching examination eg priority seating classroom recording lecture substituting assignment assistance writer exam entrepreneurship training would ensured selfemployment student different ability priority counselling service would ensured student temporary longstanding psychological physical different ability provision emergency medical service
ug_p69_131,ug,69,to facilitate such occurrence within the campus. c. Contact details of Disability Coordinators: Ser. Name Mobile No Email (1) Dr Ehsan Ul Hasan 0332-5200781 Ehsan.hasan@seecs.edu.pk (2) Dr Khurram Yousuf 0342-4000972 kyousaf@asab.nust.edu.pk (3) Ms Ayesha Mushtaq 0323-5380900 ddstudentaffairs@nust.edu.pk NUST Undergraduate Student Handbook 65,facilitate occurrence within campus c contact detail disability coordinator ser name mobile email dr ehsan ul hasan ehsanhasanseecsedupk dr khurram yousuf kyousafasabnustedupk m ayesha mushtaq ddstudentaffairsnustedupk nust undergraduate student handbook
ug_p70_132,ug,70,"11. Other Academic Provisions. a. Registration of number of CHs per Semester. NUST offers flexibility to the students to register for a varied number of courses each regular semester from a minimum of 12 to a maximum of 18 CHs (21 CHs in exceptional circumstances). For Summer Semester a maximum of two courses (three courses in exceptional circumstances) are allowed for the clearance of F grade or improvement of grades only. b. Freezing/Deferment of a semester. Refer to Para 9 to Chapter 3, Para 31 to Chapter 4, Para 15 to Chapter 5 for details. c. Additional Courses. A student may register for Additional Courses of interest subject to a maximum limit per semester. Such courses will be reflected in the transcript as Additional Courses and their grades will not be counted towards the calculation of CGPA. d. Language Courses. A student may take language courses (French, German, Spanish & Chinese) being offered every semester as Additional Courses. e. Elimination of clause “Probation leading to Withdrawal” in the last year of studies. Refer Para 7 b (2) to Chapter 3, Para 29 b (2) to Chapter 4, Para 13 b (2) to Chapter 5 for details. 66 NUST Undergraduate Student",academic provision registration number chs per semester nust offer flexibility student register varied number course regular semester minimum maximum chs chs exceptional circumstance summer semester maximum two course three course exceptional circumstance allowed clearance f grade improvement grade b freezingdeferment semester refer para chapter para chapter para chapter detail c additional course student may register additional course interest subject maximum limit per semester course reflected transcript additional course grade counted towards calculation cgpa language course student may take language course french german spanish chinese offered every semester additional course e elimination clause probation leading withdrawal last year study refer para b chapter para b chapter para b chapter detail nust undergraduate student
ug_p70_133,ug,70,Handbook,handbook
ug_p71_134,ug,71,"Chapter 7: Issuance of Bachelor Degrees & Transcripts and Award of Medals & Prizes 1. Issuance of Bachelor Degrees Before Convocation. a. Graduating students are issued bachelor degrees during UG convocation; however, under special circumstances i.e., for further studies, employment purpose, and any other justified requirement, the degree is prepared and issued before convocation. b. The application form for obtaining the degree before convocation is available on the NUST website under the “Downloads” link http://www.nust.edu.pk/ Pages/Download_Details.aspx? DocID=31 & category=Forms. 2. Issuance of Duplicate Bachelor Degrees. In case of loss of original Bachelor degree, the student can apply for issuance of Duplicate Degree. Details are available on NUST website https://nust.edu.pk/downloads/duplicate-revised-ug-degree/ 3. Issuance of Revised Bachelor Degrees. a. A student desirous of changing name/father's name in the Bachelor degree will complete the following formalities: (1) The student is required to get his/her name changed in Matric/O level and FSc/A level equivalence certificates from concerned BISE/IBCC. Details for applying for Revised degree are available on NUST website https://nust.edu.pk/downloads/duplicate-revised-ug-degree/ 4. Issuance of NUST Official Transcript from Exam Branch Main Office. a. Studying Students. Regular students/On-Campus Students may obtain Official Transcript Semester wise/Final Transcript from Exam Branch Main Office, NUST by submitting requisite charges for",chapter issuance bachelor degree transcript award medal prize issuance bachelor degree convocation graduating student issued bachelor degree ug convocation however special circumstance ie study employment purpose justified requirement degree prepared issued convocation b application form obtaining degree convocation available nust website downloads link httpwwwnustedupk pagesdownloaddetailsaspx categoryforms issuance duplicate bachelor degree case loss original bachelor degree student apply issuance duplicate degree detail available nust website httpsnustedupkdownloadsduplicaterevisedugdegree issuance revised bachelor degree student desirous changing namefathers name bachelor degree complete following formality student required get hisher name changed matrico level fsca level equivalence certificate concerned biseibcc detail applying revised degree available nust website httpsnustedupkdownloadsduplicaterevisedugdegree issuance nust official transcript exam branch main office studying student regular studentsoncampus student may obtain official transcript semester wisefinal transcript exam branch main office nust submitting requisite charge
ug_p71_135,ug,71,"Transcript along with the Bank Receipt and submit the required documents in their Institutes/Schools/ Colleges. All the Information regarding Transcript charges is available on the following NUST Web Portal under downloads: https://nust.edu.pk/downloads/transcripts-dms/ b. Alumni/Off-Campus Students. Alumni/Off-Campus students may apply for the Final Transcript from Exam Branch Main Office, NUST by submitting requisite charges Transcript copy along with the Bank Receipt and submit the required documents in Exam Branch, Registrar Directorate, Main Office NUST, Islamabad. All the Information regarding Transcript charges is available on the following NUST Web Portal under downloads: https://nust.edu.pk/downloads/transcripts-dms/ 5. Attestation/Verification of Academic Documents. Students/Alumni may apply for the Attestation/Verification of NUST official Academic Documents Original/Copy (i.e., NUST Undergraduate Student Handbook 67",transcript along bank receipt submit required document institutesschools college information regarding transcript charge available following nust web portal downloads httpsnustedupkdownloadstranscriptsdms b alumnioffcampus student alumnioffcampus student may apply final transcript exam branch main office nust submitting requisite charge transcript copy along bank receipt submit required document exam branch registrar directorate main office nust islamabad information regarding transcript charge available following nust web portal downloads httpsnustedupkdownloadstranscriptsdms attestationverification academic document studentsalumni may apply attestationverification nust official academic document originalcopy ie nust undergraduate student handbook
ug_p72_136,ug,72,"Transcript/Degree) by submitting Rs 700 per copy. All the Information regarding Attestation/Verification is available on the following NUST Web Portal under downloads: https://nust.edu.pk/downloads/verification/ 6. Semester/Degree Final Notification. Official Semester wise/Degree result will be finally notified by Examination Branch, Registrar Directorate, Main Office NUST, after receiving results from Institutes/Schools/Colleges. 7. Award of Medals and Prizes. Gold medals and Prizes shall be awarded at the “convocation” when held. Each recipient shall be informed of his/her having been awarded a Medal or Prize. A recipient, not notifying the University in writing of his/her acceptance of the award within two weeks of the receipt of information, shall be liable to forfeit his/her award which may be re-awarded. 8. If more than one student qualifies for a particular Medal based on Cum GPA or marks (as the case may be), all shall be awarded jointly by giving a Medal to each. If there is an award for a particular position in the form of Prize money or a similar divisible award, it shall be distributed equally amongst the recipients who qualify for it based on Cum GPA or marks (as the case may be). 9. Types of Medals. Following types of medals shall be awarded",transcriptdegree submitting r per copy information regarding attestationverification available following nust web portal downloads httpsnustedupkdownloadsverification semesterdegree final notification official semester wisedegree result finally notified examination branch registrar directorate main office nust receiving result institutesschoolscolleges award medal prize gold medal prize shall awarded convocation held recipient shall informed hisher awarded medal prize recipient notifying university writing hisher acceptance award within two week receipt information shall liable forfeit hisher award may reawarded one student qualifies particular medal based cum gpa mark case may shall awarded jointly giving medal award particular position form prize money similar divisible award shall distributed equally amongst recipient qualify based cum gpa mark case may type medal following type medal shall awarded
ug_p72_137,ug,72,at the time of convocation: a. President's Gold Medal - 1st Position in Academics b. Chancellor's Silver Medal - 2nd Position in Academics c. Rector's Gold Medal - All students of the Best Final Year Project (FYP*) having ‘A’ grade in their FYP* (for graduating batches of 2022 and onwards) d. COAS/CNS/CAS Gold Medal - 1st Position among military students in Academic as per the policy of respective service headquarter e. Any other Medal approved by BOG/Executive Committee * Final Year Project is renamed as Final Year Design Project (FYDP) for UG Engineering programmes 10. The following conditions shall be applied for the award of Gold Medal to the best student in the project(s) whose FYP* has been declared as the Best Final Year Project (FYP*): a. The project will be graded. b. All the students of the best FYP* group having ‘A’ grade in FYP* will be awarded Rector’s Gold Medal. c. The remaining members of the team will be awarded certificates. 68 NUST Undergraduate Student Handbook,time convocation president gold medal position academic b chancellor silver medal position academic c rector gold medal student best final year project fyp grade fyp graduating batch onwards coascnscas gold medal position among military student academic per policy respective service headquarter e medal approved bogexecutive committee final year project renamed final year design project fydp ug engineering programme following condition shall applied award gold medal best student project whose fyp declared best final year project fyp project graded b student best fyp group grade fyp awarded rector gold medal c remaining member team awarded certificate nust undergraduate student handbook
ug_p73_138,ug,73,"d. A student who has taken less than the regular semester load, or, has a grade W on the transcript will also be eligible for the award of Rector’s Gold Medal based on FYP*. e. Migrated students are also eligible to compete for this medal. 11. The Medals be awarded indiscriminately to top students without any special quota or allocation to different categories of students. 12. Award of Medal and Prizes (for BMAS Only). All medals and prizes shall be decided based on the list of graduates on completion of 5 years from the date of commencement of respective batch / entry.” 13. Withdrawal of a Medal. The BOG shall have the power to withdraw or cancel the institution of a Medal, provided the circumstances so demand. NUST Undergraduate Student Handbook 69",student taken less regular semester load grade w transcript also eligible award rector gold medal based fyp e migrated student also eligible compete medal medal awarded indiscriminately top student without special quota allocation different category student award medal prize bmas medal prize shall decided based list graduate completion year date commencement respective batch entry withdrawal medal bog shall power withdraw cancel institution medal provided circumstance demand nust undergraduate student handbook
ug_p74_139,ug,74,"Chapter 8: Clubs & Societies 1. Concept. Clubs and Societies forum is provided to students for grooming in leadership traits as per their peculiar aptitude and potential. It enhances their organizational abilities, inculcates team work, congruence and promotes diversity. They are expected to plan and execute their club activities as they perceive in consultation with the club members and Faculty Sponsors under the overall supervision of the Student Affairs Directorate (SA Dte) and through the administrative control of various NUST institutions. 2. Vision. Strive to be creative with maximum student participation, purposeful fun activities, that help the student’s learning process and augment their personality development as future leaders. 3. Administration of Clubs / Societies. Existing Clubs and Societies are allocated to institutions as under: a. NUST Bazm-e- Pakistan (NBP) SCEE b. NUST Adventure Club (NAC) “ c. NUST Environment Club (NEC) “ d. NUST Technical Amusement Club (NTAC) “ e. NUST Science Society (NSS) SCME f. NUST Literary Circle (NLC) “ g. NUST Digital Club (NDC) “ h. NUST Book Club (NBC) “ i. NUST Materials Society (NMS) “ j. American Institute of Chemical Engineers (AIChE) “ k. NUST Community Service Club (NCSC) SMME l. NUST Paragliding Club (NPC) “",chapter club society concept club society forum provided student grooming leadership trait per peculiar aptitude potential enhances organizational ability inculcates team work congruence promotes diversity expected plan execute club activity perceive consultation club member faculty sponsor overall supervision student affair directorate sa dte administrative control various nust institution vision strive creative maximum student participation purposeful fun activity help student learning process augment personality development future leader administration club society existing club society allocated institution nust bazme pakistan nbp scee b nust adventure club nac c nust environment club nec nust technical amusement club ntac e nust science society nss scme f nust literary circle nlc g nust digital club ndc h nust book club nbc nust material society nm j american institute chemical engineer aiche k nust community service club ncsc smme l nust paragliding club npc
ug_p74_140,ug,74,m. NUST Robotics Club (NRC) “ n. NUST IMechE “ o. NUST Character Building Society “ p. American Society of Mechanical Engineering (ASME) “ q. NUST ASHRAE “ r. NUST Chess Club (NCC) SNS s. NUST Trekking Club (NKC) “ t. Physics and Astronomy Club (PAC) “ 70 NUST Undergraduate Student Handbook,nust robotics club nrc n nust imeche nust character building society p american society mechanical engineering asme q nust ashrae r nust chess club ncc sn nust trekking club nkc physic astronomy club pac nust undergraduate student handbook
ug_p75_141,ug,75,u. NUST Debating Society (NDS) NBS v. NUST Leaders Society (NLS) “ w. NUST Water Sports Club (NWSC) “ x. NUST Media Club (NMC) S3H y. NUST Music Club (NMC) “ z. NUST Economics Society (NES) “ aa. NUST Social Innovation Society (NSIS) “ bb. NUST Law Society “ cc. NUST Ni Hao Club “ dd. NUST Dramatic Club (NDC) “ ee. NUST Fine Arts Club (NFAC) SADA ff. NUST Stray Animal Club “ gg. NUST Bio Reach Society (NBS) ASAB hh. NUST Archery Club (NAC) “ ii. NUST Skill Development Club (NSDC) “ jj. NUST Entrepreneurs Club (NEC) SEECS kk. NUST Excursion Club (NEC) “ ll. NUST Fitness Club (NFS) “ mm. NUST Hack Club “ nn. NUST IEEE Club “ oo. NUST Quiz Club (NQC) SINES 4. All Clubs shall adhere to the following approved appointments: a. Faculty Sponsor b. President c. General Secretary d. Press Secretary e. Treasurer 5. Half the Office Bearers have to be from institutions other than the sponsor institution. The appointments are for one academic year. 6. Route for event approval is Faculty Sponsor → Principal → Director SA → Pro-Rector Academics. NUST Undergraduate Student Handbook 71,u nust debating society nd nb v nust leader society nls w nust water sport club nwsc x nust medium club nmc nust music club nmc z nust economics society ne aa nust social innovation society nsis bb nust law society cc nust ni hao club dd nust dramatic club ndc ee nust fine art club nfac sada ff nust stray animal club gg nust bio reach society nb asab hh nust archery club nac ii nust skill development club nsdc jj nust entrepreneur club nec seecs kk nust excursion club nec nust fitness club nfs mm nust hack club nn nust ieee club oo nust quiz club nqc sine club shall adhere following approved appointment faculty sponsor b president c general secretary press secretary e treasurer half office bearer institution sponsor institution appointment one academic year route event approval faculty sponsor principal director sa prorector academic nust undergraduate student handbook
ug_p76_142,ug,76,"7. Club Sponsors prepare an annual calendar of activities as per mandate of the club including at least one major event. 8. In case of a change of the Faculty Sponsor or Student Office Bearers, the relevant institution will update/inform SA Dte immediately. 72 NUST Undergraduate Student Handbook",club sponsor prepare annual calendar activity per mandate club including least one major event case change faculty sponsor student office bearer relevant institution updateinform sa dte immediately nust undergraduate student handbook
ug_p77_143,ug,77,"Chapter 9: Services for International Students 1. Visa Regulations: Students shall be responsible to obtain and maintain a valid visa for the duration of their studies. This includes ensuring that the visa is obtained in a timely manner, abiding by the conditions of the visa, and renewing or extending the visa as necessary to remain in legal status. However, NIO may provide support and guidance to students regarding visa application procedures and requirements. International students can apply visa using the following Ministry of Interior’s Online Visa System at https://visa.nadra.gov.pk/student-visa/. 2. Out-Pass Permission for International Hostelites: International Hostelites need to obtain a formal permission “Out-Pass” from Adm Dte Hostel Branch to go out of campus. Obtaining permission “Out-pass” is implemented for safeguarding the well-being of our students. By maintaining their information on record, university can promptly address any unforeseen situations. The Student can use the link (https://forms.gle/BHH5KrWsAqrVnKQ8A) to generate Out-pass permission request. Student will require e-mail addresses of their Head of Dept & Principal to submit the online request. 3. Mobile SIM Card: SIM cards of any local service provider (Jazz, Ufone, Zong & Telenor etc.) can be bought from any service provider or their franchise in nearby local market. Students",chapter service international student visa regulation student shall responsible obtain maintain valid visa duration study includes ensuring visa obtained timely manner abiding condition visa renewing extending visa necessary remain legal status however nio may provide support guidance student regarding visa application procedure requirement international student apply visa using following ministry interior online visa system httpsvisanadragovpkstudentvisa outpass permission international hostelites international hostelites need obtain formal permission outpass adm dte hostel branch go campus obtaining permission outpass implemented safeguarding wellbeing student maintaining information record university promptly address unforeseen situation student use link generate outpass permission request student require email address head dept principal submit online request mobile sim card sim card local service provider jazz ufone zong telenor etc bought service provider franchise nearby local market student
ug_p77_144,ug,77,"will require passport as proof of ID and copy of visa to purchase a sim card. 4. Phone Device Registration: If you use a foreign mobile phone with a Pakistani SIM card, it will work for 120 days. Within that time, you must pay a tax and register it, or it will be cut off. Once your phone is blocked, you will only be able to access emergency numbers. The applicant must apply for ‘temporary registration’ by entering their credentials and device IMEIs via PTA’s Device Identification Registration and Blocking System (DIRBS) at https://dirbs.pta.gov.pk/. If you wish to continue using your foreign phone in Pakistan after the expiry of 120-day period, you must pay applicable mobile phone taxes and register your foreign mobile phone in DIRBS. 5. Opening a Bank Account: On-campus branches of two banks (Habib Bank Limited & Askari Commercial Bank) are available for students to open their bank accounts. To initiate the process, students may visit the on-campus branches and provide the following documents: a. NUST Admission Letter b. HEC scholarship letter (if applicable) c. Visa and Passport copies d. NIO Bank Opening Letter (if required) 6. Medical Service: NUST Medical Centre (NMC) is an on-campus healthcare",require passport proof id copy visa purchase sim card phone device registration use foreign mobile phone pakistani sim card work day within time must pay tax register cut phone blocked able access emergency number applicant must apply temporary registration entering credential device imeis via pta device identification registration blocking system dirbs httpsdirbsptagovpk wish continue using foreign phone pakistan expiry period must pay applicable mobile phone tax register foreign mobile phone dirbs opening bank account oncampus branch two bank habib bank limited askari commercial bank available student open bank account initiate process student may visit oncampus branch provide following document nust admission letter b hec scholarship letter applicable c visa passport copy nio bank opening letter required medical service nust medical centre nmc oncampus healthcare
ug_p77_145,ug,77,facility that offers round-the-clock medical care to all students. The medical staff is trained and equipped to handle routine and emergency situations. Students can access NMC anytime or NUST Undergraduate Student Handbook 73,facility offer roundtheclock medical care student medical staff trained equipped handle routine emergency situation student access nmc anytime nust undergraduate student handbook
ug_p78_146,ug,78,"contact their helpline for assistance (051-90851666). Additionally, an ambulance service is available at all times to respond to emergencies swiftly. Upon visiting NMC, students receive outpatient medical care, and if necessary, arrangements can be made for referral to affiliated hospitals for further treatment. It is recommended that students consult with NMC before seeking private medical treatment. 7. Support Services for International Students: NUST International Office plays a pivotal role in ensuring a comprehensive support system for international students at NUST. Beyond administrative functions such as guiding students through joining processes, this office serves as a central hub for academic integration, cultural adaptation, and overall well- being of international students. Moreover, NIO acts as a liaison between international students and various university departments, helping them navigate through administrative procedures and facilitating access to essential services. More information on NIO is available at https://nio.nust.edu.pk/. 8. Maintaining contact with Embassy: It is crucial for international students to maintain contact with their embassy for various reasons. Firstly, embassies serve as a vital support system for citizens studying abroad, offering assistance with legal matters, consular services, and emergencies. They provide valuable resources and guidance on visa regulations, immigration issues, and cultural adaptation. Additionally, embassies can",contact helpline assistance additionally ambulance service available time respond emergency swiftly upon visiting nmc student receive outpatient medical care necessary arrangement made referral affiliated hospital treatment recommended student consult nmc seeking private medical treatment support service international student nust international office play pivotal role ensuring comprehensive support system international student nust beyond administrative function guiding student joining process office serf central hub academic integration cultural adaptation overall well international student moreover nio act liaison international student various university department helping navigate administrative procedure facilitating access essential service information nio available httpsnionustedupk maintaining contact embassy crucial international student maintain contact embassy various reason firstly embassy serve vital support system citizen studying abroad offering assistance legal matter consular service emergency provide valuable resource guidance visa regulation immigration issue cultural adaptation additionally embassy
ug_p78_147,ug,78,"offer consular protection in case of emergencies, such as natural disasters or political unrest. By staying in touch with their embassy, international students can access essential services, stay informed about their rights and responsibilities, and receive assistance when needed, ensuring a safer and more secure experience while studying in a foreign country. 9. Mailing Address & Social Media Accounts of NUST International Office. Mailing Address: 2nd Floor, Central Library, National University of Sciences and Technology (NUST) H-12, Islamabad, Pakistan Web Address: https://nio.nust.edu.pk/ Social Media Accounts: https://www.facebook.com/profile.php?id=100088816585982 https://www.linkedin.com/company/nust-international-office/ https://www.instagram.com/nustinternationaloffice/ 74 NUST Undergraduate Student Handbook",offer consular protection case emergency natural disaster political unrest staying touch embassy international student access essential service stay informed right responsibility receive assistance needed ensuring safer secure experience studying foreign country mailing address social medium account nust international office mailing address floor central library national university science technology nust islamabad pakistan web address httpsnionustedupk social medium account httpswwwlinkedincomcompanynustinternationaloffice httpswwwinstagramcomnustinternationaloffice nust undergraduate student handbook
ug_p79_148,ug,79,"Chapter 10: NUST Social Media Accounts & IT Services 1. NUST Main Web Portal. NUST main web portal includes all information regarding the University that a student may require at any stage starting from the admission process till the very end of degree and convocation. NUST main web portal is continuously updated with comprehensive information regarding news and notifications and student achievements, etc. The portal can be accessed at www.nust.edu.pk 2. NUST Social Media Accounts. Social media has become a global information network that undoubtedly has many benefits. When searching for a college or university, students want a world-class programme, facilities, and faculty, but in parallel, they are also looking for a place to fit in and call home. NUST's social media profiles started working actively in 2015. We are using social media to share the NUST culture with prospective students and their parents. NUST's official social media profiles and pages are meant to answer students' questions, listen to their opinions and take action so that they understand that they are being heard. Moreover, students can now connect with a school's campus life 24/7 through the power of social media. Our social media team has a strict policy regarding the",chapter nust social medium account service nust main web portal nust main web portal includes information regarding university student may require stage starting admission process till end degree convocation nust main web portal continuously updated comprehensive information regarding news notification student achievement etc portal accessed wwwnustedupk nust social medium account social medium become global information network undoubtedly many benefit searching college university student want worldclass programme facility faculty parallel also looking place fit call home nusts social medium profile started working actively using social medium share nust culture prospective student parent nusts official social medium profile page meant answer student question listen opinion take action understand heard moreover student connect school campus life power social medium social medium team strict policy regarding
ug_p79_149,ug,79,"nature of information and content dispersed to the students. All information shared with us is filtered out and shared as per policy. Links to social media pages are given below: Facebook: https://www.facebook.com/NUSTOfficial/ Twitter: https://twitter.com/DefiningFutures Linkedln (School Page): https://www.linkedin.com/school/15098495/ Linkedln (Company Page): https://www.linkedin.com/school/551751/ Instagram: https://www.instagram.com/nustgram/?hl=en 3. Qalam. NUST has implemented On-Demand Open Object (ODOO) based system, i.e., Qalam, to automate student life cycle processes from student admission graduation. Qalam can be accessed by faculty and students on campus and off-campus through URL https://qalam.nust.edu.pk. The following are the modules of Qalam: a. Student admission b. Student Financials c. Financial Aid d. Course Catalogue & Scheduling e. Student Courses Enrolment f. Attendance Management g. Gradebook h. Research Thesis Tracking & Management i. Self Service (Student & Faculty) j. Transcript Generation NUST Undergraduate Student Handbook 75",nature information content dispersed student information shared u filtered shared per policy link social medium page given facebook httpswwwfacebookcomnustofficial twitter httpstwittercomdefiningfutures linkedln school page linkedln company page instagram httpswwwinstagramcomnustgramhlen qalam nust implemented ondemand open object odoo based system ie qalam automate student life cycle process student admission graduation qalam accessed faculty student campus offcampus url httpsqalamnustedupk following module qalam student admission b student financials c financial aid course catalogue scheduling e student course enrolment f attendance management g gradebook h research thesis tracking management self service student faculty j transcript generation nust undergraduate student handbook
ug_p80_150,ug,80,"k. Alumni 4. Services Feedback forms links. Students can give their feedback through Qalam regarding hostel services, healthcare services, cafeteria services, and ICT. 5. Learning Management System (LMS). LMS is a core digital solution for digital academic interaction between students and faculty members. Specifically, it is a course content management system that efficiently manages course activities such as course outlines, lecture notes, presentations, lab manuals, videos, reference books, and articles. It is also capable of supporting online assignments, quizzes, and exams on it. Moreover, it provides the facility for quick feedback about any topic or lecture. Other notable features are online messages, discussion forums, collaborative studies, general surveys, wikis, project repositories, glossaries, personal files, etc. 76 NUST Undergraduate Student Handbook",k alumnus service feedback form link student give feedback qalam regarding hostel service healthcare service cafeteria service ict learning management system lm lm core digital solution digital academic interaction student faculty member specifically course content management system efficiently manages course activity course outline lecture note presentation lab manual video reference book article also capable supporting online assignment quiz exam moreover provides facility quick feedback topic lecture notable feature online message discussion forum collaborative study general survey wikis project repository glossary personal file etc nust undergraduate student handbook
ug_p81_151,ug,81,"Chapter 11: NUST Code of Conduct General 1. NUST is a leading research-intensive university in Pakistan comparable to the top universities of the world. The University is committed to its mission of graduating culturally enlightened, technologically knowledgeable, academically competent, and research- oriented productive citizens, groomed to lead, inspire, and serve humanity. The University is wholeheartedly pursuing her sublime trust and responsibility with all its resources. 2. NUST community comprises a diverse populace of students in pursuit of academic excellence. It strives to refine the ability of students to reason and to communicate freely and clearly on their way to becoming responsible, morally sound, moderate, and well- rounded citizens of a diverse world. The University expects these attributes to be reflected in the students' everyday behaviour, attitude, and attire. 3. In the University's view, the prescribed sets of regulations, guidelines, and safeguards described in this chapter are necessary to create and sustain an academic environment in sync with the teaching, learning, and developmental endeavours of the university community. 4. Definition of Terms. a. 'Complainant' means a person who makes a complaint or reports a violation of the University Code of Conduct or University regulations and policies. b. 'Intentional' means deliberate. c.",chapter nust code conduct general nust leading researchintensive university pakistan comparable top university world university committed mission graduating culturally enlightened technologically knowledgeable academically competent research oriented productive citizen groomed lead inspire serve humanity university wholeheartedly pursuing sublime trust responsibility resource nust community comprises diverse populace student pursuit academic excellence strives refine ability student reason communicate freely clearly way becoming responsible morally sound moderate well rounded citizen diverse world university expects attribute reflected student everyday behaviour attitude attire university view prescribed set regulation guideline safeguard described chapter necessary create sustain academic environment sync teaching learning developmental endeavour university community definition term complainant mean person make complaint report violation university code conduct university regulation policy b intentional mean deliberate c
ug_p81_152,ug,81,"'Respondent' means a person who has been accused of violating the University Code of Conduct. d. 'Student' means any currently enrolled person for whom the institution maintains educational records, as defined by the University regulations. e. 'Reckless' means careless or heedless of the potentially harmful consequences of one's behaviour, where the risk of harm to persons, property, or normal University operations exists or can be reasonably foreseen. f. 'University Official' is a person employed by the University on an administrative, supervisory, academic, research, or support staff position. 5. Academic Dishonesty. Academic dishonesty is an act of fraud, which may include misrepresentation, deceit, falsification, or trickery of any kind committed by the student with the purpose, intent, or expectation of influencing a grade or other academic evaluation. Academic dishonesty also includes forgery and falsification of University academic documents, intentionally impeding or damaging the academic work of others, or assisting other students in acts of dishonesty. Common examples of academically dishonest behaviour include, but are not limited, to the following: NUST Undergraduate Student Handbook 77",respondent mean person accused violating university code conduct student mean currently enrolled person institution maintains educational record defined university regulation e reckless mean careless heedless potentially harmful consequence one behaviour risk harm person property normal university operation exists reasonably foreseen f university official person employed university administrative supervisory academic research support staff position academic dishonesty academic dishonesty act fraud may include misrepresentation deceit falsification trickery kind committed student purpose intent expectation influencing grade academic evaluation academic dishonesty also includes forgery falsification university academic document intentionally impeding damaging academic work others assisting student act dishonesty common example academically dishonest behaviour include limited following nust undergraduate student handbook
ug_p82_153,ug,82,"a. Cheating. Intentionally using or attempting to use unauthorized materials, information, or study aids in any academic exercise; copying from another student's examination; submitting work prepared in advance for an in-class examination; taking an examination for another person or conspiring to do so. b. Fabrication. Intentional and unauthorized falsification or intervention of any information or citation in an academic exercise. c. Facilitating Academic Dishonesty. Intentionally or knowingly helping or attempting to help another to commit an act of academic dishonesty. d. Plagiarism. Intentionally or knowingly representing the words or ideas of another as one's own in any academic exercise; failure to attribute direct quotation, paraphrase, or borrowed facts or information. e. Unauthorized Collaboration. Providing, either knowingly or through negligence, one's own work to assist a student in satisfying a course requirement, or representing material prepared by or with another as one's own independent work. In instances where students are permitted to work jointly to complete an assignment, teachers will offer clear guidelines about when and how to collaborate; if a student is unsure, it is the responsibility of the student to ask the faculty member. 6. Unfair Means. Use of unfair means generally covers the following: a. An attempt to",cheating intentionally using attempting use unauthorized material information study aid academic exercise copying another student examination submitting work prepared advance inclass examination taking examination another person conspiring b fabrication intentional unauthorized falsification intervention information citation academic exercise c facilitating academic dishonesty intentionally knowingly helping attempting help another commit act academic dishonesty plagiarism intentionally knowingly representing word idea another one academic exercise failure attribute direct quotation paraphrase borrowed fact information e unauthorized collaboration providing either knowingly negligence one work assist student satisfying course requirement representing material prepared another one independent work instance student permitted work jointly complete assignment teacher offer clear guideline collaborate student unsure responsibility student ask faculty member unfair mean use unfair mean generally cover following attempt
ug_p82_154,ug,82,"have access to the question paper before the test/examination. b. Use/possession of unauthorized reference material during a test/examination. c. Any form of communication by the student with anyone in or outside the test/examination venue while the test/examination is in progress. d. Unauthorized entry into faculty's office or that of his/her staff with the intention of having access to or tampering with the official record/examination paper etc. 7. Moral Dishonesty. Moral dishonesty means an act that does not conform to known norms of decency. 8. Conduct. a. Application of NUST Code of Conduct. NUST Code of Conduct applies to the conduct displayed on the University premises, at NUST sponsored activities, and to off-campus conduct that adversely affects the University's reputation and/or the pursuit of its objectives. Each member of NUST shall be responsible for his/her conduct. 78 NUST Undergraduate Student Handbook",access question paper testexamination b usepossession unauthorized reference material testexamination c form communication student anyone outside testexamination venue testexamination progress unauthorized entry faculty office hisher staff intention access tampering official recordexamination paper etc moral dishonesty moral dishonesty mean act conform known norm decency conduct application nust code conduct nust code conduct applies conduct displayed university premise nust sponsored activity offcampus conduct adversely affect university reputation andor pursuit objective member nust shall responsible hisher conduct nust undergraduate student handbook
ug_p83_155,ug,83,"b. Classroom Standards. The individual faculty member is primarily responsible for managing the classroom environment. If a student engages in any prohibited or unlawful act or other behaviour that results in disruption of a class, he or she may be directed by the faculty member to leave the class for the remainder of the class duration. Students must be protected against infringement of their rights and unfair practices. c. Identification/Registration Card (1) Each member of the University community is issued a picture identification/registration card or visitor's pass, which must be always worn while on University premises or at University-sponsored activities. Identification/registration cards must be presented upon entering University buildings. (2) Identification/registration cards are not transferable. The owner of the card will be called upon to account for any fraudulent use of his/her identification card and will be subject to disciplinary action by the University if he or she has aided such fraudulent use. The card will be forfeited if the student to whom it was issued allows any other person to use it. (3) Upon a card owner's withdrawal from the University, all rights and privileges related to the identification card automatically cease. If the student withdraws or is suspended",b classroom standard individual faculty member primarily responsible managing classroom environment student engages prohibited unlawful act behaviour result disruption class may directed faculty member leave class remainder class duration student must protected infringement right unfair practice c identificationregistration card member university community issued picture identificationregistration card visitor pas must always worn university premise universitysponsored activity identificationregistration card must presented upon entering university building identificationregistration card transferable owner card called upon account fraudulent use hisher identification card subject disciplinary action university aided fraudulent use card forfeited student issued allows person use upon card owner withdrawal university right privilege related identification card automatically cease student withdraws suspended
ug_p83_156,ug,83,"or expelled from the University, the identification card must be surrendered to the institution. 9. Visitors & Guests. Students may be held accountable for the acts of misconduct of their guests during their presence on University premises or at University-sponsored activities. Visitors, including guests, shall conduct themselves, at all times, in a manner consistent with orderly behaviour on a University campus. 10. Discipline Matters. The University is a place where the students have imparted education not only as a means to obtain a degree but also to develop their personalities and to enrich the society of which they are members. Therefore, disciplined and organized life on the campus is extremely important. It is essential to lay down rules and regulations to create and sustain an orderly and decent atmosphere on the premises of NUST constituent institutions. It is with this objective that Discipline Committees have been formed on all NUST campuses. The heads of the institutions are empowered to award minor punishments, on the recommendations of respective Discipline Committees, to students found guilty of misconduct. Major punishments for civilian students shall be awarded by Rector on the recommendations of NUST Discipline Committee. However, military procedures shall continue to govern military",expelled university identification card must surrendered institution visitor guest student may held accountable act misconduct guest presence university premise universitysponsored activity visitor including guest shall conduct time manner consistent orderly behaviour university campus discipline matter university place student imparted education mean obtain degree also develop personality enrich society member therefore disciplined organized life campus extremely important essential lay rule regulation create sustain orderly decent atmosphere premise nust constituent institution objective discipline committee formed nust campus head institution empowered award minor punishment recommendation respective discipline committee student found guilty misconduct major punishment civilian student shall awarded rector recommendation nust discipline committee however military procedure shall continue govern military
ug_p83_157,ug,83,students selected by the Services. 11. Discipline Committee. a. NUST Discipline Committee shall consist of: (1) Chairman to be nominated by Rector NUST Undergraduate Student Handbook 79,student selected service discipline committee nust discipline committee shall consist chairman nominated rector nust undergraduate student handbook
ug_p84_158,ug,84,"(2) One senior faculty member from each constituent institution is to be nominated by the head of the institution, subject to a maximum of five (3) Students' representative from the concerned institution (4) Officer in charge of Student Affairs from Main Office NUST – to be a member (5) Any other member co-opted by the Discipline Committee b. The Institution Discipline Committee shall consist of: (1) Deputy Commandant/Vice-Principal/ Dean - Chairman (2) Three Professors/Associate Professors nominated by Commandant/ Principal (3) Students' representative by rotation c. The Discipline Committee shall award punishment or penalty for a breach of discipline on the campus after giving the defaulter full opportunity to give his/her viewpoint. d. The term of office of the Committee other than ex-officio members shall be two years. e. The quorum for the meeting of the NUST Discipline Committee shall be five. f. During an academic session, the Discipline Committee shall meet at least every two months or whenever required. 12. Acts of Ill-discipline/Prohibited Conduct. All students are prohibited from engaging in conduct resulting in, or leading to, any of the following: a. Academic Dishonesty. Academic dishonesty encompasses all cases of violations of the University Policy on Academic Dishonesty by committing,",one senior faculty member constituent institution nominated head institution subject maximum five student representative concerned institution officer charge student affair main office nust member member coopted discipline committee b institution discipline committee shall consist deputy commandantviceprincipal dean chairman three professorsassociate professor nominated commandant principal student representative rotation c discipline committee shall award punishment penalty breach discipline campus giving defaulter full opportunity give hisher viewpoint term office committee exofficio member shall two year e quorum meeting nust discipline committee shall five f academic session discipline committee shall meet least every two month whenever required act illdisciplineprohibited conduct student prohibited engaging conduct resulting leading following academic dishonesty academic dishonesty encompasses case violation university policy academic dishonesty committing
ug_p84_159,ug,84,"or attempting to commit, academic dishonesty including, but not limited to, cheating, plagiarism, fabrication, facilitating academic dishonesty to others, and unauthorized collaboration. b. Abuse, Assault, Threatening Behaviour. These include intentionally or reckless acts endangering, threatening, or causing physical or mental harm to any person, or oneself, on University premises or at University-sponsored activities, or intentionally or causing reasonable apprehension of such harm including, but not limited to abusive language and/or physical or verbal intimidation, harassment, coercion. c. Firearms, Explosives, and Other Weapons. Use/possession of hazardous materials (biological/chemical) and any type of weapons, firearms, explosives, crackers, etc. 80 NUST Undergraduate Student Handbook",attempting commit academic dishonesty including limited cheating plagiarism fabrication facilitating academic dishonesty others unauthorized collaboration b abuse assault threatening behaviour include intentionally reckless act endangering threatening causing physical mental harm person oneself university premise universitysponsored activity intentionally causing reasonable apprehension harm including limited abusive language andor physical verbal intimidation harassment coercion c firearm explosive weapon usepossession hazardous material biologicalchemical type weapon firearm explosive cracker etc nust undergraduate student handbook
ug_p85_160,ug,85,"d. Violation of Disciplinary Sanction. This means knowingly violating the terms of any disciplinary sanction imposed in accordance with NUST Statutes. e. Furnishing False Information, Forgery, or Unauthorized Use of Documents. Intentionally furnishing false information to the University and its officials; or misusing affiliation with the University to gain access to outside agency/services, or using false information or University resources to compromise the name of the University. Forgery, unauthorized alteration, or unauthorized use of any University document or electronic transmission, or instrument of identification, or academic and non-academic records, signatures, seals, or stamps thereof. f. Disorderly Conduct or Indecent Behaviour. Engaging in disorderly or indecent conduct; breaching of peace; or aiding, abetting, or luring another person to breach the peace on University premises or at University- sponsored functions/activities. Any unauthorized use of electronic or other devices to make an audio or video record of any person while on University premises without his/her prior knowledge/permission. g. Theft. Theft, or attempted theft, of property or services on University premises or at University-sponsored activities. h. Damage to Property or its Destruction. Intentionally or recklessly destroying or damaging, or attempting to destroy or damage, University property or the property of others on University premises",violation disciplinary sanction mean knowingly violating term disciplinary sanction imposed accordance nust statute e furnishing false information forgery unauthorized use document intentionally furnishing false information university official misusing affiliation university gain access outside agencyservices using false information university resource compromise name university forgery unauthorized alteration unauthorized use university document electronic transmission instrument identification academic nonacademic record signature seal stamp thereof f disorderly conduct indecent behaviour engaging disorderly indecent conduct breaching peace aiding abetting luring another person breach peace university premise university sponsored functionsactivities unauthorized use electronic device make audio video record person university premise without hisher prior knowledgepermission g theft theft attempted theft property service university premise universitysponsored activity h damage property destruction intentionally recklessly destroying damaging attempting destroy damage university property property others university premise
ug_p85_161,ug,85,"or at University-sponsored activities. i. Non-Compliance with Official Direction. Failure to comply with a reasonable direction of University officials acting in the performance of their duties. j. Violation of University Regulations and Policies. Violating University regulations or policies including amendments and additions adopted since the date of publication. k. Drugs/Narcotics. Direct/Indirect use/sale/possession/facilitation/distribution of drugs, narcotics, intoxicants, etc. on the campus. l. Unauthorized Access to Facilities. Unauthorized access or entry to, or use of, University facilities and equipment. Unauthorized possession, duplication, or use of keys to any University premises, facilities, or equipment; or, unauthorized entry to or use of University premises. m. Unauthorized Use of Computer or Electronic Communication Devices. Theft or other abuse of computer facilities and resources including, but not limited to: (1) unauthorized access to a file, with the intention of using, reading, or changing the contents, or for any other purpose; (2) unauthorized transfer of a file; NUST Undergraduate Student Handbook 81",universitysponsored activity noncompliance official direction failure comply reasonable direction university official acting performance duty j violation university regulation policy violating university regulation policy including amendment addition adopted since date publication k drugsnarcotics directindirect usesalepossessionfacilitationdistribution drug narcotic intoxicant etc campus l unauthorized access facility unauthorized access entry use university facility equipment unauthorized possession duplication use key university premise facility equipment unauthorized entry use university premise unauthorized use computer electronic communication device theft abuse computer facility resource including limited unauthorized access file intention using reading changing content purpose unauthorized transfer file nust undergraduate student handbook
ug_p86_162,ug,86,"(3) use of another individual's identification and/or password; (4) interference with the work of another student, faculty member, or University official; (5) sending obscene, abusive, or threatening messages; (6) transmission of computer viruses; (7) interfering with the normal operation of the University computing system; (8) unauthorized duplication of software or other violation of copyright laws; (9) unauthorized access to, or unauthorized, mischievous or malicious use of University computer equipment or networks, or electronic communication devices, or the use of such equipment or devices to gain unauthorized access to, and/or use of, off-campus computer equipment; (10) indulgence in misuse of internet and cyber offences i.e., uploading of objectionable content leading to provocation or maligning anyone. n. Provoking Others to Misconduct. Intentionally using words or actions to incite or encourage others to violent or retaliatory behaviour, or other acts of misconduct. o. Identification/Registration Cards. Failure to wear, or to produce or surrender the identification card upon the request of a University official. p. Animals. Bringing an animal into any University building, except for the animals used for authorized laboratory purposes, animals being used for security purposes, or service animals (e.g., guide dogs for the visually impaired) for which express permission has been",use another individual identification andor password interference work another student faculty member university official sending obscene abusive threatening message transmission computer virus interfering normal operation university computing system unauthorized duplication software violation copyright law unauthorized access unauthorized mischievous malicious use university computer equipment network electronic communication device use equipment device gain unauthorized access andor use offcampus computer equipment indulgence misuse internet cyber offence ie uploading objectionable content leading provocation maligning anyone n provoking others misconduct intentionally using word action incite encourage others violent retaliatory behaviour act misconduct identificationregistration card failure wear produce surrender identification card upon request university official p animal bringing animal university building except animal used authorized laboratory purpose animal used security purpose service animal eg guide dog visually impaired express permission
ug_p86_163,ug,86,"granted. q. Demonstrations. Demonstrations exceeding the bounds of free assembly and demonstrations engaging in unlawful acts that cause or imminently threaten injury to person or property infringes on the rights of other members of the University community leading to or inciting others to disrupt scheduled and/or normal activities within any campus building or area. r. Political/Sectarian Activities. Indulgence in political/ethnic/racial/sectarian activities or taking membership of any banned organization and participation in such like organizations for furthering the cause of a political party. s. Harassment. It covers the following: (1) Passing remarks, placing visual or written material, aimed at a specific person or group: 82 NUST Undergraduate Student Handbook",granted q demonstration demonstration exceeding bound free assembly demonstration engaging unlawful act cause imminently threaten injury person property infringes right member university community leading inciting others disrupt scheduled andor normal activity within campus building area r politicalsectarian activity indulgence politicalethnicracialsectarian activity taking membership banned organization participation like organization furthering cause political party harassment cover following passing remark placing visual written material aimed specific person group nust undergraduate student handbook
ug_p87_164,ug,87,"(a) with the intention of causing harm to the person or group; and/or, (b) creating an environment that limits a student's educational opportunity. (2) Making unwanted verbal or physical advances or explicit derogatory statements toward individuals, that cause them discomfort or humiliation, or that interfere with their educational opportunity. (3) Physical assault t. Gambling. Unauthorized and/or illegal exchange of money favours or services as a result of an organized or unorganized game or competition. u. Smoking. NUST H-12 campus has been declared green campus therefore, smoking is prohibited on University premises for which a policy directive has been issued. v. Abuse of the Student Conduct System. Abusing the student conduct system includes, but is not limited to: (1) failure to obey the notice from a University official to appear for a meeting or hearing as part of the student conduct system; (2) falsification, distortion, or misrepresentation of information before a hearing body or designated hearing officer of the University; (3) disruption or interference with the orderly conduct of a hearing proceeding; (4) causing a violation of the University Code of Conduct hearing to convene in bad faith. w. Public Display of Affection (PDA). Indecent behaviour exhibited on the campus including",intention causing harm person group andor b creating environment limit student educational opportunity making unwanted verbal physical advance explicit derogatory statement toward individual cause discomfort humiliation interfere educational opportunity physical assault gambling unauthorized andor illegal exchange money favour service result organized unorganized game competition u smoking nust campus declared green campus therefore smoking prohibited university premise policy directive issued v abuse student conduct system abusing student conduct system includes limited failure obey notice university official appear meeting hearing part student conduct system falsification distortion misrepresentation information hearing body designated hearing officer university disruption interference orderly conduct hearing proceeding causing violation university code conduct hearing convene bad faith w public display affection pda indecent behaviour exhibited campus including
ug_p87_165,ug,87,"classes, cafeteria, laboratories, etc., defying the norms of decency, morality, and religious/cultural/social values by an individual or a group of students. Public Display of Affection (PDA) is an act of physical intimacy carried out in public. It involves physical contact including, but not limited to, caressing, hugging, fondling, kissing, etc. Any act of sexual connotation including but not limited to physical intimacy (hugging, intimate kissing, caressing, fondling, sitting in each other’s lap, etc.) for same- sex/opposite-sex in University premises/events/activities/excursion trips, etc. is to be avoided regardless. Any lax in this context will lead to disciplinary action based upon the identified penalties. x. Public Interaction. In continuation to clause 12w, during University interactions, students (opposite-sex/same-sex) are further expected to maintain decent physical distance (arm’s length), and to avoid sitting in each other’s lap, lying next to each other, etc., in University premises / events / NUST Undergraduate Student Handbook 83",class cafeteria laboratory etc defying norm decency morality religiousculturalsocial value individual group student public display affection pda act physical intimacy carried public involves physical contact including limited caressing hugging fondling kissing etc act sexual connotation including limited physical intimacy hugging intimate kissing caressing fondling sitting lap etc sexoppositesex university premiseseventsactivitiesexcursion trip etc avoided regardless lax context lead disciplinary action based upon identified penalty x public interaction continuation clause university interaction student oppositesexsamesex expected maintain decent physical distance arm length avoid sitting lap lying next etc university premise event nust undergraduate student handbook
ug_p88_166,ug,88,"activities / Excursion trips, etc. Any failing in this regard will lead to disciplinary action based upon the penalties as per NUST Regulations. y. Damage to the University fixtures/furniture, scribbling/carving on desks, wall chalking, misusing of lab/university equipment, etc. z. The use of mobile phones in classrooms, examination halls, labs, and libraries thus disrupting the calm environment of such places. 13. Off-Campus Conduct. Conduct occurring off-University premises be such that it should not affect the interest/image of the University. 14. Enforcement of Code of Conduct. Matters of indiscipline would be referred to the concerned institution or NUST authorities authorized to check discipline matters and decide on them in line with NUST policy, rules, and regulations. Parents of those students who disobey authority and violate the code of conduct will be informed. Students may be held accountable for the acts of misconduct of their guests while on University premises or at University-sponsored activities. Students who are charged with violations of this Code are subject to disciplinary action in accordance with NUST rules/regulations/statutes. 15. Punishment or Penalty for Acts of Ill-Discipline. Punishment or penalty for acts of ill- discipline shall be according to the gravity of the case and may be any",activity excursion trip etc failing regard lead disciplinary action based upon penalty per nust regulation damage university fixturesfurniture scribblingcarving desk wall chalking misusing labuniversity equipment etc z use mobile phone classroom examination hall lab library thus disrupting calm environment place offcampus conduct conduct occurring offuniversity premise affect interestimage university enforcement code conduct matter indiscipline would referred concerned institution nust authority authorized check discipline matter decide line nust policy rule regulation parent student disobey authority violate code conduct informed student may held accountable act misconduct guest university premise universitysponsored activity student charged violation code subject disciplinary action accordance nust rulesregulationsstatutes punishment penalty act illdiscipline punishment penalty act ill discipline shall according gravity case may
ug_p88_167,ug,88,"one or more of the following: a. Minor Punishments (1) Warning in Writing. Notice to the offender, orally or in writing, that continuation or repetition of prohibited conduct may lead to further disciplinary action. (2) Probation. Probation for a specific period. (3) Fine. Fine amounting up to Rs 10,000. (4) Hostel Suspension/Permanent Removal. Expulsion from the hostel for a specified period, or permanent removal from the residence hall. (5) Withholding of Certificate. Withholding of a certificate of good moral character. (6) Removal of Privileges. Deprivation from the privileges enjoyed by the student. (7) Expulsion from the hostel for a period of up to one semester. (8) F Grade. Award of F grade in a course of studies. b. Major Punishments 84 NUST Undergraduate Student Handbook",one following minor punishment warning writing notice offender orally writing continuation repetition prohibited conduct may lead disciplinary action probation probation specific period fine fine amounting r hostel suspensionpermanent removal expulsion hostel specified period permanent removal residence hall withholding certificate withholding certificate good moral character removal privilege deprivation privilege enjoyed student expulsion hostel period one semester f grade award f grade course study b major punishment nust undergraduate student handbook
ug_p89_168,ug,89,"(1) Expulsion. Expulsion from the class for a specific period up to one semester. (2) Fine. This may amount to up to Rs 50,000. (3) Exam Result. Cancellation of examination results (complete semester courses). (4) Rustication. Expulsion or rustication from the institution for a specific period. (5) Degree. Non-conferment of degree / transcript. (6) Relegation / withdrawal 16. Other sanctions or a combination of the above-mentioned punishments as deemed appropriate. 17. Disciplinary Process. a. Case Referrals. Each case of ill-discipline shall be reported to the head of the institution through HOD or the manager hostel. Any charge should be submitted as soon as possible after the occurrence of the alleged violation, preferably within 24 hours of the violation. Those referring cases are normally expected to serve as complainants and to present relevant evidence in disciplinary hearings before the NUST/Institution Discipline Committee. Depending on the gravity of the case, the head of the institution will decide to award minor punishment at the institution level or refer the matter to NUST Discipline Committee for decision by the competent authority for major punishment. b. Hearing of Disciplinary Cases. A disciplinary hearing is a formal process conducted by the Institution Discipline Committee. This formal",expulsion expulsion class specific period one semester fine may amount r exam result cancellation examination result complete semester course rustication expulsion rustication institution specific period degree nonconferment degree transcript relegation withdrawal sanction combination abovementioned punishment deemed appropriate disciplinary process case referral case illdiscipline shall reported head institution hod manager hostel charge submitted soon possible occurrence alleged violation preferably within hour violation referring case normally expected serve complainant present relevant evidence disciplinary hearing nustinstitution discipline committee depending gravity case head institution decide award minor punishment institution level refer matter nust discipline committee decision competent authority major punishment b hearing disciplinary case disciplinary hearing formal process conducted institution discipline committee formal
ug_p89_169,ug,89,process is designed to gather and consider relevant information regarding the alleged violation/s of the Code and to determine and recommend a punishment. Every effort will be made to expedite proceedings pursuant to allegations within a reasonable period. c. Punishments. NUST/Institution Discipline Committee will recommend the punishment according to the gravity of the case after giving the defaulter full opportunity to give his/her point of view. This must be done before recommending the punishment to the head of the institution/Rector. d. Appeals. An appeal against the decision of the Discipline Committee can be filed with the head of the institution/Rector within fifteen days of the announcement of the decision. 18. Federal/Provincial Laws and Ordinances. Violation of a Federal/Provincial law or ordinance will be dealt with accordingly under these laws. NUST Undergraduate Student Handbook 85,process designed gather consider relevant information regarding alleged violation code determine recommend punishment every effort made expedite proceeding pursuant allegation within reasonable period c punishment nustinstitution discipline committee recommend punishment according gravity case giving defaulter full opportunity give hisher point view must done recommending punishment head institutionrector appeal appeal decision discipline committee filed head institutionrector within fifteen day announcement decision federalprovincial law ordinance violation federalprovincial law ordinance dealt accordingly law nust undergraduate student handbook
ug_p90_170,ug,90,"19. Littering. It is the responsibility of all to keep the Campus environment clean and tidy. No littering or trash should be carelessly thrown or left on the Campus premises. The designated waste boxes should be used for trash disposal. 20. Sports. All individuals and teams involved in sports are expected to show sportsmanship, respect, consideration, and appreciation towards their opponents, teammates, officials, and University staff at all times. a. Under no circumstances should a player or sportsperson react violently nor use any form of foul or abusive language, whether it is directed at a member of staff, match official, opponent, playing colleague, team official, or spectators. b. By signing the player registration form, individuals agree to abide by the code of conduct and will accept that any deviation from these rules will result in disciplinary action by the University. c. Persons under the influence of drugs are not permitted to participate in sports activities at the University and as such the defaulters shall be liable to disciplinary action by NUST. d. On a final note, please remember that no referee, umpire, or official is perfect. You may not agree with every decision that is made and, just like players,",littering responsibility keep campus environment clean tidy littering trash carelessly thrown left campus premise designated waste box used trash disposal sport individual team involved sport expected show sportsmanship respect consideration appreciation towards opponent teammate official university staff time circumstance player sportsperson react violently use form foul abusive language whether directed member staff match official opponent playing colleague team official spectator b signing player registration form individual agree abide code conduct accept deviation rule result disciplinary action university c person influence drug permitted participate sport activity university defaulter shall liable disciplinary action nust final note please remember referee umpire official perfect may agree every decision made like player
ug_p90_171,ug,90,"the umpires and sports officials too may make mistakes. 21. Dress Code. Clothes should not distract from the learning environment or be considered inappropriate in a business or professional setting and attract undue attention. Examples of inappropriate clothing include: a. see-through or revealing garments, backless dresses, skinny fitted clothes, leggings/tights; b. casual footwear (e.g., flip flops/bedroom slippers); c. short pants/short skirts, knickers/shorts; d. clothing with derogatory, offensive and/or lewd messages either in words or pictures, or any piece of clothing promoting racism, violence, sex, drugs, alcohol, or other illegal activities; e. dressing in culturally inappropriate clothes to emphasize body parts (both for male/females) may qualify as an example of Sexual Harassment by hurting/disrespecting human feelings and emotions of others; f. any failing in this regard will lead to disciplinary action based upon the identified penalties as per NUST Regulations. 22. Greetings. Students are advised to adopt the habit of exchange of formal culturally appropriate/Islamic greetings i.e., Assalam-o-Alaikum / Wa Alaikum Assalam while meeting 86 NUST Undergraduate Student Handbook",umpire sport official may make mistake dress code clothes distract learning environment considered inappropriate business professional setting attract undue attention example inappropriate clothing include seethrough revealing garment backless dress skinny fitted clothes leggingstights b casual footwear eg flip flopsbedroom slipper c short pantsshort skirt knickersshorts clothing derogatory offensive andor lewd message either word picture piece clothing promoting racism violence sex drug alcohol illegal activity e dressing culturally inappropriate clothes emphasize body part malefemales may qualify example sexual harassment hurtingdisrespecting human feeling emotion others f failing regard lead disciplinary action based upon identified penalty per nust regulation greeting student advised adopt habit exchange formal culturally appropriateislamic greeting ie assalamoalaikum wa alaikum assalam meeting nust undergraduate student handbook
ug_p91_172,ug,91,"and interacting with colleagues/faculty and staff of the University. This is an important aspect of Islamic etiquette and obligations and should also be reflected in our lives. 23. Safe Driving. Students are advised to avoid reckless driving on the campus and should abide by the laid down speed limits and sign postings to avoid penalties. 24. Redressal of Student Grievance. NUST as an internationally reputable and progressive university continuously endeavours to enhance its exceptional quality in all dimensions. It promotes an environment conducive to the open exchange of ideas. Besides imparting academic knowledge of specific disciplines to its students, it endeavours to instill moral and ethical values along with the soft skills necessary for success in the workplace. NUST is aware that students occasionally face certain issues during their course of study. To be an effective professional, every student needs to be conversant with the policies and procedures for the harmonious resolution of their grievances. This policy document on student grievances details the course of action to be undertaken for amicably and efficiently addressing individual issues of the student body. Additionally, the NUST Student Forum has been entrusted to address collective concerns of the students, for which a separate policy",interacting colleaguesfaculty staff university important aspect islamic etiquette obligation also reflected life safe driving student advised avoid reckless driving campus abide laid speed limit sign posting avoid penalty redressal student grievance nust internationally reputable progressive university continuously endeavour enhance exceptional quality dimension promotes environment conducive open exchange idea besides imparting academic knowledge specific discipline student endeavour instill moral ethical value along soft skill necessary success workplace nust aware student occasionally face certain issue course study effective professional every student need conversant policy procedure harmonious resolution grievance policy document student grievance detail course action undertaken amicably efficiently addressing individual issue student body additionally nust student forum entrusted address collective concern student separate policy
ug_p91_173,ug,91,"document is formulated and may be consulted. a. The Students Grievance Committee (SGC) (1) Aim. The Grievance Committee is responsible for addressing the individual student’s unresolved complaints. (2) Scope (a) Academic and administrative matters (b) Misconduct of any individual in the University b. Initial Steps before approaching SGC. Every student complaint should be resolved through the normal reporting channels. The following paragraphs provide the necessary guidelines to the student for reporting their complaints: (1) Step 1: Who should you go to? (a) Faculty/ Officer. If the complaint concerns a certain action or inaction by the faculty/officer on any academic (e.g., course progress, learning difficulties, etc.) or administrative (e.g., class/exam schedules, hostel, finance, etc.) issues, the student should first approach the concerned faculty or officer (DD Adm, DCE, Accounts Officer, Programme Coord, ILO, Trg Coord, SO NUST, HoD, etc.). (b) Student Advisor. Students may also approach their respective Student Advisor/tutor for the above complaints along with issues related to academic deficiency/medical conditions/personal and administrative matters (e.g., hostel, transportation, etc.). Depending on the urgency of the NUST Undergraduate Student Handbook 87",document formulated may consulted student grievance committee sgc aim grievance committee responsible addressing individual student unresolved complaint scope academic administrative matter b misconduct individual university b initial step approaching sgc every student complaint resolved normal reporting channel following paragraph provide necessary guideline student reporting complaint step go faculty officer complaint concern certain action inaction facultyofficer academic eg course progress learning difficulty etc administrative eg classexam schedule hostel finance etc issue student first approach concerned faculty officer dd adm dce account officer programme coord ilo trg coord nust hod etc b student advisor student may also approach respective student advisortutor complaint along issue related academic deficiencymedical conditionspersonal administrative matter eg hostel transportation etc depending urgency nust undergraduate student handbook
ug_p92_174,ug,92,"matter, the student can approach their Advisor anytime besides the scheduled meetings. (c) Female Faculty Focal Person (F3H). To report a sensitive matter, a female student may directly approach the concerned Female Faculty Focal Person at the School. (2) Step 2: Second Level of Reporting (a) Head of Department (HoD)/ Programme. If the complaint is not resolved at the faculty/officer level, the student may report the matter to his/her HoD/Programme Head. If the issue is outside the school’s domain, the HoD/Programme Head will report the matter to the relevant Director in the Main Office. (3) Step 3: Third Level of Reporting (a) If the complaint is not resolved at step 1 and/ or step 2, the student may report the matter to SGC. (b) The following illustration outlines the above-stated process along with the expected resolution/ wait time at each step. FIGURE 1: COMPLAINT PROCESS c. SGC: Filing Process and Procedure. If the individual’s complaint remains unresolved till the expiry of the stipulated timeframe in Figure 1, the student may approach the Student Grievance Committee (SGC) through a written application/email to the Head of SGC. In exceptional cases, the student can also approach the committee directly. The responsibility for the",matter student approach advisor anytime besides scheduled meeting c female faculty focal person report sensitive matter female student may directly approach concerned female faculty focal person school step second level reporting head department hod programme complaint resolved facultyofficer level student may report matter hisher hodprogramme head issue outside school domain hodprogramme head report matter relevant director main office step third level reporting complaint resolved step step student may report matter sgc b following illustration outline abovestated process along expected resolution wait time step figure complaint process c sgc filing process procedure individual complaint remains unresolved till expiry stipulated timeframe figure student may approach student grievance committee sgc written applicationemail head sgc exceptional case student also approach committee directly responsibility
ug_p92_175,ug,92,"decision to directly approach the SGC rests with the student. Similarly, a student can withdraw a grievance at any stage of the process by sending a written request to the Head of the SGC. Once withdrawn, the grievance will not be reinstituted, unless a change in the circumstances has occurred. 88 NUST Undergraduate Student Handbook",decision directly approach sgc rest student similarly student withdraw grievance stage process sending written request head sgc withdrawn grievance reinstituted unless change circumstance occurred nust undergraduate student handbook
ug_p93_176,ug,93,"d. Composition of SGC (1) Head (1x Senior Faculty) (2) 2 x Faculty Members (3) 1 x F3H (Co-opted member, when a female student agrees to report the issue to SGC) e. Duration of the Grievance Redressal. Generally, the SGC is expected to settle all cases within a maximum of 15 working days. However, under exceptional circumstances, this time period may be lengthened. The grievance committee must ensure the confidentiality of its proceedings and inquiry. The decision and action taken can only be shared with the concerned student and concerned faculty/officer, as and when required. In case the student is not satisfied with the decision, he/she may take the matter to Pro-Rector (Acad). f. Responsibility of the Student. A student is expected to keep in mind the following important points while lodging a complaint or a grievance: (1) Report the matter (preferably in writing) at the earliest: not later than 15 days after the occurrence. (2) Treat all concerned person(s) with courtesy and respect. (3) Do not engage in a behaviour that is unbecoming of a NUSTIAN. (4) Do not make complaints or grievances that are frivolous or lacking in substance. (5) Provide truthful information. (6) Do not purposefully misrepresent",composition sgc head senior faculty x faculty member x coopted member female student agrees report issue sgc e duration grievance redressal generally sgc expected settle case within maximum working day however exceptional circumstance time period may lengthened grievance committee must ensure confidentiality proceeding inquiry decision action taken shared concerned student concerned facultyofficer required case student satisfied decision heshe may take matter prorector acad f responsibility student student expected keep mind following important point lodging complaint grievance report matter preferably writing earliest later day occurrence treat concerned person courtesy respect engage behaviour unbecoming nustian make complaint grievance frivolous lacking substance provide truthful information purposefully misrepresent
ug_p93_177,ug,93,"or withhold relevant information. (7) Cooperate during the process, including answering questions, providing further information and copies of documents, and attending meetings, if required. (8) Be patient and adhere to defined timelines before escalating the matter to the next level. (9) Keep a record of correspondence, if any. 25. All faculty members, administrative staff, support staff, and students are expected to monitor this code of conduct and report any disregard or violations thereof to the institution/Main Office NUST for taking appropriate corrective action/remedial measures. NUST Undergraduate Student Handbook 89",withhold relevant information cooperate process including answering question providing information copy document attending meeting required patient adhere defined timeline escalating matter next level keep record correspondence faculty member administrative staff support staff student expected monitor code conduct report disregard violation thereof institutionmain office nust taking appropriate corrective actionremedial measure nust undergraduate student handbook
ug_p94_178,ug,94,"Writing of Articles Whereas NUST encourages freedom of expression and wants students to write on important national and international issues, however, such article, contributed by students with NUST ID, should be sent to Student Affairs Directorate, through the respective Principal, for vetting. The purpose is to guard against misrepresentation of the University Policy. 26. Anti Drug & Tobacco. a. NUST has zero tolerance for drug use and is strictly dealt through NUST Disciplinary Committee and HEC guidelines. Smoking is discouraged and is restricted to earmarked outdoor spaces only. An Anti-Drug & Tobacco Committee is also constituted for awareness / preventive measures. b. Students, Faculty and Staff must go through NUST Policy on Drug & Tobacco abuse and an undertaking is also required to be signed by all new students and Father/Mother/guardian is attached as Annex F and for Faculty and Staff is attached as Annex G. 90 NUST Undergraduate Student Handbook",writing article whereas nust encourages freedom expression want student write important national international issue however article contributed student nust id sent student affair directorate respective principal vetting purpose guard misrepresentation university policy anti drug tobacco nust zero tolerance drug use strictly dealt nust disciplinary committee hec guideline smoking discouraged restricted earmarked outdoor space antidrug tobacco committee also constituted awareness preventive measure b student faculty staff must go nust policy drug tobacco abuse undertaking also required signed new student fathermotherguardian attached annex f faculty staff attached annex g nust undergraduate student handbook
ug_p95_179,ug,95,"Chapter 12: Living on Campus 1. Introduction. NUST Hostels have been established for the outstation National and International students. Hostels are providing a hygienic and pleasant environment and are equipped with all amenities for standard living. Seventeen hostels have been built in the main campus of NUST (11 for males and 6 for females) that can accommodate 4719 students. The management makes sincere endeavours to provide all the needed facilities and comforts. These hostels provide: a. Peaceful academic environment b. Halal meals, prepared under hygienic conditions c. Limited indoor recreational facilities i.e., (1) TV Room (2) Indoor Games (3) Gymnasium (4) Heating System in Each Room (5) CCTV surveillance System Installed in Hostels (6) Uninterrupted Electric Supply (7) Wi-Fi (8) Vending Machines (9) Hot Water in Winters (10) Water Purification 2. Allotment of Hostel Accommodation. a. Hostel accommodation will be allotted to outstation students as per NUST Hostel Allotment Policy - Annex C. b. The following are the guidelines to apply for Hostel Accommodation: (1) Existing students will apply through their Qalam Account for Hostel Accommodation while Newcomers will apply through pgadmission.nust.edu.pk (PG Students) & ugadmissions.nust.edu.pk (UG Students). (2) Six months Hostel Charges and Security Invoice will be issued by",chapter living campus introduction nust hostel established outstation national international student hostel providing hygienic pleasant environment equipped amenity standard living seventeen hostel built main campus nust male female accommodate student management make sincere endeavour provide needed facility comfort hostel provide peaceful academic environment b halal meal prepared hygienic condition c limited indoor recreational facility ie tv room indoor game gymnasium heating system room cctv surveillance system installed hostel uninterrupted electric supply wifi vending machine hot water winter water purification allotment hostel accommodation hostel accommodation allotted outstation student per nust hostel allotment policy annex c b following guideline apply hostel accommodation existing student apply qalam account hostel accommodation newcomer apply pgadmissionnustedupk pg student ugadmissionsnustedupk ug student six month hostel charge security invoice issued
ug_p95_180,ug,95,"Fee Section (through students Qalam account (existing students) & through personal mail (newcomers), and be paid before joining the hostel. Paid slip will be submitted to the respective Manager (Hostel) on arrival. Monthly Invoice for Messing will be issued by Hostel branch on their Qalam account and one-time refundable Security (payable online) will be issued through e-mail directly to the student NUST Undergraduate Student Handbook 91",fee section student qalam account existing student personal mail newcomer paid joining hostel paid slip submitted respective manager hostel arrival monthly invoice messing issued hostel branch qalam account onetime refundable security payable online issued email directly student nust undergraduate student handbook
ug_p96_181,ug,96,"and should be paid before joining the hostel. Paid slip is to be submitted to the respective Manager (Hostel) on arrival. (3) NUST Hostel Rules Awareness Certificate & Undertaking must be submitted to the respective Manager (Hostel) on arrival in the Hostel, failing which, accommodation will not be provided. c. Types of Accommodation (1) Single occupancy with attached washroom for PG/Ph.D. Students (2) Double occupancy (in Boys Hostels) with attached washroom for PG Students (3) Double occupancy with community washrooms for UG Students (4) Triple occupancy with community washrooms for UG Students 3. Duration of Student Stay in Hostels. Stay of the students, who are granted admission in the hostels in H-12 Campus, will be: a. UG. Students will only avail Hostel facility for the duration (BS and BE Programme for 4 Years and for B Architecture, LLB & MBBS hostel accommodation will be provided for 5 Years) of their on-campus study; b. PG. MS Programme (2 Years), Ph.D. Programme (3 Years). 4. Extension. Following will be considered for extension: a. Genuine medical issues (submission of Medical Documents with prior recommendation of NMC) b. Exchange Programme. The hostelites who are offered an exchange programme in Foreign Universities will be given",paid joining hostel paid slip submitted respective manager hostel arrival nust hostel rule awareness certificate undertaking must submitted respective manager hostel arrival hostel failing accommodation provided c type accommodation single occupancy attached washroom pgphd student double occupancy boy hostel attached washroom pg student double occupancy community washroom ug student triple occupancy community washroom ug student duration student stay hostel stay student granted admission hostel campus ug student avail hostel facility duration b programme year b architecture llb mbbs hostel accommodation provided year oncampus study b pg m programme year phd programme year extension following considered extension genuine medical issue submission medical document prior recommendation nmc b exchange programme hostelites offered exchange programme foreign university given
ug_p96_182,ug,96,"an extension in case their required courses are not offered during Summer vacations or regular semesters. Confirmation to this effect will be sought from Registrar Dte. c. Compassionate ground (case to case basis) d. Overseas students (when both parents reside abroad) Note: Cases of the above-mentioned categories will be processed for Rector's approval. 5. An extension may not be granted to the students who have obtained F grades/Low grades/Repeat courses/Short attendance. 6. Temporary Hostel Allotment. Temporary allotment facility will be provided only to those students who are currently registered at the main campus of NUST, on availability of surplus and vacant accommodation. Students applying for a shorter duration will be granted 92 NUST Undergraduate Student Handbook",extension case required course offered summer vacation regular semester confirmation effect sought registrar dte c compassionate ground case case basis overseas student parent reside abroad note case abovementioned category processed rector approval extension may granted student obtained f gradeslow gradesrepeat coursesshort attendance temporary hostel allotment temporary allotment facility provided student currently registered main campus nust availability surplus vacant accommodation student applying shorter duration granted nust undergraduate student handbook
ug_p97_183,ug,97,"permission to avail of the facility on a case-to-case basis. An application form is available at the hostel’s office, which requires the signature of parents/guardians. Hostel rules will be followed by temporary students in true spirit. 7. Messing. It is mandatory for all hostelite students. a. Messing for the students is arranged by NUST. b. Messing is charged in advance from all the students on a monthly basis for which Mess Bill is issued, to be deposited in the bank within the due date. c. Mess Security (Rs 15,000/-) is charged at the beginning, which is refunded to the students when they apply for clearance from hostels. d. The students’ committee is formed to facilitate and participate in mess/hostel affairs. The mess menu of the hostel is prepared with the consultation of the Hostel Messing Committee. e. Messing attendance register is placed in Manager Hostel’s Office. Students desirous of going on leave at least two days in advance i.e., a student leaving on Friday shall register his/her request by 2300 hrs (11:00 pm) on Wednesday (it is mandatory to cater for the purchase of fresh ration that is procured one day in advance). f. The students need to be physically",permission avail facility casetocase basis application form available hostel office requires signature parentsguardians hostel rule followed temporary student true spirit messing mandatory hostelite student messing student arranged nust b messing charged advance student monthly basis mess bill issued deposited bank within due date c mess security r charged beginning refunded student apply clearance hostel student committee formed facilitate participate messhostel affair mess menu hostel prepared consultation hostel messing committee e messing attendance register placed manager hostel office student desirous going leave least two day advance ie student leaving friday shall register hisher request hr pm wednesday mandatory cater purchase fresh ration procured one day advance f student need physically
ug_p97_184,ug,97,"present in the office of the Manager (Hostel) while getting the Mess Out. Extension in Mess Out will not be allowed on the phone or by mail. g. Failing to submit the Mess Leave Form to the Manager (Hostel) in person will not be entertained later on. h. A maximum of 12 days’ Mess leave will be considered in a month only. i. If the member is leaving the Hostel, she/ he should apply for mess off at least two days in advance before the date of the mess off on a prescribed form available in the Manager (Hostel) Office. 8. Meal Timings. As decided by Deputy Director Hostels in consultation with the students' committee, Meal timing will be displayed on Hostel/Mess Notice Board. 9. Hostel Dues. a. Hostel Charges (1) Hostel Security - Rs 15,000/- (Refundable) (2) Single occupancy - Rs 11,000/- per month (w.e.f. Fall 2024)) NUST Undergraduate Student Handbook 93",present office manager hostel getting mess extension mess allowed phone mail g failing submit mess leave form manager hostel person entertained later h maximum day mess leave considered month member leaving hostel apply mess least two day advance date mess prescribed form available manager hostel office meal timing decided deputy director hostel consultation student committee meal timing displayed hostelmess notice board hostel due hostel charge hostel security r refundable single occupancy r per month wef fall nust undergraduate student handbook
ug_p98_185,ug,98,"(3) Double occupancy (attached - Rs 10,000/- per month washroom) (w.e.f. Fall 2024) (4) Double occupancy (with community - Rs 8,000/- per month (w.e.f. washroom) Fall 2024) (5) Triple occupancy (with community - Rs 6,780/- per month (w.e.f. washroom) Fall 2024) b. Hostel Charges (International Students) (1) Single occupancy (with attached - USD 75/- per month (w.e.f. washroom) Fall 2023) (2) Double occupancy (with attached - USD 65/- per month (w.e.f. washroom) Fall 2023) (3) Double occupancy (with - USD 55/- per month Fall 2023) community washroom) (4) Triple occupancy (with community - USD 45/- per month (w.e.f. washroom) Fall 2023) Note: Security Fee of USD 117/- (Refundable) will be charged at the time of allotment. c. Messing (1) Mess Security - Rs 15,000/- (Refundable) Rs 15,175/- (Rs 490/- per (2) Monthly charges - day) d. Payment of Dues. Hostel dues are required to be paid on a semester basis. Hostel rent invoice will be issued through Finance Directorate (Fee Section). Mess charges will be paid on monthly basis in advance. The invoice will be issued by the Hostels Branch. 10. Fine. Due date of deposit would be mentioned on the invoice and for late deposit of dues, students will",double occupancy attached r per month washroom wef fall double occupancy community r per month wef washroom fall triple occupancy community r per month wef washroom fall b hostel charge international student single occupancy attached usd per month wef washroom fall double occupancy attached usd per month wef washroom fall double occupancy usd per month fall community washroom triple occupancy community usd per month wef washroom fall note security fee usd refundable charged time allotment c messing mess security r refundable r r per monthly charge day payment due hostel due required paid semester basis hostel rent invoice issued finance directorate fee section mess charge paid monthly basis advance invoice issued hostel branch fine due date deposit would mentioned invoice late deposit due student
ug_p98_186,ug,98,"pay fine as mentioned in the hostel rent invoice/mess bill and other types of fine (e.g., for latecomers and disciplinary cases) imposed by the hostel management. 11. Discipline. The best state of discipline is expected from the residents, a few aspects of the discipline are highlighted here: a. Ragging. Ragging, in any shape, that can cause physical or psychological harm or raises apprehension of fear, shame, or an embarrassment to the new student, including teasing, abusing, shouting, playing practical jokes or causing harm to the student or asking new students to do any act or to perform acts (which such student will not be willing to do ordinarily) is strictly forbidden. It is expected that senior students will help the juniors in their 94 NUST Undergraduate Student Handbook",pay fine mentioned hostel rent invoicemess bill type fine eg latecomer disciplinary case imposed hostel management discipline best state discipline expected resident aspect discipline highlighted ragging ragging shape cause physical psychological harm raise apprehension fear shame embarrassment new student including teasing abusing shouting playing practical joke causing harm student asking new student act perform act student willing ordinarily strictly forbidden expected senior student help junior nust undergraduate student handbook
ug_p99_187,ug,99,"settling down process. Anybody found involved in ragging will be dealt with sternly. b. Smoking. University is a smoke-free zone. Smoking is prohibited in the rooms as well as in the hostel premises. c. Criminal/Unlawful Activities. Following will be considered unlawful activity: (1) Joining banned organizations or involvement in anti-state activities. (2) Creating trouble in hostel premises including going on/organizing strike and inviting/inciting others for a strike or printing/writing/ distributing pamphlets/handouts etc. (3) Giving threats to any student or staff member. (4) Overstaying in the hostel after completion of on-campus duration/ specified period/completion of the degree. (5) Causing loss to/damaging Hostel/University property. (6) Misuse of hostel facilities. (7) Bringing/inviting unauthorized person/day scholars in the hostel. (8) Gambling in any shape. Note: Khokhas/Dhabas are out-of-bound for students. 12. Conduct. Students are advised to dress up well, while moving on the campus, except when going to / coming from the washroom. Students' general behaviour, dress, and conversation in the hostels must be decent. Shouting is not allowed. Any kind of misconduct will be dealt with sternly. CCTV cameras are installed for round-the-clock monitoring. 13. Dos and Don’ts. a. Do’s (1) Pay Salam to fellow students, staff and faculty. (2) Be respectful to",settling process anybody found involved ragging dealt sternly b smoking university smokefree zone smoking prohibited room well hostel premise c criminalunlawful activity following considered unlawful activity joining banned organization involvement antistate activity creating trouble hostel premise including going onorganizing strike invitinginciting others strike printingwriting distributing pamphletshandouts etc giving threat student staff member overstaying hostel completion oncampus duration specified periodcompletion degree causing loss todamaging hosteluniversity property misuse hostel facility bringinginviting unauthorized personday scholar hostel gambling shape note khokhasdhabas outofbound student conduct student advised dress well moving campus except going coming washroom student general behaviour dress conversation hostel must decent shouting allowed kind misconduct dealt sternly cctv camera installed roundtheclock monitoring do t pay salam fellow student staff faculty respectful
ug_p99_188,ug,99,"your colleagues, hostel staff/management & security staff at gates. (3) Always communicate in a decent and courteous way. (4) Keep your room neat clean and tidy. (5) Utilize your PC/Laptop / Gadgets for educational purposes only. NUST Undergraduate Student Handbook 95",colleague hostel staffmanagement security staff gate always communicate decent courteous way keep room neat clean tidy utilize pclaptop gadget educational purpose nust undergraduate student handbook
ug_p100_189,ug,100,"(6) Take care of your valuables especially cash, mobile phones and laptops etc. Take valuables along when you proceed on leave etc. (7) Clear hostel & mess dues in time. Defaulters are fined. (8) All notices/instructions issued from time to time be followed in letter & spirit. (9) Presence of a student is mandatory for daily attendance in the Manager (Hostel) office at a given time. (10) Inform the Manager (Hostel) about Withdrawal/Relegation immediately. (11) Economize on utilization of water, electricity and gas. Put off all the electric switches, gas appliances and water taps while leaving the room. (12) Be aware of all notices put up on the Notice Boards. (13) In case of any emergency or illness, immediately report to the Manager (Hostel)/Caretaker who shall make necessary arrangements for medical assistance. (14) Students re expected to be well dressed & tidy. (15) “Lost and found items” be reported to the Manager (Hostel). b. Dont's (1) Keeping prohibited medicines and drugs without a doctor’s prescription. (2) Misusing hostel facilities for other than studies. (3) Involvement in criminal/police cases. (4) Guests of students or day scholars in the room/hostel. (5) Driving Motor Cycle without a crash helmet. (6) Disturbing other fellow",take care valuable especially cash mobile phone laptop etc take valuable along proceed leave etc clear hostel mess due time defaulter fined noticesinstructions issued time time followed letter spirit presence student mandatory daily attendance manager hostel office given time inform manager hostel withdrawalrelegation immediately economize utilization water electricity gas put electric switch gas appliance water tap leaving room aware notice put notice board case emergency illness immediately report manager hostelcaretaker shall make necessary arrangement medical assistance student expected well dressed tidy lost found item reported manager hostel b donts keeping prohibited medicine drug without doctor prescription misusing hostel facility study involvement criminalpolice case guest student day scholar roomhostel driving motor cycle without crash helmet disturbing fellow
ug_p100_190,ug,100,residents by playing loud music or any such instruments at a high volume. (7) No electric appliance will be permitted in the student’s room except the bedroom refrigerator and room cooler (with permission and on payment of monthly charges). 96 NUST Undergraduate Student Handbook,resident playing loud music instrument high volume electric appliance permitted student room except bedroom refrigerator room cooler permission payment monthly charge nust undergraduate student handbook
ug_p101_191,ug,101,"(8) Making any structural additions or alterations in their rooms, installing/fixing any electrical gadget or fittings/fixtures anywhere in the Hostel. (9) Collection of Chanda on any account. (10) Ragging of juniors inside/outside the rooms and hostels. (11) Gambling in any form such as playing cards (even without money at stake). (12) Authorized room layout will not be changed. (13) Occupying or interchanging/swapping the room without the permission of the Manager (Hostel) and DD Hostels. (14) Giving tips or making any other kind of payment to the sanitary worker or any other hostel staff. (15) Opening the door of another fellow’s room without his/her permission. (16) Using the belongings of other residents without their consent. (17) Borrowing and lending money among the students and staff. (18) Visiting rooftops of hostels. (19) Arrange private trips/visits without written permission of DD Hostels and respective schools. (20) Cooking in the room under any circumstances is prohibited. (21) Keeping pets or animals in the room. (22) Non-adherence to the chain of command while reporting a complaint. (23) Excessive cash/gold jewellery/expensive items are not to be kept in the hostel. Hostel Management is not responsible for any loss. (24) Visiting Khokhas/Dhabas. 14. Attendance. To ensure security",making structural addition alteration room installingfixing electrical gadget fittingsfixtures anywhere hostel collection chanda account ragging junior insideoutside room hostel gambling form playing card even without money stake authorized room layout changed occupying interchangingswapping room without permission manager hostel dd hostel giving tip making kind payment sanitary worker hostel staff opening door another fellow room without hisher permission using belonging resident without consent borrowing lending money among student staff visiting rooftop hostel arrange private tripsvisits without written permission dd hostel respective school cooking room circumstance prohibited keeping pet animal room nonadherence chain command reporting complaint excessive cashgold jewelleryexpensive item kept hostel hostel management responsible loss visiting khokhasdhabas attendance ensure security
ug_p101_192,ug,101,"as well as the presence of students in the hostels, Biometric Attendance System has been installed in all students Hostels to mark their daily attendance between 10:00 pm to 10:45 pm for female students and 11:00 pm to 11:45 pm for male students. Those who fail to mark their attendance shall be considered as absent. If a hostelite is absent from the hostel for more than 07 days without prior information, his/her hostel allotment will be cancelled immediately. Defaulters will be liable to imposition of the fine. Note: Students/staff to immediately report to the hostel management about any suspicious activity if any student is found missing/absent from the hostel. NUST Undergraduate Student Handbook 97",well presence student hostel biometric attendance system installed student hostel mark daily attendance pm pm female student pm pm male student fail mark attendance shall considered absent hostelite absent hostel day without prior information hisher hostel allotment cancelled immediately defaulter liable imposition fine note studentsstaff immediately report hostel management suspicious activity student found missingabsent hostel nust undergraduate student handbook
ug_p102_193,ug,102,"15. In/Out Timings. a. Students are not allowed to stay out of the hostel after 10:00 pm (female) & 11:00 pm (male) or the time notified otherwise. Defaulters will be fined as follows: (1) 1st Violation - Rs 300/- (2) 2nd Violation - Rs 500/- and information to concerned School & parents (3) 3rd Violation - Rs 1,000/- and expulsion from the hostel for the semester with information to concerned School and parents b. Students are allowed to leave campus/hostel only with written permission (Out Pass) issued by the respective Manager (Hostels). Parents may also be consulted by the hostel management when felt necessary. c. In/out registers must be filled in while leaving the hostel for a private purpose, failing which absence will be marked and disciplinary action will be initiated against the defaulters. d. Students are advised to display hostel (yellow) cards for identification while going out of the hostel or entering the hostel. 16. TV Timings. Television will be closed at 11:00 pm on normal working days and 11:45 pm on the weekends/closed holidays. The keys of the television room will be in the custody of the Manager (Hostels) and s/he will be responsible for ensuring compliance of",inout timing student allowed stay hostel pm female pm male time notified otherwise defaulter fined follows violation r violation r information concerned school parent violation r expulsion hostel semester information concerned school parent b student allowed leave campushostel written permission pas issued respective manager hostel parent may also consulted hostel management felt necessary c inout register must filled leaving hostel private purpose failing absence marked disciplinary action initiated defaulter student advised display hostel yellow card identification going hostel entering hostel tv timing television closed pm normal working day pm weekendsclosed holiday key television room custody manager hostel responsible ensuring compliance
ug_p102_194,ug,102,"orders. However, in the case of some important sports events such as the World Cup/Olympics, etc., special permission can be obtained from the Manager (Hostels). 17. Temporary Vacation of Hostels. a. In case of closure of university due to semester break, summer session and any unforeseen reasons, no student is allowed to stay in hostels unless otherwise decided by the university authorities. b. Foreign students, overseas Pakistani family’s students and those who have peculiar academic requirements duly recommended by the respective school may be considered to stay in the hostel. c. However, the hostel branch will have the authority to shift the above said students to the earmarked hostels on temporary basis to minimize the services/administrative expenditures. In this eventuality students will be shifted as per seniority from the ground to top floor. d. During Summer Vacations, hostel residents will be required to store their luggage in earmarked rooms of each hostel and the vacated rooms will be utilized for students who are temporarily staying during summer vacations. 98 NUST Undergraduate Student Handbook",order however case important sport event world cupolympics etc special permission obtained manager hostel temporary vacation hostel case closure university due semester break summer session unforeseen reason student allowed stay hostel unless otherwise decided university authority b foreign student overseas pakistani family student peculiar academic requirement duly recommended respective school may considered stay hostel c however hostel branch authority shift said student earmarked hostel temporary basis minimize servicesadministrative expenditure eventuality student shifted per seniority ground top floor summer vacation hostel resident required store luggage earmarked room hostel vacated room utilized student temporarily staying summer vacation nust undergraduate student handbook
ug_p103_195,ug,103,"NUST Hostel Administration reserves the right to use the temporarily vacated available accommodation for annual maintenance and other official requirements. 18. Final Vacation of Hostels. Students may be vacated from Hostels due to following reasons: - a. Completion of study/completion of on-campus tenure. b. Deferment. c. Withdrawal/expulsion on disciplinary grounds. 19. Procedure to Vacate the Hostel. To vacate the hostel, student needs to inform in writing to the Manager (Hostel) minimum a week in advance. Student to ensure that all the dues are paid, furthermore, clearance is obtained and keys are deposited in the Manager (Hostel) office. In case the student fails to abide by the said procedure he/she will be required to pay mess bill before issuance of hostel clearance. Online clearance will only be done by Hostel Branch on submission of the Hostel Clearance Form. 20. Guests. Guests (of students and staff) are not allowed to enter/stay in the hostel premises at any time. They may be entertained in the cafeterias. 21. Conveyance/Driving. Following rules will be observed: a. Students are encouraged to keep and use bicycles within the Campus. b. Students desirous of keeping cars/motorcycles will seek permission in writing from Deputy Director Hostels. Students will produce",nust hostel administration reserve right use temporarily vacated available accommodation annual maintenance official requirement final vacation hostel student may vacated hostel due following reason completion studycompletion oncampus tenure b deferment c withdrawalexpulsion disciplinary ground procedure vacate hostel vacate hostel student need inform writing manager hostel minimum week advance student ensure due paid furthermore clearance obtained key deposited manager hostel office case student fails abide said procedure heshe required pay mess bill issuance hostel clearance online clearance done hostel branch submission hostel clearance form guest guest student staff allowed enterstay hostel premise time may entertained cafeteria conveyancedriving following rule observed student encouraged keep use bicycle within campus b student desirous keeping carsmotorcycles seek permission writing deputy director hostel student produce
ug_p103_196,ug,103,"necessary documents including driving license, vehicle registration, copy of CNIC, and NUST student card while seeking permission. c. Riding motorcycles will not be allowed without a valid driving license, vehicle registration, and wearing a crash helmet. Defaulters will be warned/ fined heavily. After 2 warnings, permission will be withdrawn. d. UG students are not allowed to keep a car in the hostel. 22. Damage to Property. Students are expected to cooperate for taking care of the hostel/mess property, such as newspapers, magazines, furniture, TV, cutlery, crockery, etc. It will not be removed from the hostel/mess. Any student found guilty of damaging or breaking items of hostel/mess will be made to pay the cost of the item in addition to fine/penalty. NUST Undergraduate Student Handbook 99",necessary document including driving license vehicle registration copy cnic nust student card seeking permission c riding motorcycle allowed without valid driving license vehicle registration wearing crash helmet defaulter warned fined heavily warning permission withdrawn ug student allowed keep car hostel damage property student expected cooperate taking care hostelmess property newspaper magazine furniture tv cutlery crockery etc removed hostelmess student found guilty damaging breaking item hostelmess made pay cost item addition finepenalty nust undergraduate student handbook
ug_p104_197,ug,104,"23. Punishment. It is mandatory to comply with the timings and orders spelled out in these instructions and those issued from time to time. Necessary disciplinary action will be taken against the students for each minor or major violation. The following action will be initiated against defaulters: a. The student will be produced by Manager (Hostel) before DD Hostels for misconduct and indiscipline. b. A serious violation, as and when observed, will be reported to the parents/guardians in writing. c. For major breaches, the matter will be referred to NUST Disciplinary Committee. d. Imposition of fine/penalty e. Expulsion from the hostel f. After one time expulsion from the hostel, re-allotment will not be considered. 24. Inspections. a. Manager (Hostel), Assistant Director Hostels, Deputy Director Hostels, Director Field Administration, and Senior Executive of the University can inspect hostel (student rooms and almirahs, etc.) without any advance notice at any time of the day or night. b. Weekly/monthly inspection will be carried out by Manager (Hostel). c. A quarterly inspection will be carried out by Deputy Director Hostels. 25. Medical Care. NUST Medical Centre (NMC) is providing the best medical services to students round-the-clock and is equipped with sufficient arrangements. Qualified doctors",punishment mandatory comply timing order spelled instruction issued time time necessary disciplinary action taken student minor major violation following action initiated defaulter student produced manager hostel dd hostel misconduct indiscipline b serious violation observed reported parentsguardians writing c major breach matter referred nust disciplinary committee imposition finepenalty e expulsion hostel f one time expulsion hostel reallotment considered inspection manager hostel assistant director hostel deputy director hostel director field administration senior executive university inspect hostel student room almirahs etc without advance notice time day night b weeklymonthly inspection carried manager hostel c quarterly inspection carried deputy director hostel medical care nust medical centre nmc providing best medical service student roundtheclock equipped sufficient arrangement qualified doctor
ug_p104_198,ug,104,"(male/female) and trained staff perform their duties with complete dedication. 26. Washerman Services. A laundry shop has been established in all the hostels for the provision of washing and pressing of clothes facility to residents free of cost. 27. Indoor Sports. The facility of a well-equipped gymnasium with the required machines is available in all the Hostels. It is expected that students will utilize the same with extreme care and will adhere to the best norms of discipline in the gym. 28. Vending Machine. Vending Machines have been installed in all student Hostels that dispense items such as snacks, beverages, etc., to students on payment of cash or credit. 29. Hostel Administration. Hostel administration/management is as under: a. Director Field Administration b. Deputy Director Hostels 100 NUST Undergraduate Student Handbook",malefemale trained staff perform duty complete dedication washerman service laundry shop established hostel provision washing pressing clothes facility resident free cost indoor sport facility wellequipped gymnasium required machine available hostel expected student utilize extreme care adhere best norm discipline gym vending machine vending machine installed student hostel dispense item snack beverage etc student payment cash credit hostel administration hostel administrationmanagement director field administration b deputy director hostel nust undergraduate student handbook
ug_p105_199,ug,105,"c. Assistant Director Hostels (Male) d. Assistant Director Hostels (Female) e. Assistant Director Hostels (Messing) f. Manager Hostel g. Caretaker 30. Certificate (Annex D) duly signed by the student and countersigned by the parent/guardian is required to be submitted by the student to the Manager (Hostels) at the time of joining the hostel. Note: a. These are general guidelines to facilitate the student and ensure a comfortable stay in the hostel. b. Students are required to follow the above rules while staying in the hostel. Parents/guardians are requested to go through the same rules and advise their son/daughter/ward to strictly follow the rules. A certificate to this effect (as per the specimen below) is required to be submitted by the student, duly countersigned by the parent/guardian, to the respective Manager (Hostels), at the time of joining the hostel. c. Please submit the signed/countersigned attached certificate to your Manager (Hostels) along with the Hostel admission form to avoid any unpleasant consequence later on. d. The Hostel Management reserves the right to revise the rules and regulations. However, it will keep the residents informed of any changes in the form of notice on hostel notice boards. e. These rules are intended to",c assistant director hostel male assistant director hostel female e assistant director hostel messing f manager hostel g caretaker certificate annex duly signed student countersigned parentguardian required submitted student manager hostel time joining hostel note general guideline facilitate student ensure comfortable stay hostel b student required follow rule staying hostel parentsguardians requested go rule advise sondaughterward strictly follow rule certificate effect per specimen required submitted student duly countersigned parentguardian respective manager hostel time joining hostel c please submit signedcountersigned attached certificate manager hostel along hostel admission form avoid unpleasant consequence later hostel management reserve right revise rule regulation however keep resident informed change form notice hostel notice board e rule intended
ug_p105_200,ug,105,ensure a conducive environment for all residents. 31. Dress Norms & Dining Etiquette are uploaded on Qalam system for all students employees and faculty. Details are also available on NUST website https://nust.edu.pk/downloads/dress-norms-dinning-etiquette/. NUST Undergraduate Student Handbook 101,ensure conducive environment resident dress norm dining etiquette uploaded qalam system student employee faculty detail also available nust website httpsnustedupkdownloadsdressnormsdinningetiquette nust undergraduate student handbook
ug_p106_201,ug,106,"Annex A to Para 30 to Chapter 2 Re-Checking of Papers 1. Fill out the re-checking application form completely. 2. Deposit re-checking fee amounting to Rs 500/- per paper and enclose original deposit slip along with the application form. 3. Clearly mention the subject/paper required to be re-checked. 4. An application form shall be entertained only if it is complete in all respects and is received in the office along with the prescribed fee within 15 days after the declaration of the relevant result. 5. Incomplete and incorrect forms shall be returned to the candidate for completion and if it is not submitted within the prescribed time limit, no action shall be taken on them. 6. Time-barred applications shall not be entertained. 7. Re-checking does not mean re-assessment or re-evaluation of the answer-book. Following is the procedure for rechecking of papers: It is ensured that: a. there is no mistake in the grand total on the title page of the answer book; b. the total of various parts of a question has been correctly made at the end of each question; c. all totals have been correctly brought forward on the title page of the answer book; d. no portion",annex para chapter rechecking paper fill rechecking application form completely deposit rechecking fee amounting r per paper enclose original deposit slip along application form clearly mention subjectpaper required rechecked application form shall entertained complete respect received office along prescribed fee within day declaration relevant result incomplete incorrect form shall returned candidate completion submitted within prescribed time limit action shall taken timebarred application shall entertained rechecking mean reassessment reevaluation answerbook following procedure rechecking paper ensured mistake grand total title page answer book b total various part question correctly made end question c total correctly brought forward title page answer book portion
ug_p106_202,ug,106,of the answer book has been left un-marked; e. the total number of questions attempted does not exceed the limit allowed in the Question Paper; f. total marks in the answer-book tally with the marks sheet; g. viva/practical and internal assessment marks are not re-tabulated; h. the student or anybody on his/her behalf has no right to see or examine the answer-book for any purpose; i. increase/decrease in the final marks of the student will be decided according to the results of re-checking. 102 NUST Undergraduate Student Handbook,answer book left unmarked e total number question attempted exceed limit allowed question paper f total mark answerbook tally mark sheet g vivapractical internal assessment mark retabulated h student anybody hisher behalf right see examine answerbook purpose increasedecrease final mark student decided according result rechecking nust undergraduate student handbook
ug_p107_203,ug,107,National University of Sciences and Technology Islamabad Application Form for Re-Checking of Answer-Book/Paper 1. Name of the Candidate: __________________________________________________ 2. Father’s Name: _________________________________________________________ 3. Roll No. _______________________________________________________________ 4. Year/Semester: ________________________________________________________ 5. Paper(s) to be re-checked: ________________________________________________ a. _______________________________________________________________ b. _______________________________________________________________ c. _______________________________________________________________ d. _______________________________________________________________ e. _______________________________________________________________ f. _______________________________________________________________ g. _______________________________________________________________ 6. Fee Paid: Rs. ___________________ invoice/draft No. ________________________ Bank Branch: ___________________________________ dated: ________________ 7. I have read the instructions given overleaf and undertake to abide by the rules and regulations of NUST: ____________________ Date: _______________ Signature of Applicant Postal Address: ___________________________________________________________________________ ___________________________________________________________________________ ___________________________________________________________________________ Telephone No. __________________________ NUST Undergraduate Student Handbook 103,national university science technology islamabad application form rechecking answerbookpaper name candidate father name roll yearsemester paper rechecked b c e f g fee paid r invoicedraft bank branch dated read instruction given overleaf undertake abide rule regulation nust date signature applicant postal address telephone nust undergraduate student handbook
ug_p108_204,ug,108,"Annex B to Para 9 e (1) to Chapter 5 Fee Structure Fee Structure for National Students (In PKR) Business Studies, Engineering/IT, Architecture, Applied BioSciences Industrial Design & & Natural Sciences Social Sciences Semester System Admission Processing Fee 35,000 35,000 (Non Refundable) Security Deposit 10,000 10,000 (Refundable) Tuition Fee (Per Semester) 171,350 250,380 University Administrative Charges - - PMDC Registration - - Grade Improvement Fee for Fall / 8,000 8,000 Spring (Per CH) Course Registration Fee for Summer 8,000 8,000 Semester (Per CH) Make-up Fee for Missed 5,000 5,000 OHT/MSE/ESE (per course) Misc Fee 2,700/Semester 2,700/Semester * “Harvard Business school licensing fee” will be charged to undergraduate students of BBA, BS Accounting & Finance & BS Tourism and Hospitality Management @ Rs 12,000/- year. Payment of Student Fee 1. At the time of admission, students have to pay the admission processing fee, security, and full semester fee in advance. Dues have to be paid on semester basis. 2. Invoice for admission charges along with first semester fee and Provisional Selection Letter will be available on NUST website. 3. Tuition fee will be payable on semester basis. Students must have to pay their fee in advance before the commencement of semester.",annex b para e chapter fee structure fee structure national student pkr business study engineeringit architecture applied bioscience industrial design natural science social science semester system admission processing fee non refundable security deposit refundable tuition fee per semester university administrative charge pmdc registration grade improvement fee fall spring per ch course registration fee summer semester per ch makeup fee missed ohtmseese per course misc fee harvard business school licensing fee charged undergraduate student bba b accounting finance b tourism hospitality management r year payment student fee time admission student pay admission processing fee security full semester fee advance due paid semester basis invoice admission charge along first semester fee provisional selection letter available nust website tuition fee payable semester basis student must pay fee advance commencement semester
ug_p108_205,ug,108,104 NUST Undergraduate Student Handbook,nust undergraduate student handbook
ug_p109_206,ug,109,"Fee Structure for International Students (In USD) Engineering, IT, Biosciences, Natural Sciences, Architecture, Business Studies & Social Sciences Admission Processing Fee USD 600 Tuition Fee (per annum) USD 5400 Security Deposit (Refundable) USD 250 Health Facilities (per annum) USD 120 Grade Improvement Fee for Fall / Spring USD 40 (Per CH) Course Registration Fee for Summer USD 40 Semester (Per CH) Make-up Fee for Missed OHT/MSE/ESE USD 40 (per course) 1. Tuition fee for the first academic year (two semesters) will be deposited as per the selection letter. The structure and schedule of payment will be intimated to the selected candidates. Subsequently, tuition fee will be paid by the student on annual basis through Fee Invoice generated by Finance Directorate, NUST. 2. The security fee and admission processing fee are payable along with the tuition fee at the time of admission. 3. “Harvard Business school licensing fee” will be charged to undergraduate students of BBA, BS Accounting & Finance & BS Tourism and Hospitality Management @ USD 40 per year. 4. All students are responsible to keep the record the copies of paid invoices throughout their academic tenure. NUST Undergraduate Student Handbook 105",fee structure international student usd engineering bioscience natural science architecture business study social science admission processing fee usd tuition fee per annum usd security deposit refundable usd health facility per annum usd grade improvement fee fall spring usd per ch course registration fee summer usd semester per ch makeup fee missed ohtmseese usd per course tuition fee first academic year two semester deposited per selection letter structure schedule payment intimated selected candidate subsequently tuition fee paid student annual basis fee invoice generated finance directorate nust security fee admission processing fee payable along tuition fee time admission harvard business school licensing fee charged undergraduate student bba b accounting finance b tourism hospitality management usd per year student responsible keep record copy paid invoice throughout academic tenure nust undergraduate student handbook
ug_p110_207,ug,110,"Hostel Accommodation Charges National International Category Students Students Single Student (w.e.f. Spring 2023): Single occupancy (with attached bath) Rs 11,000 USD 75 Double occupancy (with attached bath) Rs 10,000 USD 65 Double occupancy (with community bath) Rs 8,000 USD 55 Triple occupancy (with community bath) Rs 6,750 USD 45 Security: Security (refundable) Rs 15,000 USD 117 1. Security Fee (Refundable) will be charged at the time of allotment. 2. Hostel Fee includes accommodation charges only. 3. All fees and other charges are subject to revision from time to time. 106 NUST Undergraduate Student Handbook",hostel accommodation charge national international category student student single student wef spring single occupancy attached bath r usd double occupancy attached bath r usd double occupancy community bath r usd triple occupancy community bath r usd security security refundable r usd security fee refundable charged time allotment hostel fee includes accommodation charge fee charge subject revision time time nust undergraduate student handbook
ug_p111_208,ug,111,"Annex C to Para 2 a to Chapter 12 Hostel Allotment Policy 1. Introduction. NUST hostels have been established for the outstation national and international students. Hostels are providing a hygienic and pleasant environment and are equipped with all amenities for standard living. Seventeen hostels have been built in the main campus of NUST (11 for male and 6 for female) with the capacity to accommodate 4719 students. Hostel accommodation will be allotted to outstation students only who get admission in any School/Institute at NUST Main Campus Islamabad. 2. Students are required to apply online on the prescribed form available at (www.nust.edu.pk) or at the time of NET or both. Hostel accommodation will be allotted as per allotment Policy depending on the availability of seats, as per the instructions delineated in succeeding paras. 3. Eligibility Criteria. Students registered for statutory courses in the University (Islamabad Campus only) will be eligible to avail the facility of NUST Hostels. 4. Priority of Allotment a. Disabled/special students b. Wards of Shuhada and orphans c. Overseas (after provision of the residential proof i.e., residency, Iqama, passports, etc.) d. Students from far-flung areas: (1) Balochistan (2) Sindh (3) FATA (4) Gilgit Baltistan (5) Southern Punjab",annex c para chapter hostel allotment policy introduction nust hostel established outstation national international student hostel providing hygienic pleasant environment equipped amenity standard living seventeen hostel built main campus nust male female capacity accommodate student hostel accommodation allotted outstation student get admission schoolinstitute nust main campus islamabad student required apply online prescribed form available wwwnustedupk time net hostel accommodation allotted per allotment policy depending availability seat per instruction delineated succeeding para eligibility criterion student registered statutory course university islamabad campus eligible avail facility nust hostel priority allotment disabledspecial student b ward shuhada orphan c overseas provision residential proof ie residency iqama passport etc student farflung area balochistan sindh fata gilgit baltistan southern punjab
ug_p111_209,ug,111,"(Bahawalpur, Bahawalnagar, D.G Khan, Layyah, Rahim Yar Khan, Rajanpur) (6) Azad Jammu and Kashmir (Athmuqam, Hattian Bala, Haveli /Kahuta) (7) Khyber Pakhtunkhwa (D.I. Khan, Chitral, etc.) e. Priority – 1. As a matter of principle, allocation of Hostel to the waiting list of last year takes priority overall. NUST Undergraduate Student Handbook 107",bahawalpur bahawalnagar dg khan layyah rahim yar khan rajanpur azad jammu kashmir athmuqam hattian bala haveli kahuta khyber pakhtunkhwa di khan chitral etc e priority matter principle allocation hostel waiting list last year take priority overall nust undergraduate student handbook
ug_p112_210,ug,112,"f. Priority – 2. The second priority shall be given to the students, who fall in para 4 a to d above and fall in the first merit list. g. Priority – 3. Third priority shall be given to the students as per their position in the merit list after excluding priorities 1 & 2. 5. Freezing Cases (Deferment). Any hostelite who cannot continue his/her studies due to domestic/medical issues can re-join the hostel in the next semester, subject to the permission of Registrar Dte to the fact that students have been allowed to continue his/her studies. 6. Compassionate Grounds a. Medical Cases. Will be decided on a case-to-case basis. A student desirous for hostel accommodation on medical grounds must submit medical documents along with the hostel admission form. The hostel branch will forward the case to Medical Dte for opinion. b. Need-based Cases. Students who are unable to afford accommodation charges due to financial issues can apply through University Advancement Office (UAO) when they are enrolled in the University, provided they fit into the eligibility/priority criteria. c. Relocation/posting of parents 7. Ineligibility Criteria a. Residents of Islamabad / Rawalpindi and nearby areas (including the students of Ph.D. and SAT",f priority second priority shall given student fall para fall first merit list g priority third priority shall given student per position merit list excluding priority freezing case deferment hostelite continue hisher study due domesticmedical issue rejoin hostel next semester subject permission registrar dte fact student allowed continue hisher study compassionate ground medical case decided casetocase basis student desirous hostel accommodation medical ground must submit medical document along hostel admission form hostel branch forward case medical dte opinion b needbased case student unable afford accommodation charge due financial issue apply university advancement office uao enrolled university provided fit eligibilitypriority criterion c relocationposting parent ineligibility criterion resident islamabad rawalpindi nearby area including student phd sat
ug_p112_211,ug,112,"International) b. Expelled students from NUST c. Having completed the Degree 8. Duration of Students Stay. Stay of the Students, who are granted admission in the hostels in H-12 Campus, will be strictly as follows: a. BS Programmes (4 years except for B. Architecture – SADA & LLB – S3H i.e., 5 years) b. MS Programmes (2 years) c. Ph.D. (3 years) Note: No extension will be granted. 9. Extension. Following cases may also be considered: 108 NUST Undergraduate Student Handbook",international b expelled student nust c completed degree duration student stay stay student granted admission hostel campus strictly follows b programme year except b architecture sada llb ie year b m programme year c phd year note extension granted extension following case may also considered nust undergraduate student handbook
ug_p113_212,ug,113,"a. Genuine medical issues (Submission of Medical Documents with prior recommendation of NMC). b. Exchange Programme. The hostelites who are offered an exchange programme in Foreign Universities will be given an extension in case their required courses are not run/offered during Summer vacations or during regular semesters. Confirmation to this effect will be sought from Registrar Dte and the case will be forwarded for Rector's approval. c. Compassionate grounds (case-to-case basis) d. Overseas students Note: All such cases will be processed for Rector's approval. 10. Extension will not be granted to the students who have obtained F grades/Low grades/repeat courses/short attendance. 11. Temporary Hostel Allotment. Temporary allotment facility will be provided only to students who are currently registered on the main campus of NUST, depending on the availability of accommodation. Students applying for a shorter duration (not more than a week) will be granted permission to avail of the facility on a case-to-case basis. The application form is available in the Hostels Branch Office that must carry the signature of parents (Father/Mother/Guardian). Hostels Administration reserves the right to extend his/her temporary allotment stay that will be dependent on a case-to-case basis. Hostel Rules will be followed by temporary students in",genuine medical issue submission medical document prior recommendation nmc b exchange programme hostelites offered exchange programme foreign university given extension case required course runoffered summer vacation regular semester confirmation effect sought registrar dte case forwarded rector approval c compassionate ground casetocase basis overseas student note case processed rector approval extension granted student obtained f gradeslow gradesrepeat coursesshort attendance temporary hostel allotment temporary allotment facility provided student currently registered main campus nust depending availability accommodation student applying shorter duration week granted permission avail facility casetocase basis application form available hostel branch office must carry signature parent fathermotherguardian hostel administration reserve right extend hisher temporary allotment stay dependent casetocase basis hostel rule followed temporary student
ug_p113_213,ug,113,"the true spirit. 12. The Hostel allotment policy will be implemented with immediate effect. Note: Hostel Accommodation will stand cancelled (in addition to a levy of fine) if any resident shares false information for availing hostel accommodation, or is involved in a discipline case which warrants expulsion e.g., involvement in drugs, any undesired activity prejudice to the established norms of decency, brawl/fight, etc. Instructions mentioned in the handbook will only be considered in normal conditions, in case of any force majeure NUST holds the right to amend any clause in the best interest of students and university. NUST Undergraduate Student Handbook 109",true spirit hostel allotment policy implemented immediate effect note hostel accommodation stand cancelled addition levy fine resident share false information availing hostel accommodation involved discipline case warrant expulsion eg involvement drug undesired activity prejudice established norm decency brawlfight etc instruction mentioned handbook considered normal condition case force majeure nust hold right amend clause best interest student university nust undergraduate student handbook
ug_p114_214,ug,114,Annex D to Para 30 to Chapter 12 NUST Hostel Rules Awareness Certificate Name: _____________________________________________________________________ Father’s/Guardian’s Name: ____________________________________________________ School: ____________________________________________________________________ Discipline: __________________________________________________________________ Hostel: ____________________________________________________________________ Room No: __________________________________________________________________ It is certified that NUST Hostel Rules have been read by the undersigned. I would follow these rules in true letter & spirit and hostel administration may take disciplinary action against me on violation. I understand that hostel administration reserves the right to change the room and hostel at any time. Besides the hostel administration can use temporarily vacated accommodation by me as per NUST requirements. Date:_____________________ __________________ Student Signature Counter Sign By Date: ________________ Father / Mother / Guardian Name: _____________________ CNIC No: ____________________ 110 NUST Undergraduate Student Handbook,annex para chapter nust hostel rule awareness certificate name father sguardian name school discipline hostel room certified nust hostel rule read undersigned would follow rule true letter spirit hostel administration may take disciplinary action violation understand hostel administration reserve right change room hostel time besides hostel administration use temporarily vacated accommodation per nust requirement date student signature counter sign date father mother guardian name cnic nust undergraduate student handbook
ug_p115_215,ug,115,"Annex E UNDERTAKING (By the Student & Parent/Guardian) I,__________________________________ son / daughter / ward of ___________________ ______________________, student of __________________________________________ programme, hereby certify that I have read the instructions carefully given in Handbook and that during my stay at NUST, I shall be responsible to abide by the rules/regulations mentioned therein. I understand that I will be liable to appropriate disciplinary action for any misconduct or misbehaviour. I hereby declare that all my academic documents (including Matric / FA, FSc results, equivalence) are complete and correct as per eligibility criteria; if found incorrect at any stage, the University has the right to cancel admission/take strict disciplinary action against me. Name of the Student: _____________________________ CNIC No: _____________________________ Signature: _____________________________ Countersigned by Parents/Guardian Signature: ____________________________ Signature: ____________________________ Name: _______________________________ Name: _______________________________ CNIC No: _____________________________ CNIC No: _____________________________ Date: _______________________________ Date: ________________________________ Address: ___________________________________________________________________ ___________________________________________________________________________ ___________________________________________________________________________ (Note: Please deposit this certificate duly completed to the school administration). NUST Undergraduate Student Handbook 111",annex e undertaking student parentguardian son daughter ward student programme hereby certify read instruction carefully given handbook stay nust shall responsible abide rulesregulations mentioned therein understand liable appropriate disciplinary action misconduct misbehaviour hereby declare academic document including matric fa fsc result equivalence complete correct per eligibility criterion found incorrect stage university right cancel admissiontake strict disciplinary action name student cnic signature countersigned parentsguardian signature signature name name cnic cnic date date address note please deposit certificate duly completed school administration nust undergraduate student handbook
ug_p116_216,ug,116,"Annex F Para 26 b to Chapter 11 UNDERTAKING Drug and Tobacco Awareness Certificate (By the Student & Parent/Guardian) Roll number/ Registration Number __________________________________________ Program Title __________________________________________ Name __________________________________________ CNIC/CRC Number __________________________________________ Contact Number __________________________________________ Father/ Guardian’s Name __________________________________________ Father/ Guardian’s Contact Number __________________________________________ Gender __________________________________________ Date of Birth __________________________________________ Mark of Identification __________________________________________ Blood Group __________________________________________ Any Disability __________________________________________ Any Existing Medical Problem or Mental-Health Issues ______________________________ Taking any Medicine on a Regular Basis (if yes, please give details) _____________________ I ________________________ son / daughter of ___________________ certify that I am/shall not be involved in any kind of drug abuse (bringing into the campus/consuming or encouraging consumption of drug and narcotics substances) or the unlawful use of tobacco products at the Higher Education Institute (HEI). The HEI is authorized to examine me for drug abuse at any time and to take any measure to ensure the implementation of its policies. Moreover, parents will be informed if I will be involved in any drug/tobacco-related unlawful activity. Further, I have read and am aware of the provisions of the Higher Education Commission’s Policy on Drug and Tobacco Abuse in Higher Education Institutions. _____________________________ ____________________________________ Signature Signature of Father / Guardian (for",annex f para b chapter undertaking drug tobacco awareness certificate student parentguardian roll number registration number program title name cniccrc number contact number father guardian name father guardian contact number gender date birth mark identification blood group disability existing medical problem mentalhealth issue taking medicine regular basis yes please give detail son daughter certify amshall involved kind drug abuse bringing campusconsuming encouraging consumption drug narcotic substance unlawful use tobacco product higher education institute hei hei authorized examine drug abuse time take measure ensure implementation policy moreover parent informed involved drugtobaccorelated unlawful activity read aware provision higher education commission policy drug tobacco abuse higher education institution signature signature father guardian
ug_p116_217,ug,116,"Students) Dated: _______________________ Dated: _______________________ Note: Please submit this undertaking form to the concerned office after joining the HEI. For current Members of the HEI, please submit in accordance with the timelines prescribed by the HEI. 112 NUST Undergraduate Student Handbook",student dated dated note please submit undertaking form concerned office joining hei current member hei please submit accordance timeline prescribed hei nust undergraduate student handbook
ug_p117_218,ug,117,"Annex G Para 26 b to Chapter 11 UNDERTAKING Drug and Tobacco Awareness Certificate (By the Faculty & Staff) Name: __________________________________________ Designation __________________________________________ Department __________________________________________ CNIC/CRC Number __________________________________________ Contact Number __________________________________________ Gender __________________________________________ Date of Birth __________________________________________ Mark of Identification __________________________________________ Blood Group __________________________________________ Any Disability __________________________________________ Any Medical Problem or Mental-Health Issues _____________________________________ Taking any Medicine on a Regular Basis (if yes, please give details) _____________________ I ____________________________ son / daughter of __________________________ certify that I am/shall not be involved in any kind of drug abuse (bringing into the campus/consuming or encouraging consumption of drug and narcotics substances) or the unlawful use of tobacco products at the Higher Education Institute (HEI). The HEI is authorized to examine me for drug abuse at any time and to take any measure to ensure the implementation of its policies. Further, I have read and am aware of the provisions of the Higher Education Commission’s Policy on Drug and Tobacco Abuse in Higher Education Institutions. _______________________ Dated: _________________ Signature Note: Please submit this undertaking form to the concerned office after joining the HEI. For current Members of the HEI, please submit in accordance with the timelines prescribed by the HEI. NUST Undergraduate Student",annex g para b chapter undertaking drug tobacco awareness certificate faculty staff name designation department cniccrc number contact number gender date birth mark identification blood group disability medical problem mentalhealth issue taking medicine regular basis yes please give detail son daughter certify amshall involved kind drug abuse bringing campusconsuming encouraging consumption drug narcotic substance unlawful use tobacco product higher education institute hei hei authorized examine drug abuse time take measure ensure implementation policy read aware provision higher education commission policy drug tobacco abuse higher education institution dated signature note please submit undertaking form concerned office joining hei current member hei please submit accordance timeline prescribed hei nust undergraduate student
ug_p117_219,ug,117,Handbook 113,handbook
ug_p118_220,ug,118,114 NUST Undergraduate Student Handbook,nust undergraduate student handbook
pg_p2_0,pg,2,"We AIM HIGHER The National University of Sciences and Since technological supremacy is the key to Technology (NUST) stands as a vibrant beacon shaping the destiny of a nation, NUST fuels the of higher education in Pakistan. Despite its spirit of inquiry, enterprise, and dynamism in youth of just 30 years, this esteemed institution all facets of research and professional rightfully boasts of its exceptional reputation as education. The dividends of our focused and a center of excellence. sustained efforts are distinctly visible in the NUST offers undergraduate & postgraduate vibrant involvement of our students and programmes in a wide range of fields including faculty in a wide range of research projects, Engineering, IT, Biosciences, Business publications, patent filing, and joint research Management, Economics, Environment, Applied ventures. Tech ONE and National Science and Sciences, Architecture, and Social Sciences. In Technology Park (NSTP) are some of the potent the years ahead, we are hopeful to pursue with NUST initiatives to expand the base of research renewed vigour and zeal our vision of expanding and development towards building the not only our academic programmes but also the student intake across various NUST schools national economy. without diluting our traditional standards of NUST",aim higher national university science since technological supremacy key technology nust stand vibrant beacon shaping destiny nation nust fuel higher education pakistan despite spirit inquiry enterprise dynamism youth year esteemed institution facet research professional rightfully boast exceptional reputation education dividend focused center excellence sustained effort distinctly visible nust offer undergraduate postgraduate vibrant involvement student programme wide range field including faculty wide range research project engineering bioscience business publication patent filing joint research management economics environment applied venture tech one national science science architecture social science technology park nstp potent year ahead hopeful pursue nust initiative expand base research renewed vigour zeal vision expanding development towards building academic programme also student intake across various nust school national economy without diluting traditional standard nust
pg_p2_1,pg,2,"is a place worth any aspiring student's excellence. time, labour, and money to claim a place in the comity of those educated in the spirit of challenging times today and tomorrow. It is a great transforming experience to live, imbibe and treasure. Disclaimer This handbook is being issued for general information and guidance of the students. The University reserves the right to withdraw or make amendments to Academic Regulations and other rules/policies/instructions as and when deemed necessary. Important Students are required to read all the instructions given in this handbook and deposit the Undertaking given at the end of this handbook (Annex F), duly completed, as guided by the respective institution.",place worth aspiring student excellence time labour money claim place comity educated spirit challenging time today tomorrow great transforming experience live imbibe treasure disclaimer handbook issued general information guidance student university reserve right withdraw make amendment academic regulation rulespoliciesinstructions deemed necessary important student required read instruction given handbook deposit undertaking given end handbook annex f duly completed guided respective institution
pg_p3_2,pg,3,Contents CHAPTER 1: The University ........................................................................................................ 1 CHAPTER 2: Salient Academic Regulations: Postgraduate Programmes .................................. 9 CHAPTER 3: Award of Master Degrees and Academic Standards for Master Students (Less Business & Social Sciences) ...................................................................................................... 16 CHAPTER 4: Award of Master Degree in Business Administration/Executive Master in Business Administration/Social Sciences ................................................................................. 22 CHAPTER 5: Award of Ph.D. Degree and Academic Deficiencies for Ph.D. Students .............. 31 CHAPTER 6: Academic Provisions & Flexibilities ..................................................................... 40 CHAPTER 7: Clubs & Societies ................................................................................................. 56 CHAPTER 8: Services for International Students ..................................................................... 59 CHAPTER 9: NUST Social Media Accounts & IT Services ......................................................... 61 CHAPTER 10: NUST Code of Conduct ...................................................................................... 63 CHAPTER 11: Living on Campus ............................................................................................... 77 List of Master & Ph.D. Programmes ........................................................................................ 88 Re-Checking of Papers ............................................................................................................. 93 Fee Structure ............................................................................................................................ 95 Hostel Allotment Policy ............................................................................................................ 99 NUST Hostel Rules Awareness Certificate ............................................................................. 102 UNDERTAKING (By the Student & Parent/Guardian) ............................................................ 103 UNDERTAKING Drug and Tobacco Awareness Certificate (By Student & Parent/Guardian) 104 UNDERTAKING Drug and Tobacco Awareness Certificate (By the Faculty & Staff) .............. 105 NUST Postgraduate Student Handbook I,content chapter university chapter salient academic regulation postgraduate programme chapter award master degree academic standard master student less business social science chapter award master degree business administrationexecutive master business administrationsocial science chapter award phd degree academic deficiency phd student chapter academic provision flexibility chapter club society chapter service international student chapter nust social medium account service chapter nust code conduct chapter living campus list master phd programme rechecking paper fee structure hostel allotment policy nust hostel rule awareness certificate undertaking student parentguardian undertaking drug tobacco awareness certificate student parentguardian undertaking drug tobacco awareness certificate faculty staff nust postgraduate student handbook
pg_p4_3,pg,4,"CHAPTER 1: The University 1. NUST at a Glance. Welcome to the National University of Sciences and Technology (NUST), a premier national institution committed to imparting high-quality undergraduate and postgraduate education in various engineering disciplines, management, social sciences, applied bio-sciences, architecture, information technology, and basic sciences. You represent a distinguished group of students selected strictly on merit to join this comprehensive University comprising 21 constituent colleges/schools/centres. Currently, NUST offers degree education in as many as 39 UG, 73 MS, and 47 Ph.D. programmes in various NUST institutions. 2. Constituent Institutions. Listed below are the constituent NUST institutions: a. Military College of Engineering (MCE), Risalpur b. Military College of Signals (MCS), Rawalpindi c. College of Electrical and Mechanical Engineering (C of E&ME), Rawalpindi d. Pakistan Navy Engineering College (PNEC), Karachi e. College of Aeronautical Engineering (CAE), Risalpur f. School of Electrical Engineering & Computer Science (SEECS), Islamabad g. NUST Business School (NBS), Islamabad h. School of Social Sciences & Humanities (S3H), Islamabad i. School of Chemical & Materials Engineering (SCME), Islamabad j. School of Civil & Environmental Engineering (SCEE), Islamabad k. School of Mechanical & Manufacturing Engineering (SMME), Islamabad l. School of Natural Sciences (SNS), Islamabad m. Atta Ur Rahman School",chapter university nust glance welcome national university science technology nust premier national institution committed imparting highquality undergraduate postgraduate education various engineering discipline management social science applied bioscience architecture information technology basic science represent distinguished group student selected strictly merit join comprehensive university comprising constituent collegesschoolscentres currently nust offer degree education many ug m phd programme various nust institution constituent institution listed constituent nust institution military college engineering mce risalpur b military college signal mc rawalpindi c college electrical mechanical engineering c eme rawalpindi pakistan navy engineering college pnec karachi e college aeronautical engineering cae risalpur f school electrical engineering computer science seecs islamabad g nust business school nb islamabad h school social science humanity islamabad school chemical material engineering scme islamabad j school civil environmental engineering scee islamabad k school mechanical manufacturing engineering smme islamabad l school natural science sn islamabad atta ur rahman school
pg_p4_4,pg,4,"of Applied Biosciences (ASAB), Islamabad n. School of Art, Design & Architecture (SADA), Islamabad o. NUST Institute of Peace & Conflict Studies (NIPCONS), Rawalpindi p. US Pak Centre for Advanced Studies in Energy (USPCAS-E), Islamabad q. NUST Balochistan Campus (NBC), Quetta r. National Institute of Transportation (NIT), Risalpur s. School of Interdisciplinary Engineering & Sciences (SINES), Islamabad t. NUST School of Health Sciences (NSHS), Islamabad u. NUST Law School (NLS), Islamabad 3. Vision. NUST aspires to be a comprehensive university providing a higher education experience grounded in thought leadership, co-creation of knowledge, and sustainability. NUST Postgraduate Student Handbook 1",applied bioscience asab islamabad n school art design architecture sada islamabad nust institute peace conflict study nipcons rawalpindi p u pak centre advanced study energy uspcase islamabad q nust balochistan campus nbc quetta r national institute transportation nit risalpur school interdisciplinary engineering science sine islamabad nust school health science nshs islamabad u nust law school nls islamabad vision nust aspires comprehensive university providing higher education experience grounded thought leadership cocreation knowledge sustainability nust postgraduate student handbook
pg_p5_5,pg,5,"4. Mission. We are committed to being a university that stimulates intellectual curiosity, behavioral progression, and environmental stewardship. We nurture future leaders, job creators, and lifelong learners, with the ability to foster partnerships, and intercultural competence to impact their communities and beyond. Through adherence to our core values, we create an ecosystem that promotes research, innovation, and productivity: 5. Values: a. Integrity. NUST provides a fair and transparent work environment and encourages its stakeholders to act ethically and honestly in the interest of the wider community. b. Pursuit of Excellence. Excellence is a recursive attribute inculcated in the NUST culture. We strive to achieve excellence in academics, research, and innovation to build a national and global knowledge economy. c. Inspiring Partnerships. NUST promotes sharing of inspirational and research- driven content that drives change. Our leadership, faculty and students co- create knowledge that is of relevance and value for our communities. d. Diversity, Equity, and Inclusion. NUST community embraces and respects human and social diversity and encourages their absorption by developing an inclusive work environment to provide equal opportunities for all. e. Sustainability. NUST nurtures its community with responsible resource planning and management. Our academic, research, and social endeavors actively tackle",mission committed university stimulates intellectual curiosity behavioral progression environmental stewardship nurture future leader job creator lifelong learner ability foster partnership intercultural competence impact community beyond adherence core value create ecosystem promotes research innovation productivity value integrity nust provides fair transparent work environment encourages stakeholder act ethically honestly interest wider community b pursuit excellence excellence recursive attribute inculcated nust culture strive achieve excellence academic research innovation build national global knowledge economy c inspiring partnership nust promotes sharing inspirational research driven content drive change leadership faculty student co create knowledge relevance value community diversity equity inclusion nust community embrace respect human social diversity encourages absorption developing inclusive work environment provide equal opportunity e sustainability nust nurture community responsible resource planning management academic research social endeavor actively tackle
pg_p5_6,pg,5,"social, economic, and environmental challenges. 6. Strategic Thrusts a. Excellence in Teaching and Education. Provide high-quality education in science and technology within the reach of all segments of society. b. Focus on Research. Undertake high-quality relevant research to support the needs of emerging knowledge-based economies and society. c. Spirit of Enterprise. Develop instruments and mechanisms to cultivate in NUST graduates the spirit of enterprise and entrepreneurial culture and build strong linkages with industry. d. Internationalization and Global Vision. Establish strong international linkages to ensure an inflow of new knowledge and state-of-the-art technologies, and build, as a corollary, a positive international image of our University and the country. NUST Postgraduate Student Handbook 2",social economic environmental challenge strategic thrust excellence teaching education provide highquality education science technology within reach segment society b focus research undertake highquality relevant research support need emerging knowledgebased economy society c spirit enterprise develop instrument mechanism cultivate nust graduate spirit enterprise entrepreneurial culture build strong linkage industry internationalization global vision establish strong international linkage ensure inflow new knowledge stateoftheart technology build corollary positive international image university country nust postgraduate student handbook
pg_p6_7,pg,6,"e. Positive Social Impact. Formulate curricula and programmes to suit a wider cross-section of the population in terms of education and absorption of new technologies. 7. Why Study at NUST? NUST symbolizes quality and excellence. Its spirited faculty, industrious students, and excellent support infrastructure provide an academic environment, found only in the very best of the world universities, which is evident from the following: a. NUST is a member of: (1) International Association of Universities (IAU) (2) The Talloires Network (3) International Network for Quality Assurance Agencies in Higher Education (INQAAHE) (4) United Nations Academic Impact (UNAI) (5) Association of Management Development Institution in South Asia (AMDISA) (6) Asia-Pacific Quality Network (APQN) (7) Association of Quality Assurance Agencies of the Islamic World (QA- Islamic) (8) World Design Organization (WDO) b. NUST Rankings. NUST actively participates in international university rankings conducted by various esteemed organizations such as Quacquarelli Symonds (QS), Times Higher Education (THE), etc., securing a prominent position both globally and nationally. Over a brief period, the university has garnered global recognition and consistently elevated its rankings, a testament to the dedication of our faculty and staff in enhancing NUST's prestige year after year. (1) QS World Universities Ranking. In",e positive social impact formulate curriculum programme suit wider crosssection population term education absorption new technology study nust nust symbolizes quality excellence spirited faculty industrious student excellent support infrastructure provide academic environment found best world university evident following nust member international association university iau talloires network international network quality assurance agency higher education inqaahe united nation academic impact unai association management development institution south asia amdisa asiapacific quality network apqn association quality assurance agency islamic world qa islamic world design organization wdo b nust ranking nust actively participates international university ranking conducted various esteemed organization quacquarelli symonds q time higher education etc securing prominent position globally nationally brief period university garnered global recognition consistently elevated ranking testament dedication faculty staff enhancing nusts prestige year year q world university ranking
pg_p6_8,pg,6,"the latest QS World University Rankings 2024, NUST holds the 353rd position globally and ranks 2nd among Pakistani Universities. (2) QS Asian Ranking. NUST secures the 64th position in QS Asian. (3) QS Subjects Rankings. NUST emerges as a Comprehensive Multidisciplinary University in the QS World University Rankings released in March 2023, achieving distinction in Broad Subject Areas and Subject Wise Rankings. (a) Broad Subject Areas. NUST excels in various multidisciplinary areas ranked by QS, including Engineering & Technology, NUST Postgraduate Student Handbook 3",latest q world university ranking nust hold position globally rank among pakistani university q asian ranking nust secures position q asian q subject ranking nust emerges comprehensive multidisciplinary university q world university ranking released march achieving distinction broad subject area subject wise ranking broad subject area nust excels various multidisciplinary area ranked q including engineering technology nust postgraduate student handbook
pg_p7_9,pg,7,"Natural Sciences, Social Sciences & Management, Life Sciences and Medicine, and Arts and Humanities: i. Engineering & Technology. NUST maintains its 1st position in Engineering & Technology in Pakistan and has improved its global rank to 144. ii. Natural Sciences. NUST ranks 394 globally and 3rd among Pakistani Universities in Natural Sciences. iii. Social Sciences & Management. NUST ranks 400 globally and 2nd among Pakistani universities in this broad subject area. (b) Subject Areas. NUST holds a distinguished position worldwide and in Pakistan across various subjects. Ser Subject Area World National Ranking Ranking i. C omputer Science & 174 1 Information Systems ii. E lectrical & Electronics 151-200 1 Engineering iii. C ivil and Structural 151-200 1 Engineering iv. M echanical, Aeronautical & 201-250 1 Manufacturing Engineering v. C hemical Engineering 251-300 1 vi. M athematics 201-250 1 vii. M aterial Sciences 251-300 1 viii. C hemistry 301-350 2 ix. B usiness & Management 301-350 2 x. A ccounting & Finance 301-350 2 xi. E nvironmental Sciences 351-400 2 xii. M edicine 551-600 2 xiii. P hysics & Astronomy 301-350 3 NUST Postgraduate Student Handbook 4",natural science social science management life science medicine art humanity engineering technology nust maintains position engineering technology pakistan improved global rank ii natural science nust rank globally among pakistani university natural science iii social science management nust rank globally among pakistani university broad subject area b subject area nust hold distinguished position worldwide pakistan across various subject ser subject area world national ranking ranking c omputer science information system ii e lectrical electronics engineering iii c ivil structural engineering iv echanical aeronautical manufacturing engineering v c hemical engineering vi athematics vii aterial science viii c hemistry ix b usiness management x ccounting finance xi e nvironmental science xii edicine xiii p hysics astronomy nust postgraduate student handbook
pg_p8_10,pg,8,Ser Subject Area World National Ranking Ranking xiv. E conomics & Econometrics 401-450 4 xv. B iological Sciences 551-600 5 8. Important Telephone Numbers Main Office NUST NUST UAN +92-51-111-11- NUST (6878) Fax No +92-51-8317363 Email Info@nust.edu.pk Website www.nust.edu.pk Registrar Directorate Registrar +92-51-90851041 Email registrar@nust.edu.pk Deputy Director (UG) +92-51-90851053-90851049 Deputy Controller (MS) +92-51-90851045 Assistant Director (UG) +92-51-90851051 Assistant Director (MS) +92-51-90851043 Examination Directorate Controller of Examinations +92-51-90851061 Email consultant.regdte@nust.edu.pk Deputy Controller (Examinations) +92-51-90851055 Assistant Controller (Examinations - UG) +92-51-90851056-8 Assistant Controller (Examinations - PG) +92-51-90851057 Academics Directorate Director Academics & Dean ASR +92-51-90851071 Email dacad@nust.edu.pk Deputy Director Programmes +92-51-90851073 Senior Assistant Director Policies +92-51-90851077 Directorate of Advanced Studies & Research Director Academics & Dean ASR +92-51-90851071 Email dacad@nust.edu.pk Deputy Director DASR +92-51-90851074 Assistant Director (Admissions & Academic Affairs DASR) +92-51-90851075 Assistant Director Monitoring & Evaluation DASR +92-51-90851090 Finance Directorate Director Finance +92-51-90851301 E-mail dirfin@nust.edu.pk NUST Postgraduate Student Handbook 5,ser subject area world national ranking ranking xiv e conomics econometrics xv b iological science important telephone number main office nust nust uan nust fax email infonustedupk website wwwnustedupk registrar directorate registrar email registrarnustedupk deputy director ug deputy controller m assistant director ug assistant director m examination directorate controller examination email consultantregdtenustedupk deputy controller examination assistant controller examination ug assistant controller examination pg academic directorate director academic dean asr email dacadnustedupk deputy director programme senior assistant director policy directorate advanced study research director academic dean asr email dacadnustedupk deputy director dasr assistant director admission academic affair dasr assistant director monitoring evaluation dasr finance directorate director finance email dirfinnustedupk nust postgraduate student handbook
pg_p9_11,pg,9,"Manager Finance (Fee) +92-51-90851313 Administration Directorate Director Administration +92-51-90851541 E-mail dadm@nust.edu.pk Deputy Director Adm & Coord +92-51-90851503 Chief Security Officer +92-51-90851525 Deputy Director Transport +92-51-90851511 Field Administration Directorate Director Field Administration +92-51-90851501 E-mail dir.fieldadmin@nust.edu.pk Deputy Director Hostels +92-51-90851508 Chief Security Officer +92-51-90851525 NUST International Office (NIO) Deputy Director NIO +92-51-90851445 International Student and Staff Support amic.qa@nust.edu.pk International Partnerships ic@nust.edu.pk Constituent Institutions Military College of Engineering (MCE), Risalpur Dean +92-923-631315 SO NUST Affairs +92-923-631667 E-mail mce@nust.edu.pk Military College of Signals (MCS), Rawalpindi Dean +92-51-5564048 SO NUST Affairs +92-51-9272097 E-mail mcs@nust.edu.pk College of Electrical & Mechanical Engineering (C of E&ME), Rawalpindi Dean +92-51-54444050 SO NUST Affairs +92-51-54444010 E-mail ceme@nust.edu.pk Pakistan Navy Engineering College (PNEC), Karachi Dean +92-21-48503001 SO NUST Affairs +92-21-48503043 Email pnec@nust.deu.pk College of Aeronautical Engineering (CAE), Risalpur Dean +92-923-631499 SO NUST Affairs +92-923-631498 E-mail cae@nust.edu.pk NUST Postgraduate Student Handbook 6",manager finance fee administration directorate director administration email dadmnustedupk deputy director adm coord chief security officer deputy director transport field administration directorate director field administration email dirfieldadminnustedupk deputy director hostel chief security officer nust international office nio deputy director nio international student staff support amicqanustedupk international partnership icnustedupk constituent institution military college engineering mce risalpur dean nust affair email mcenustedupk military college signal mc rawalpindi dean nust affair email mcsnustedupk college electrical mechanical engineering c eme rawalpindi dean nust affair email cemenustedupk pakistan navy engineering college pnec karachi dean nust affair email pnecnustdeupk college aeronautical engineering cae risalpur dean nust affair email caenustedupk nust postgraduate student handbook
pg_p10_12,pg,10,"School of Civil & Environmental Engineering (SCEE), Islamabad Principal / Dean +92-51-90854001 E-mail scee@nust.edu.pk - NUST Institute of Civil Engineering (NICE) Associate Dean +92-51-90854501 Email nice@nust.edu.pk - Institute of Environmental Sciences & Engineering (IESE) Associate Dean +92-51-90854201 E-mail iese@nust.edu.pk - Institute of Geographical Information Systems (IGIS) Associate Dean +92-51-90854401 E-mail igis@nust.edu.pk School of Electrical Engineering & Computer Science (SEECS), Islamabad Principal / Dean +92-51-90852001 E-mail seecs@nust.edu.pk School of Chemical & Materials Engineering (SCME), Islamabad Principal / Dean +92-51-90855001 E-mail scme@nust.edu.pk School of Mechanical & Manufacturing Engineering (SMME), Islamabad Principal +92-51-90856001 E-mail smme@nust.edu.pk Atta-Ur-Rahman School of Applied Biosciences (ASAB), Islamabad Principal / Dean +92-51-90856101 E-mail asab@nust.edu.pk NUST Business School (NBS), Islamabad Principal / Dean +92-51-90853001 E-mail nbs@nust.edu.pk School of Social Sciences & Humanities (S3H), Islamabad Principal / Dean +92-51-90853501 E-mail s3h@nust.edu.pk School of Natural Sciences (SNS), Islamabad Principal / Dean +92-51-90855551 E-mail sns@nust.edu.pk School of Art, Design & Architecture (SADA), Islamabad Dean +92-51-90855401 E-mail sada@nust.edu.pk NUST Postgraduate Student Handbook 7",school civil environmental engineering scee islamabad principal dean email sceenustedupk nust institute civil engineering nice associate dean email nicenustedupk institute environmental science engineering iese associate dean email iesenustedupk institute geographical information system igis associate dean email igisnustedupk school electrical engineering computer science seecs islamabad principal dean email seecsnustedupk school chemical material engineering scme islamabad principal dean email scmenustedupk school mechanical manufacturing engineering smme islamabad principal email smmenustedupk attaurrahman school applied bioscience asab islamabad principal dean email asabnustedupk nust business school nb islamabad principal dean email nbsnustedupk school social science humanity islamabad principal dean email school natural science sn islamabad principal dean email snsnustedupk school art design architecture sada islamabad dean email sadanustedupk nust postgraduate student handbook
pg_p11_13,pg,11,"NUST Institute of Peace & Conflict Studies (NIPCONS), Rawalpindi Principal +92-51-90856701 E-mail nipcons@nust.edu.pk US Pak Centre for Advanced Studies in Energy (USPCAS-E), Islamabad Principal / Dean +92-51-90855101 E-mail ces@nust.edu.pk NUST Balochistan Campus (NBC), Quetta Campus Director / Dean +92 -51-90856900 Deputy Director Adm & Coord (NBC) +92 -51-90856904 E-mail nbc@nust.edu.pk National Institute of Transportation (NIT), Risalpur Principal +92-923-568590 SO NUST Affairs +92- 923-631688 E-mail: nit@nust.edu.pk School of Inter-Disciplinary Engineering and Sciences (SINES), Islamabad Principal / Dean +92-51-90855701 E-mail principal@sines.nust.edu.pk NUST School of Health Sciences (NSHS), Islamabad Principal +92-51-90852601 E-mail principal@nshs.nust.edu.pk 9. Mailing Address & Social Media Accounts Mailing Address: National University of Sciences and Technology (NUST) H-12, Islamabad, Pakistan. Web Address: http://www.nust.edu.pk Social Media Accounts https://www.facebook.com/NUSTOfficial/ https://twitter.com/DefiningFutures http://www.linkedin.com/company/551751/ www.youtube.com/NUSTOfficial https://www.instagram.com/nustgram/?hl=en NUST Postgraduate Student Handbook 8",nust institute peace conflict study nipcons rawalpindi principal email nipconsnustedupk u pak centre advanced study energy uspcase islamabad principal dean email cesnustedupk nust balochistan campus nbc quetta campus director dean deputy director adm coord nbc email nbcnustedupk national institute transportation nit risalpur principal nust affair email nitnustedupk school interdisciplinary engineering science sine islamabad principal dean email principalsinesnustedupk nust school health science nshs islamabad principal email principalnshsnustedupk mailing address social medium account mailing address national university science technology nust islamabad pakistan web address httpwwwnustedupk social medium account httpswwwfacebookcomnustofficial httpstwittercomdefiningfutures wwwyoutubecomnustofficial httpswwwinstagramcomnustgramhlen nust postgraduate student handbook
pg_p12_14,pg,12,"CHAPTER 2: Salient Academic Regulations: Postgraduate Programmes 1. Scheme/Duration of Studies. The requirements of a minimum number of credit hours and duration for completing the Postgraduate Programmes are as under: Programme Credit Hours Duration (Minimum) Minimum Maximum (On Campus) a. Master of Science (MS) 30 1½ Years 4 Years b. Doctor of Philosophy (Ph.D.) 48 3 Years 8 Years For MS qualified c. Details of MS and Ph.D. Programmes offered at NUST are attached as Annex A. d. A minimum of three regular semesters are to be studied (exclusive summer semester) for the award of a Master degree. 2. Tests, Examinations, and Grading Policy. The following may be scheduled during a semester of studies for grading: a. Minor Test (Quiz). Several quiz tests are conducted frequently in each course at irregular intervals, (depending on course credit hours) throughout the semester, with/without informing the student. b. Major Tests (1) Mid Semester Examination/One Hour Test (OHT).A 2-3hours test conducted at mid-semester or a number of one-hour tests conducted (normally one per credit hour) in each course at regular intervals with due notice of at least two days. (2) End Semester Examination (ESE). The last comprehensive examination (two to three hours duration) is",chapter salient academic regulation postgraduate programme schemeduration study requirement minimum number credit hour duration completing postgraduate programme programme credit hour duration minimum minimum maximum campus master science m year year b doctor philosophy phd year year m qualified c detail m phd programme offered nust attached annex minimum three regular semester studied exclusive summer semester award master degree test examination grading policy following may scheduled semester study grading minor test quiz several quiz test conducted frequently course irregular interval depending course credit hour throughout semester withwithout informing student b major test mid semester examinationone hour test ohta test conducted midsemester number onehour test conducted normally one per credit hour course regular interval due notice least two day end semester examination ese last comprehensive examination two three hour duration
pg_p12_15,pg,12,given in each course on its completion. c. Class Assignment. A class assignment is a task relevant to a course of study assigned by concerned faculty to substantiate the course contents. The assignment may or may not be graded. d. Practical/Lab Test. These tests include all such examinations/evaluations to ascertain the level of competency of the practical application of knowledge acquired. NUST Postgraduate Student Handbook 9,given course completion c class assignment class assignment task relevant course study assigned concerned faculty substantiate course content assignment may may graded practicallab test test include examinationsevaluations ascertain level competency practical application knowledge acquired nust postgraduate student handbook
pg_p13_16,pg,13,"e. Project. Project is research work aimed at testing the ability of a student to translate the theoretical knowledge acquired during a course of study into practical use at the Bachelors/Masters level. f. Thesis. A thesis is a report comprising the original research work of a student that counts toward the partial fulfilment of the student’s Master/Ph.D. degree. 3. All End Semester Examinations of the University are managed by constituent institutions on dates and according to the schedule prepared by the respective institution, unless otherwise approved by the Rector, and duly forwarded to Main Office NUST. 4. Thesis. A thesis is examined and evaluated by a Graduate Evaluation Committee (GEC) constituted for this purpose. 5. Question Papers. All question papers are set by the respective faculty and duly scrutinized, approved, and conducted in accordance with the university policy. As per the spirit of the semester system, there is no choice in attempting the questions (unless specified otherwise). It is ensured that the Question Papers are balanced with respect to the examination policy and have been prepared to cover the essentials of the whole syllabus completed by the faculty. 6. Use of Reference Material during Tests/Examinations. Prior to class tests and",e project project research work aimed testing ability student translate theoretical knowledge acquired course study practical use bachelorsmasters level f thesis thesis report comprising original research work student count toward partial fulfilment student masterphd degree end semester examination university managed constituent institution date according schedule prepared respective institution unless otherwise approved rector duly forwarded main office nust thesis thesis examined evaluated graduate evaluation committee gec constituted purpose question paper question paper set respective faculty duly scrutinized approved conducted accordance university policy per spirit semester system choice attempting question unless specified otherwise ensured question paper balanced respect examination policy prepared cover essential whole syllabus completed faculty use reference material testsexaminations prior class test
pg_p13_17,pg,13,"Mid/End Semester Examinations, the concerned faculty/invigilator may announce such books, notes, or other material which can be referred to by the student during the test/examination. Students will not be in possession of any other books, notes, papers, material, etc. 7. Examination Schedule. The Deputy Controller of Examination of the respective institution publishes the examination schedule at least two weeks before the commencement of the End Semester Examination and forward a copy of the schedule to Main Office NUST (Examination Branch) for information and record. Any subsequent changes only are made after approval from Main Office NUST. 8. Academic Calendar. Academic Directorate prepares the Academic Calendar of the University based on the details provided by the institutions and other directorates of Main Office NUST at least two months before the commencement of the academic year, i.e., Fall Semester. 9. Conduct of End Semester Examination. HoDs approve the detailing of officers/faculty as superintendent/deputy superintendent for the conduct of End Semester Examination. These officers/faculty ensure the following: a. Students are seated in the examination room according to the seating plan prepared by the Examination Branch. NUST Postgraduate Student Handbook 10",midend semester examination concerned facultyinvigilator may announce book note material referred student testexamination student possession book note paper material etc examination schedule deputy controller examination respective institution publishes examination schedule least two week commencement end semester examination forward copy schedule main office nust examination branch information record subsequent change made approval main office nust academic calendar academic directorate prepares academic calendar university based detail provided institution directorate main office nust least two month commencement academic year ie fall semester conduct end semester examination hod approve detailing officersfaculty superintendentdeputy superintendent conduct end semester examination officersfaculty ensure following student seated examination room according seating plan prepared examination branch nust postgraduate student handbook
pg_p14_18,pg,14,"b. Answer books used in the examination are initialled by them. No other answer books are to be used. c. Answer books are issued to the invigilators fifteen minutes before the commencement of the examination and retrieved at the end of the examination. d. The absentee report, if any, is prepared and forwarded to the Examination Branch at the end of each examination. 10. Invigilation Duties. Invigilators are detailed by the Deputy Controller of Examinations of the institution after approval of the Dean. They report to the superintendent/deputy superintendent thirty minutes before the commencement of examination and ensure: a. students are seated according to their seating plan; b. students are warned against the use of unfair means and have been advised to surrender notes, papers, cell phones, iPads, etc., or other unauthorized material before the commencement of the examination; c. no student is allowed to join the examination thirty minutes after its commencement; d. no student is allowed to leave the examination room within one hour of commencement of the examination. The visits to washrooms must be carefully controlled; e. the question papers and answer books of a student detected using unfair means or assisting another candidate, are taken away",b answer book used examination initialled answer book used c answer book issued invigilator fifteen minute commencement examination retrieved end examination absentee report prepared forwarded examination branch end examination invigilation duty invigilator detailed deputy controller examination institution approval dean report superintendentdeputy superintendent thirty minute commencement examination ensure student seated according seating plan b student warned use unfair mean advised surrender note paper cell phone ipads etc unauthorized material commencement examination c student allowed join examination thirty minute commencement student allowed leave examination room within one hour commencement examination visit washroom must carefully controlled e question paper answer book student detected using unfair mean assisting another candidate taken away
pg_p14_19,pg,14,"and the matter is reported to the superintendent/deputy superintendent of examination. The superintendent records all available evidence to be used as written proof later on; f. students write their examination code number on the front cover of each additional answer book used. If more than one answer book is used, they are stapled together. All unused answer books are handed over to the superintendent/deputy superintendent after the examination. 11. Invigilators' Responsibility. The invigilators distribute the question papers to the students according to the schedule published by the Examination Branch of the respective institution. The invigilators collect answer books from the students and hand them over to the superintendent/deputy superintendent after the examination. The subject faculty remain available near the examination of their subject to clarify queries, if any. 12. Students' Responsibility. Students have to report half an hour before the time fixed for the examination on the first day and ten minutes on subsequent days. No books, notes, or documents are to be taken in the examination room except those authorized by the examiner. NUST Postgraduate Student Handbook 11",matter reported superintendentdeputy superintendent examination superintendent record available evidence used written proof later f student write examination code number front cover additional answer book used one answer book used stapled together unused answer book handed superintendentdeputy superintendent examination invigilator responsibility invigilator distribute question paper student according schedule published examination branch respective institution invigilator collect answer book student hand superintendentdeputy superintendent examination subject faculty remain available near examination subject clarify query student responsibility student report half hour time fixed examination first day ten minute subsequent day book note document taken examination room except authorized examiner nust postgraduate student handbook
pg_p15_20,pg,15,"13. Unfair Means. Any student found using unfair means or assisting another student during a test/examination will be liable to disciplinary action. A student found guilty of such an act by the Institute Discipline Committee, shall be dealt with in the light of policy in vogue. The unfair means include but are not limited to the following: a. An attempt to have access to the question paper before the test/ examination. b. Use/possession of unauthorized reference material during test/examination. c. Any form of communication by the student with anyone in or outside the examination room while the test/examination is in progress. d. Unauthorized entry into faculty's office or that of staff with the intention of accessing to or tampering with the official record/exam papers, etc. e. Possession of cell phone, smartphone, smart watch, or any other smart gadget/electronic device that may assist in the examination. 14. The performance of each student in a course of study will be graded as follows: Letter Grade Grade Points A 4.00 B+ 3.5 B 3.00 C+ 2.5 C 2.00 F 0.00 I Incomplete W Dropped Q Qualified T Transfer 0.00 (F Grade due to shortage of XF attendance) Note: Q Grade i.e., Qualified is",unfair mean student found using unfair mean assisting another student testexamination liable disciplinary action student found guilty act institute discipline committee shall dealt light policy vogue unfair mean include limited following attempt access question paper test examination b usepossession unauthorized reference material testexamination c form communication student anyone outside examination room testexamination progress unauthorized entry faculty office staff intention accessing tampering official recordexam paper etc e possession cell phone smartphone smart watch smart gadgetelectronic device may assist examination performance student course study graded follows letter grade grade point b b c c f incomplete w dropped q qualified transfer f grade due shortage xf attendance note q grade ie qualified
pg_p15_21,pg,15,"applicable to the specified course(s) as per NUST Policy. 15. Grade Point Average (GPA) will be worked out by awarding relative grading on a scale of 1.00 to 4.00 points. 16. To successfully complete the degree requirement, a student must obtain a minimum CGPA of 3.00 for a Master and 3.50 for a Ph.D. degree. 17. Award of Grades a. Award of Grade F. In addition to the F grade awarded based on academic failure, a student is not allowed to appear in the final examination of a subject in which student’s attendance is less than 75%, thus shall be awarded XF NUST Postgraduate Student Handbook 12",applicable specified course per nust policy grade point average gpa worked awarding relative grading scale point successfully complete degree requirement student must obtain minimum cgpa master phd degree award grade award grade f addition f grade awarded based academic failure student allowed appear final examination subject student attendance less thus shall awarded xf nust postgraduate student handbook
pg_p16_22,pg,16,"grade in that subject. The XF grade so obtained will only be cleared by repetition of the course whenever offered. b. Award of Grade I. A student, who, because of illness or other acceptable reasons approved by the DBS/FBS, fails to complete the required work in any course or misses any examination/test defined as under, provided student’s overall attendance is not less than 75%, will be given I as a grade. When a student, receiving such a grade, makes up the unfinished portion of that course, a student will be given a grade at the discretion of the faculty without prejudice to the previous grade I. If a student fails to make up the coursework, he will be awarded an F grade. However, in highly extraordinary cases further, the extension may be approved by Registrar Dte (MS Section), Main Office on the recommendation of the FBS. (1) Mid Semester Examination/OHT. Whenever a student misses the Mid Semester Examination/OHT due to reasons acceptable to the DBS, a make-up test will be arranged within the period to be decided by the DBS but not later than four weeks from the original date of the missed Mid Semester Exam/OHT. (2) End Semester Examination.",grade subject xf grade obtained cleared repetition course whenever offered b award grade student illness acceptable reason approved dbsfbs fails complete required work course miss examinationtest defined provided student overall attendance less given grade student receiving grade make unfinished portion course student given grade discretion faculty without prejudice previous grade student fails make coursework awarded f grade however highly extraordinary case extension may approved registrar dte m section main office recommendation fbs mid semester examinationoht whenever student miss mid semester examinationoht due reason acceptable db makeup test arranged within period decided db later four week original date missed mid semester examoht end semester examination
pg_p16_23,pg,16,"Whenever a student misses the End Semester Examination due to reasons acceptable to the FBS, a make- up examination will be arranged within the first six weeks after the beginning of the subsequent semester. In highly exceptional cases, approval for any further extension beyond six weeks period is to be obtained from Registrar Dte, Main office on the recommendation of FBS. c. Award of Grade W. Grade W will be awarded on dropping of a course. 18. Adding/Dropping of Course(s) a. Adding / Dropping of course(s) shall be allowed within the first two weeks of start of a regular semester and 1st week of a summer semester. It shall be ensured that minimum number of credit hours is not less than 12 for Bachelors, 6 for Masters and 3 for PhD programs and maximum number of credit hours does not exceed 21 for Bachelors and 12 for Masters / PhD programs. b. A student is allowed to drop a registered course latest by the 8th week of a regular semester and 5th week of a summer semester with the recommendation of the HoD and approval of the Dean / Associate Dean. Letter grade W will appear in the transcript against",whenever student miss end semester examination due reason acceptable fbs make examination arranged within first six week beginning subsequent semester highly exceptional case approval extension beyond six week period obtained registrar dte main office recommendation fbs c award grade w grade w awarded dropping course addingdropping course adding dropping course shall allowed within first two week start regular semester week summer semester shall ensured minimum number credit hour less bachelor master phd program maximum number credit hour exceed bachelor master phd program b student allowed drop registered course latest week regular semester week summer semester recommendation hod approval dean associate dean letter grade w appear transcript
pg_p16_24,pg,16,"the specific course and will not be considered for computation of GPA. c. Students with W on the transcript will not be considered for any academic honour/award. d. A Masters student is allowed to get one W in a semester, provided that registered credit hours do not fall below 6 credit hours in a regular semester. NUST Postgraduate Student Handbook 13",specific course considered computation gpa c student w transcript considered academic honouraward master student allowed get one w semester provided registered credit hour fall credit hour regular semester nust postgraduate student handbook
pg_p17_25,pg,17,"The students are not allowed to accumulate more than two Ws at a particular time during their studies. e. Offering and Registration of Courses. Each institution shall finalize additional courses to be offered in a particular semester well before its start but not later than the last week of the previous semester, keeping in view the resources available. f. Courses at other institutions of NUST. Master students of NUST are allowed to undertake courses at other institutes of NUST while remaining in their maximum 2 courses limit allowed to take at other NUST institutions. It is the responsibility of the student to ensure, that the application is submitted to his institution well in time (i.e., four weeks before the start of the semester/ programme) for case processing with the host institution. Students must have cleared previous dues and submitted the prescribed fee for taking the course. 19. Final Grade. The grade earned by a student in home assignments, quizzes, laboratory work, mid-semester/OHTs, End Semester Examination, etc., shall be formalized into the final result by the concerned faculty. It must be ensured by the faculty that all examination answer sheets including End Semester Examination are shown to the respective students before",student allowed accumulate two w particular time study e offering registration course institution shall finalize additional course offered particular semester well start later last week previous semester keeping view resource available f course institution nust master student nust allowed undertake course institute nust remaining maximum course limit allowed take nust institution responsibility student ensure application submitted institution well time ie four week start semester programme case processing host institution student must cleared previous due submitted prescribed fee taking course final grade grade earned student home assignment quiz laboratory work midsemesterohts end semester examination etc shall formalized final result concerned faculty must ensured faculty examination answer sheet including end semester examination shown respective student
pg_p17_26,pg,17,"the finalization of the results. The faculty will prepare the final results of the students on Qalam and submit them to the DBS. The grade sheets of each course duly approved by the DBS shall be sent to the Deputy Controller of Examination on Qalam. 20. Computation and Approval of Results. After the results are received from each Department, the Examination Branch of the institution shall compile the final results of each class. The final results shall show the grades obtained in each course of the semester, the Semester GPA, and the CGPA of each student. The result sheets shall also indicate the tentative disposal (probation, warning, suspension, withdrawal) of students failing to achieve the required standard. The institution shall hold the FBS meeting within two weeks of the conclusion of the End Semester Examinations and approve the result. The result shall be formally announced by the Examination Branch of the concerned institute after it is approved by the FBS. Result approved by FBS meeting shall be considered as Provisional Result and shall not be admissible in any court of law. Similarly, the provisional result prepared by the institutes in violation of NUST Regulations / Policies shall be considered null",finalization result faculty prepare final result student qalam submit db grade sheet course duly approved db shall sent deputy controller examination qalam computation approval result result received department examination branch institution shall compile final result class final result shall show grade obtained course semester semester gpa cgpa student result sheet shall also indicate tentative disposal probation warning suspension withdrawal student failing achieve required standard institution shall hold fbs meeting within two week conclusion end semester examination approve result result shall formally announced examination branch concerned institute approved fbs result approved fbs meeting shall considered provisional result shall admissible court law similarly provisional result prepared institute violation nust regulation policy shall considered null
pg_p17_27,pg,17,"and void and shall not be admissible in any court of law. 21. Record of Results. The final result shall be recorded on the provisional semester transcript of each student. The Examination Branch of the respective institution shall prepare two copies of individual student semester transcripts. The original copy shall be sent to the sponsoring authority (where applicable). The second copy shall be retained in the student's permanent file at the institution. The complete semester result of each course shall be sent to Examinations Branch, Main Office NUST for scrutiny and formal notification. Result notified by Examinations Branch; Main Office shall be considered as Approved Final Result. NUST Postgraduate Student Handbook 14",void shall admissible court law record result final result shall recorded provisional semester transcript student examination branch respective institution shall prepare two copy individual student semester transcript original copy shall sent sponsoring authority applicable second copy shall retained student permanent file institution complete semester result course shall sent examination branch main office nust scrutiny formal notification result notified examination branch main office shall considered approved final result nust postgraduate student handbook
pg_p18_28,pg,18,"22. Re-assessment/Re-checking of Papers. Re-assessment/re-checking of papers means a re-evaluation of answer(s) already checked/evaluated by the examiners. Answer books of a student, in any exam, will not be reassessed under any circumstances. The rechecking procedure will be carried out according to instructions mentioned in Annex B. 23. Issuance of Academic Transcript/Detailed Marks Sheet. A student desirous of obtaining Academic Transcript/Detailed Marks Sheet may apply to Controller of Examinations NUST through their own institution along with the prescribed fee, as per the policy issued on the subject. 24. Issuance of MS Degree before Convocation. A student desirous of obtaining an MS degree before convocation may apply to NUST Main Office (Registrar Dte) through their own institution or directly with the prescribed fee. MS degree can be collected through any person by providing an authority letter of the student. 25. Issuance of Certificates. Different types of certificates may be obtained from Main Office (Registrar Dte for MS Students and Acad Dte for PhD Students) after payment of the prescribed fee. The form may be downloaded from the NUST website link. 26. Certificate of High Achiever. A certificate of High Achiever is awarded to MS Research based students only, who have secured CGPA",reassessmentrechecking paper reassessmentrechecking paper mean reevaluation answer already checkedevaluated examiner answer book student exam reassessed circumstance rechecking procedure carried according instruction mentioned annex b issuance academic transcriptdetailed mark sheet student desirous obtaining academic transcriptdetailed mark sheet may apply controller examination nust institution along prescribed fee per policy issued subject issuance m degree convocation student desirous obtaining m degree convocation may apply nust main office registrar dte institution directly prescribed fee m degree collected person providing authority letter student issuance certificate different type certificate may obtained main office registrar dte m student acad dte phd student payment prescribed fee form may downloaded nust website link certificate high achiever certificate high achiever awarded m research based student secured cgpa
pg_p18_29,pg,18,"4.0, as recognition to their efforts. NUST Postgraduate Student Handbook 15",recognition effort nust postgraduate student handbook
pg_p19_30,pg,19,"CHAPTER 3: Award of Master Degrees and Academic Standards for Master Students (Less Business & Social Sciences) 1. Award of Master Degree. On recommendations of the FBS of the constituent institution, the University will award Master degree to the students who satisfy the following conditions: a. Have completed prescribed credit hours as per approval of NUST Academic Council for each programme. b. Have achieved a minimum CGPA of 3.0 in coursework with a minimum of a B grade in the thesis (6 credit hours). c. Have completed prescribed credit hours (30 CHs) in course work-based programmes with a minimum CGPA of 3.0. d. Scheme of Studies (MS) (1) Fall and Spring Semesters will be regular semesters (2) Students will enrol for a minimum of 6 (six) and a maximum of 12 (twelve) credits in Fall and Spring Semester (3) Students may enrol in Summer Semester for a maximum of 6 (six) credit hours of course/research work. Student may enrol in summer only for repetition of courses and will not be allowed to take new course. (4) Students will be charged a full tuition fee for a maximum of four regular semesters (two academic years). Thereafter, a student will not be",chapter award master degree academic standard master student less business social science award master degree recommendation fbs constituent institution university award master degree student satisfy following condition completed prescribed credit hour per approval nust academic council programme b achieved minimum cgpa coursework minimum b grade thesis credit hour c completed prescribed credit hour chs course workbased programme minimum cgpa scheme study m fall spring semester regular semester student enrol minimum six maximum twelve credit fall spring semester student may enrol summer semester maximum six credit hour courseresearch work student may enrol summer repetition course allowed take new course student charged full tuition fee maximum four regular semester two academic year thereafter student
pg_p19_31,pg,19,"required to pay any tuition fee till completion of degree requirements. However, beyond the stipulated two years period, a student will be required to pay the prescribed course fee for deficient/improvement courses (if any). The fee during Summer Semester will be credit hours based. If a student completes the degree requirements within 30 days from commencement of the 4thsemester, a student has to pay a fee for three regular semesters only (i.e., Fall, Spring & Fall). (5) To complete the coursework, a student may take 2x relevant/adequate courses offered by other institutions of NUST. The relevancy/adequacy of the courses will be recommended by the parent HoD and Commandant/Principal/Dean. e. Coursework Based Degree in MS. MS students who cannot perform research due to various reasons can be considered for change from research-based to a coursework-based degree after getting approval from FBS. Student will be eligible to opt for coursework-based degree after completing their coursework with minimum 3 CGPA. Furthermore, they are ineligible for certificate of High Achiever in case of CGPA 4.0. NUST Postgraduate Student Handbook 16",required pay tuition fee till completion degree requirement however beyond stipulated two year period student required pay prescribed course fee deficientimprovement course fee summer semester credit hour based student completes degree requirement within day commencement student pay fee three regular semester ie fall spring fall complete coursework student may take relevantadequate course offered institution nust relevancyadequacy course recommended parent hod commandantprincipaldean e coursework based degree m m student perform research due various reason considered change researchbased courseworkbased degree getting approval fbs student eligible opt courseworkbased degree completing coursework minimum cgpa furthermore ineligible certificate high achiever case cgpa nust postgraduate student handbook
pg_p20_32,pg,20,2. Double Registration. The student may register for two-degree programmes at a time as per the NUST Policy. NUST will consider the following two modes: Degree -1 Degree -2 Bachelor/Master degree Bachelor/Master degree obtained obtained in Regular mode in in Regular mode in the Evening Mode 1 the Morning session in one session in a different university university. located in the same city. Bachelor/Master degree Bachelor/Master degree obtained obtained in Regular mode in Mode 2 in Regular mode in the Evening the Morning session in one session in the same university. university. 3. Academic Deficiencies. A student will be dropped from the MS programme if: a. CGPA remains below 2.00 in any semester; b. receives F/XF grade in more than two courses; c. CGPA remains below 3.00 after completion of the coursework even after availing the provision available for grade improvement (refer para 7b(2) of Chapter III of PG Handbook; d. a student who remains absent for more than 45 days without valid reasons but does not qualify for suspension of registration; e. attendance of the student remains below 75% in more than two courses (XF grade will be awarded in the course in which the student's attendance is below,double registration student may register twodegree programme time per nust policy nust consider following two mode degree degree bachelormaster degree bachelormaster degree obtained obtained regular mode regular mode evening mode morning session one session different university university located city bachelormaster degree bachelormaster degree obtained obtained regular mode mode regular mode evening morning session one session university university academic deficiency student dropped m programme cgpa remains semester b receives fxf grade two course c cgpa remains completion coursework even availing provision available grade improvement refer para chapter iii pg handbook student remains absent day without valid reason qualify suspension registration e attendance student remains two course xf grade awarded course student attendance
pg_p20_33,pg,20,"75%); f. on disciplinary grounds when recommended by the Discipline Committee of the institution and the Discipline Committee of NUST. 4. Suspension of Registration a. If a student remains absent for 30 or more consecutive days (including the research phase) without intimation or any valid reason, his/her admission/registration will be suspended. However, such students may resume the same programme subject to meeting the following conditions: (1) Have completed a minimum of one semester with a minimum required GPA. (2) Have been recommended by the respective institution. b. On re-admission, the student will pay the prescribed admission fee and 50% tuition fee for the period of absence. The rate of the fee will be as applicable to the student of the semester which s/he joins. NUST Postgraduate Student Handbook 17",f disciplinary ground recommended discipline committee institution discipline committee nust suspension registration student remains absent consecutive day including research phase without intimation valid reason hisher admissionregistration suspended however student may resume programme subject meeting following condition completed minimum one semester minimum required gpa recommended respective institution b readmission student pay prescribed admission fee tuition fee period absence rate fee applicable student semester join nust postgraduate student handbook
pg_p21_34,pg,21,"c. While considering the case for re-admission, it will be as certained by the respective institution that the student has sufficient time to complete the respective degree within the prescribed time limit, which will start from the date of original/first admission. d. No special classes/courses will be planned/ arranged for such cases, other than planned classes for repeat courses. e. After re-admission, studies of such students will be governed by the rules and regulations applicable to the entry s/he joins. f. Suspension of registration, on grounds of prolonged absence, will be granted only once in the programme in which the student was originally granted admission. 5. Probation a. Definition. A student is said to be on probation if s/he is deficient in academic standards and is allowed to continue studies. b. Policy. A student will be placed on probation under any of the following conditions: (1) If a student’s CGPA is less than 3.00 but greater than or equal to 2.00. (2) On disciplinary grounds when recommended by the respective discipline committee of the School. 6. Suspension a. Definition. “Suspension” means that a student is not allowed to continue regular academic activities for a specified time. b. Policy. FBS will",c considering case readmission certained respective institution student sufficient time complete respective degree within prescribed time limit start date originalfirst admission special classescourses planned arranged case planned class repeat course e readmission study student governed rule regulation applicable entry join f suspension registration ground prolonged absence granted programme student originally granted admission probation definition student said probation deficient academic standard allowed continue study b policy student placed probation following condition student cgpa less greater equal disciplinary ground recommended respective discipline committee school suspension definition suspension mean student allowed continue regular academic activity specified time b policy fbs
pg_p21_35,pg,21,recommend and qualify a suspension as under (as per latest policies of the University): (1) Suspension on disciplinary grounds. (2) Suspension on medical grounds. (3) Suspension on prolonged absence (including the research phase). (4) Suspension on reasons beyond student's control or authorized grounds / sanctioned leave from the competent authority. NUST Postgraduate Student Handbook 18,recommend qualify suspension per latest policy university suspension disciplinary ground suspension medical ground suspension prolonged absence including research phase suspension reason beyond student control authorized ground sanctioned leave competent authority nust postgraduate student handbook
pg_p22_36,pg,22,"7. Repetition of Course(s). A student may repeat a course under two circumstances, i.e., to clear an F/XF Grade or to improve current CGPA. The student is required to complete all formalities applicable to the repetition of a course, i.e., mid-semester examination/OHTs, project, assignments, quiz, etc., and End Semester Examination. The student transcript will show both the old and new earned grades, but the better grade will be used in the computation of CGPA. A student who repeats a course will not be eligible for top student honours/awards even if s/he improves it and comes in that bracket after repeating. The two circumstances under which a student may repeat a course are: a. Clearance of F/XF/W Grade. If a student receives an F/XF/W grade in a course, a student is required to repeat that course, whenever offered. b. Improvement of CGPA. A student may repeat a course at any stage in the MS programme to improve current CGPA subject to the following conditions: (1) The candidate should apply to the HoD for permission to repeat a course. HoD may permit a student to repeat a course subject to its offering and availability of necessary resources. (2) A student is allowed",repetition course student may repeat course two circumstance ie clear fxf grade improve current cgpa student required complete formality applicable repetition course ie midsemester examinationohts project assignment quiz etc end semester examination student transcript show old new earned grade better grade used computation cgpa student repeat course eligible top student honoursawards even improves come bracket repeating two circumstance student may repeat course clearance fxfw grade student receives fxfw grade course student required repeat course whenever offered b improvement cgpa student may repeat course stage m programme improve current cgpa subject following condition candidate apply hod permission repeat course hod may permit student repeat course subject offering availability necessary resource student allowed
pg_p22_37,pg,22,"to repeat a maximum of three courses for MS, four for MBA, and five for EMBA during the entire coursework apart from clearance of F/XF grade, if any. (3) The student shall not be allowed to improve CGPA after completion of the degree. c. Taking Alternative Elective Course. A student may take an alternative elective course for repetition with the approval of the Dean. The student's transcript shows both the old grade and the new earned grade, but the better grade will be used in the computation of CGPA. Students can take alternative elective course if the original course is not being offered. Alternative course taken will be countrd as repeated course. 8. Completion of the Degree a. The Degree Programme will be considered complete on fulfilling the following conditions: (1) On fulfilment of prescribed requirements of the degree. (2) The request of the student for the final transcript/award of degree. (3) Formal notification by the Controller of Examinations. b. The student is only allowed to improve grades before the conditions of para 8 (a) are fulfilled. 9. Deferment of Semester(s). A student may seek deferment from regular studies subject to the following conditions: NUST Postgraduate Student Handbook 19",repeat maximum three course m four mba five emba entire coursework apart clearance fxf grade student shall allowed improve cgpa completion degree c taking alternative elective course student may take alternative elective course repetition approval dean student transcript show old grade new earned grade better grade used computation cgpa student take alternative elective course original course offered alternative course taken countrd repeated course completion degree degree programme considered complete fulfilling following condition fulfilment prescribed requirement degree request student final transcriptaward degree formal notification controller examination b student allowed improve grade condition para fulfilled deferment semester student may seek deferment regular study subject following condition nust postgraduate student handbook
pg_p23_38,pg,23,"a. Deferment will generally be requested before the start of a semester. However, in exceptional cases, it may be requested latest by the 2ndweek of a semester. It will be endorsed by the FBS and processed for formal approval by the Director Postgraduate programmes. b. During the period of deferment, a student will be allowed to repeat courses already studied on payment of a prescribed fee for the repetition of courses but not permitted to study new courses. c. Students will pay a 25% tuition fee to maintain their own registration. d. The student has the requisite time available to complete the currently enrolled degree within the stipulated time. e. In case, a student opts to defer the first semester will have to pay a 50% tuition fee (non-adjustable/non-refundable). f. Students studying abroad under the student exchange programme will not be required to pay 25% of the tuition fee. 10. Research during Masters Programme. The procedure for thesis research is asunder: a. All students must successfully complete a minimum of 6 credits in a Master thesis, based on a highly individualized, investigative study that will make a significant contribution to knowledge. b. The subject of research must be agreed to",deferment generally requested start semester however exceptional case may requested latest semester endorsed fbs processed formal approval director postgraduate programme b period deferment student allowed repeat course already studied payment prescribed fee repetition course permitted study new course c student pay tuition fee maintain registration student requisite time available complete currently enrolled degree within stipulated time e case student opts defer first semester pay tuition fee nonadjustablenonrefundable f student studying abroad student exchange programme required pay tuition fee research master programme procedure thesis research asunder student must successfully complete minimum credit master thesis based highly individualized investigative study make significant contribution knowledge b subject research must agreed
pg_p23_39,pg,23,"by the student and the research Supervisor/Advisor (thesis advisor), in consultation with GEC, when required. The topics must be original and not plagiarized, and relevant to the needs of the country. c. A thesis is graded and counted towards the calculation of CGPA for all programmes. d. A student who cannot complete the thesis work in the assigned on-campus time may continue to do so at own arrangements to complete the thesis work within the maximum allowed time. e. The students desirous of continuing their research after the on-campus time are required to maintain their registration with the University and accordingly pay the registration fee as per the policy. f. A student can start research work after completion of 9 (nine) credit hours of coursework provided the student’s CGPA is ≥ 3.0. The thesis defence will only be allowed once the student has attained a CGPA of ≥ 3.0 in coursework. NUST Postgraduate Student Handbook 20",student research supervisoradvisor thesis advisor consultation gec required topic must original plagiarized relevant need country c thesis graded counted towards calculation cgpa programme student complete thesis work assigned oncampus time may continue arrangement complete thesis work within maximum allowed time e student desirous continuing research oncampus time required maintain registration university accordingly pay registration fee per policy f student start research work completion nine credit hour coursework provided student cgpa thesis defence allowed student attained cgpa coursework nust postgraduate student handbook
pg_p24_40,pg,24,"11. Guidance and Examination Committees (GEC). The GEC will comprise at least two members preferably holding a Ph.D. degree in the relevant field, in addition to the Research Supervisor/Advisor who must be a Ph.D.in the relevant field. The Research Supervisor/Advisor shall chair the meeting of GEC. The Research Supervisors/Advisors must be given prior necessary experience for this job by initially nominating them as members of GEC/Co-Supervisors. However, the DBS may decide to allow for supervision without prior experience on a case-to-case basis. NUST Postgraduate Student Handbook 21",guidance examination committee gec gec comprise least two member preferably holding phd degree relevant field addition research supervisoradvisor must phdin relevant field research supervisoradvisor shall chair meeting gec research supervisorsadvisors must given prior necessary experience job initially nominating member geccosupervisors however db may decide allow supervision without prior experience casetocase basis nust postgraduate student handbook
pg_p25_41,pg,25,CHAPTER 4: Award of Master Degree in Business Administration/Executive Master in Business Administration/Social Sciences 1. Award of Master Degree in Management/Social Sciences Duration Credit Programme Min (On Hours Max Campus) a. Master of Business Administration (MBA) For 16 66 2 Years 4 ½ Years years education graduates b. Executive Master of Business Administration 66 2 Years 5 Years (EMBA) c. MS Economics and HRM 36 1 ½ Years 4 Years For 16 years education graduates with Economics and Business Administration background d. MS Clinical Psychology 38 1 ½ Years 4 Years For 16 years education graduates with a Psychology background e. MS Mass Communication 30 1 ½ Years 4 Years For 16 years education graduates with Mass Communication/Journalism/Media Studies/ Public Relations background f. MS Career Counselling and Education 30 2 Years 4 Years For 16 years education graduates with Master or Bachelors (Four Years) degree from any academic background g. MS Logistics & Supply Chain Management and 36 1 ½ Years 4 Years MS Development Studies For 16 years education graduates in Engineering/ BBA /MBA/B.Com from HEC/ PEC affiliated institution h. MS Governance & Public Policy 36 2 Years 4 Years For 16 years education graduates with Master or Bachelor,chapter award master degree business administrationexecutive master business administrationsocial science award master degree managementsocial science duration credit programme min hour max campus master business administration mba year year year education graduate b executive master business administration year year emba c m economics hrm year year year education graduate economics business administration background m clinical psychology year year year education graduate psychology background e m mass communication year year year education graduate mass communicationjournalismmedia study public relation background f m career counselling education year year year education graduate master bachelor four year degree academic background g m logistics supply chain management year year m development study year education graduate engineering bba mbabcom hec pec affiliated institution h m governance public policy year year year education graduate master bachelor
pg_p25_42,pg,25,"degree in relevant discipline i. MS Innovation and Entrepreneurship 36 1 ½ Years 4 Years For 16 years education graduates (Engineering, IT, Management and Social Sciences) j. M Architectural Design 43 1 ½ Years 4 Years For 16 years education graduates with B. Arch degree from HEC recognized institute and accredited by PCATP. 2. Award of Degree. On recommendations of the FBS of the School, the University will award Master degree to the students who satisfy the following conditions: NUST Postgraduate Student Handbook 22",degree relevant discipline m innovation entrepreneurship year year year education graduate engineering management social science j architectural design year year year education graduate b arch degree hec recognized institute accredited pcatp award degree recommendation fbs school university award master degree student satisfy following condition nust postgraduate student handbook
pg_p26_43,pg,26,"a. MBA (1) Students admitted on the basis of 16-year non-business education will complete 66 credit hours (60 credits of coursework and 6 credits of thesis research/business project). (2) Have achieved a minimum CGPA of 3.0 in coursework with a minimum of a B grade in thesis/business project (6 credit hours). (3) Have successfully completed 6-8 weeks internship (for MBA only). b. EMBA. Have achieved a minimum CGPA of 3.00 and completed 66 credit hours. Grades assigned for the business project(s) will be counted towards the calculation of CGPA. c. MS (1) Students admitted based on 16-year education in Economics and HRM will complete 36 credit hours (30 credits of coursework and 6 credits of thesis research) for the award of MS Economics and HRM. (2) Students admitted based on 16-year education in Psychology will complete 38 credit hours (30 credits of coursework, 2 credits of internship, and 6 credits of thesis research) for the award of MS Psychology. (3) Students admitted based on 16-year education in Mass Communication will complete 30 credit hours (24 credits of coursework and 6 credits of thesis research) for the award of MS Mass Communication. (4) Students admitted based on 16-year education, Master or",mba student admitted basis nonbusiness education complete credit hour credit coursework credit thesis researchbusiness project achieved minimum cgpa coursework minimum b grade thesisbusiness project credit hour successfully completed week internship mba b emba achieved minimum cgpa completed credit hour grade assigned business project counted towards calculation cgpa c m student admitted based education economics hrm complete credit hour credit coursework credit thesis research award m economics hrm student admitted based education psychology complete credit hour credit coursework credit internship credit thesis research award m psychology student admitted based education mass communication complete credit hour credit coursework credit thesis research award m mass communication student admitted based education master
pg_p26_44,pg,26,"Bachelor degree from any academic background will complete 33 credit hours (27 credits of coursework and 6 credits of thesis research) for the award of MS Career Counselling and Education. (5) Students admitted based on 16-year education, Master or Bachelor degree in any discipline will complete 30 credits of coursework and 6 credits of thesis research for the award of MS Development Studies. (6) Students admitted based on 16-year education, Master or Bachelor degree in relevant discipline will complete 30 credits of coursework and 6 credits of thesis research for the award of MS Governance & Public Policy. (7) Students admitted based on 16-year education with B.Arch degree will complete 33 credits of coursework and 7 credits of thesis research for the award of MS Architectural Design. NUST Postgraduate Student Handbook 23",bachelor degree academic background complete credit hour credit coursework credit thesis research award m career counselling education student admitted based education master bachelor degree discipline complete credit coursework credit thesis research award m development study student admitted based education master bachelor degree relevant discipline complete credit coursework credit thesis research award m governance public policy student admitted based education barch degree complete credit coursework credit thesis research award m architectural design nust postgraduate student handbook
pg_p27_45,pg,27,"3. Scheme of Studies 1 The assessment scheme shall be as follows: Weighting Nature of Examination Duration Frequency (%age) End semester examination 3 hours 1 30 – 50 Mid Term 2 hours 1 15 – 25 Quizzes - Minimum: 3 05 – 15 Class Participation - - 0 – 5* Assignments / Project(s) / Own time - 10 – 40 Case Studies *Shall be allocated only if there are no case studies. b. The assessment scheme for EMBA shall be as follows: (1) In-class experiential activity (30-35%) (2) Project/Assignment/ Quiz (30-35%) (3) Midterm (optional) (10-15%) (4) Final (20-30%) c. The performance of each student in a course of study will be graded as: Grades Numerical Grade Grade Points A 4.0 B+ 3.50 B 3.0 C+ 2.50 C 2.00 F 0.00 I Incomplete W Dropped Q Qualified T Transfer 0.00 (F Grade due to shortage XF of attendance) d. University follows a relative grading system. e. To earn course credits, a student must obtain a minimum of C grade for postgraduate programmes in each course. NUST Postgraduate Student Handbook 24",scheme study assessment scheme shall follows weighting nature examination duration frequency age end semester examination hour mid term hour quiz minimum class participation assignment project time case study shall allocated case study b assessment scheme emba shall follows inclass experiential activity projectassignment quiz midterm optional final c performance student course study graded grade numerical grade grade point b b c c f incomplete w dropped q qualified transfer f grade due shortage xf attendance university follows relative grading system e earn course credit student must obtain minimum c grade postgraduate programme course nust postgraduate student handbook
pg_p28_46,pg,28,4. Offering and Registration of Courses. The School will finalize additional courses to be offered in a particular semester well before its start but not later than last week of the previous semester keeping in view the resources available. 5. Course Registration Procedure for EMBA Only. Course registration will be open till the first week of the semester. A late fee to the tune of 20% of the course fee will be charged for registration from students who register in the second week. No request for registration will be entertained beyond the second week. 6. Probation a. Definition. A student is said to be on probation if s/he is deficient in academic standards and is allowed to continue studies. b. Policy. A student will be placed on probation under any of the following conditions: (1) If a student’s CGPA is less than 3.00 but greater than or equal to 2.50 and the student does not qualify for withdrawal. (2) On disciplinary grounds when recommended by the respective discipline committee of the school. 7. Suspension on Medical/Disciplinary Grounds/Acceptable Reasons. A student may be recommended for suspension by the FBS on medical/disciplinary grounds/acceptable reasons. This suspension can be allowed if the occurrence,offering registration course school finalize additional course offered particular semester well start later last week previous semester keeping view resource available course registration procedure emba course registration open till first week semester late fee tune course fee charged registration student register second week request registration entertained beyond second week probation definition student said probation deficient academic standard allowed continue study b policy student placed probation following condition student cgpa less greater equal student qualify withdrawal disciplinary ground recommended respective discipline committee school suspension medicaldisciplinary groundsacceptable reason student may recommended suspension fbs medicaldisciplinary groundsacceptable reason suspension allowed occurrence
pg_p28_47,pg,28,"takes place during the semester. During the period of suspension, the student will be required to pay 25% of the tuition fee. 8. Withdrawal a. Definition. “Withdrawal” means that a student is considered unsuitable for further studies at NUST and is withdrawn from the programme. b. Policy. A student is recommended for withdrawal by the FBS as per the latest policies of the University for approval by Main Office NUST subject to any of the conditions listed below: (1) Receives F/XF grade in more than two courses (2) If CGPA remains below 2.5 in any semester (3) CGPA remains below 3.00 after completion of own coursework even after availing the chance allowed under the provision for repetition of courses for improvement of CGPA (4) On disciplinary grounds when recommended by respective Discipline Committee of constituent institution and Discipline Committee of NUST NUST Postgraduate Student Handbook 25",take place semester period suspension student required pay tuition fee withdrawal definition withdrawal mean student considered unsuitable study nust withdrawn programme b policy student recommended withdrawal fbs per latest policy university approval main office nust subject condition listed receives fxf grade two course cgpa remains semester cgpa remains completion coursework even availing chance allowed provision repetition course improvement cgpa disciplinary ground recommended respective discipline committee constituent institution discipline committee nust nust postgraduate student handbook
pg_p29_48,pg,29,"9. Award of F, I, and W Grades a. Award of Grade F. In addition to the F grade awarded based on the academic failure, a student is not allowed to appear in the final examination of a subject in which the student’s attendance is less than 75%, and will be awarded XF grade in the said subject. The F/XF grade so obtained will only be cleared by repetition of the course whenever offered, so that the students are made to attend the missed course. b. Award of Grade I. A student, who, because of illness or other acceptable reasons approved by the DBS/FBS, fails to complete the required work in any course or misses any examination/test defined herein, provided the student’s overall attendance is not less than 75%, is given I grade. The student receiving such a grade makes up the unfinished portion of the student’s course and is given a grade at the discretion of the faculty without prejudice to the previous grade I. If a student fails to make up the coursework, s/he will be awarded an 'F' grade. However, in highly extraordinary cases, a further extension may be approved by Registrar Dte (MS Section), Main Office,",award f w grade award grade f addition f grade awarded based academic failure student allowed appear final examination subject student attendance less awarded xf grade said subject fxf grade obtained cleared repetition course whenever offered student made attend missed course b award grade student illness acceptable reason approved dbsfbs fails complete required work course miss examinationtest defined herein provided student overall attendance less given grade student receiving grade make unfinished portion student course given grade discretion faculty without prejudice previous grade student fails make coursework awarded f grade however highly extraordinary case extension may approved registrar dte m section main office
pg_p29_49,pg,29,"on the recommendation of the FBS. c. Award of Grade W. If a student drops a course under the provision of adding/dropping of course as para 11 of this chapter, will be awarded a W grade. 10. Repetition of Course(s). A student may repeat a course under two circumstances i.e., to clear an F/XF Grade or to improve CGPA. The student will be required to complete all formalities applicable to the repetition of a course i.e., mid-semester examination, project, assignments, quiz, End Semester Examination, etc. The student's transcript will show both the old grade and the new earned grade, but the better grade will be used in the computation of CGPA. A student who repeats a course is not eligible for top student honours/awards even if the student improves it and comes in that bracket after repeating. The two circumstances under which a student may repeat a course are: a. Clearance of W/F/XF Grades (1) A student may repeat a course to clear an F/XF/W grade. This repetition is not included in the provision that allowed for the improvement of CGPA. (2) It will be the student's responsibility to clear the failed/dropped courses subject to the availability of resources and",recommendation fbs c award grade w student drop course provision addingdropping course para chapter awarded w grade repetition course student may repeat course two circumstance ie clear fxf grade improve cgpa student required complete formality applicable repetition course ie midsemester examination project assignment quiz end semester examination etc student transcript show old grade new earned grade better grade used computation cgpa student repeat course eligible top student honoursawards even student improves come bracket repeating two circumstance student may repeat course clearance wfxf grade student may repeat course clear fxfw grade repetition included provision allowed improvement cgpa student responsibility clear faileddropped course subject availability resource
pg_p29_50,pg,29,"approval of the Dean. (3) The student transcript will show both the old grade and the new earned grade, but the better grade will be used in the computation of CGPA. (4) The student who repeats a course to clear a W grade will not be eligible for academic honours/awards. NUST Postgraduate Student Handbook 26",approval dean student transcript show old grade new earned grade better grade used computation cgpa student repeat course clear w grade eligible academic honoursawards nust postgraduate student handbook
pg_p30_51,pg,30,"b. Improvement of CGPA. A student may repeat a course at any stage in the MS programme to improve CGPA subject to the following conditions: (1) For MBA/EMBA, students will be allowed to repeat a course(s) to improve their CGPA during studies as allowed to other postgraduate students. (2) A student shall be allowed to repeat a maximum of three courses for MS, four for MBA, and five for EMBA during their entire coursework apart from clearance of F grade, if any. c. Taking Alternative Elective Course. A student may take an alternative elective course for repetition with the approval of the Dean. The student transcript will show both the old grade and the new earned grade, but the better grade will be used in the computation of CGPA. Alternative elective course taken will be counted as repeated course. 11. Adding/Dropping of Course(s) and Award of W Grade a. Adding/Dropping of course(s) is allowed within the first two weeks of the start of a semester. However, the student will ensure that minimum and maximum credit hours limit is followed as given below: Minimum Maximum (1) MBA 12 21 (2) EMBA 06 12 (Fall & Spring Semester) 03 06 (Summer Semester)",b improvement cgpa student may repeat course stage m programme improve cgpa subject following condition mbaemba student allowed repeat course improve cgpa study allowed postgraduate student student shall allowed repeat maximum three course m four mba five emba entire coursework apart clearance f grade c taking alternative elective course student may take alternative elective course repetition approval dean student transcript show old grade new earned grade better grade used computation cgpa alternative elective course taken counted repeated course addingdropping course award w grade addingdropping course allowed within first two week start semester however student ensure minimum maximum credit hour limit followed given minimum maximum mba emba fall spring semester summer semester
pg_p30_52,pg,30,"(3) MS 09 18 b. A student taking less than a full semester load will not be considered for any merit scholarship/academic award. c. A student is allowed to drop a registered course latest by 8th week of a regular semester and 5th week of a summer semester with the recommendation of the Dean. d. Letter grade W will appear in the student’s transcript against the specific course and will not be used for the computation of GPA. e. Students with grade W on the transcript will not be considered for any academic honour/award. f. Students of EMBA will be allowed to drop a course any time before the start of the End Semester Examination week with an award of letter grade W. g. The number of Ws allowed in a semester, and the maximum number that a PG student can accumulate at a time are given as under: NUST Postgraduate Student Handbook 27",m b student taking less full semester load considered merit scholarshipacademic award c student allowed drop registered course latest week regular semester week summer semester recommendation dean letter grade w appear student transcript specific course used computation gpa e student grade w transcript considered academic honouraward f student emba allowed drop course time start end semester examination week award letter grade w g number w allowed semester maximum number pg student accumulate time given nust postgraduate student handbook
pg_p31_53,pg,31,"Ws in a Maximum Ws Programme / Credit Hours Semester at a Time MBA 66 Credit Hours 2 3 MS Economics /MS HRM 36 Credit Hours 1 2 MS Mass Communication /MS Development Studies 30 Credit Hours 1 2 MS Clinical Psychology 38 Credit Hours 1 2 MS Career Counselling and Education 30 Credit Hours 1 2 MS Logistics and Supply Chain Management / MS Governance and Public Policy / MS Innovation and Entrepreneurship 36 Credit Hours 1 2 EMBA 66 Credit Hours 2 4 Note: If a W is earned in an elective, the student may clear the W by registering for and passing any other elective not necessarily the same course in which a W grade was earned. In the case of core courses, W can only be replaced by repeating/passing the same course. 12. Deferment of Semester(s). A student may seek deferment from regular studies subject to the following conditions: a. Deferment will generally be requested before the start of a semester. However, in exceptional cases, it may be requested latest by the 2ndweek of a semester. It will be endorsed by the FBS and processed for formal approval by the Director Postgraduate Programmes. b. During the",w maximum w programme credit hour semester time mba credit hour m economics m hrm credit hour m mass communication m development study credit hour m clinical psychology credit hour m career counselling education credit hour m logistics supply chain management m governance public policy m innovation entrepreneurship credit hour emba credit hour note w earned elective student may clear w registering passing elective necessarily course w grade earned case core course w replaced repeatingpassing course deferment semester student may seek deferment regular study subject following condition deferment generally requested start semester however exceptional case may requested latest semester endorsed fbs processed formal approval director postgraduate programme b
pg_p31_54,pg,31,"period of deferment, the student will be allowed to repeat courses already studied on payment of the prescribed fee for the repetition of courses but not permitted to study new courses. c. Students will pay a 25% tuition fee to maintain their own registration. d. The student has the requisite time available to complete their degree within the stipulated time. e. Any student who opts to defer the first semester shall pay a 50% tuition fee (non-adjustable / non-refundable). 13. Transfer of Credits. The following shall be applicable in the case of MS/MBA/EMBA: a. Postgraduate credits may be considered for transfer from other local accredited institutions or foreign reputed institutions of a similar quality if they are relevant and appropriate to a Master programme. NUST Postgraduate Student Handbook 28",period deferment student allowed repeat course already studied payment prescribed fee repetition course permitted study new course c student pay tuition fee maintain registration student requisite time available complete degree within stipulated time e student opts defer first semester shall pay tuition fee nonadjustable nonrefundable transfer credit following shall applicable case msmbaemba postgraduate credit may considered transfer local accredited institution foreign reputed institution similar quality relevant appropriate master programme nust postgraduate student handbook
pg_p32_55,pg,32,"b. Only postgraduate-level courses with at least a B grade or equivalent will be considered for transfer. c. Only postgraduate-level courses completed within the last three years will be considered for transfer. d. A maximum of 9 postgraduate level course credits (12 credits for MS/MBA/EMBA) may be transferred but the grades will not be transferred. 14. Research during Master Programme. The procedure for thesis research is as under: a. All students must successfully complete a minimum of 6 credits in Masters’ thesis/business project(s) for MBA/EMBA, based on an individualized, investigative study that will make a significant contribution to knowledge. b. The subject of research/business project should be agreed upon by the student and the supervisor/advisor, in consultation with GEC, when required. The research work must be original and not plagiarized, and relevant to the needs of the country. c. A student who cannot complete thesis work in the assigned time may continue to do so at their own arrangement/expense to complete the thesis work within the maximum allowed time. d. For the MS programme, a student can start research work after completion of 09 credit hours of course work provided CGPA is 3.0 or above. The thesis defence will only",b postgraduatelevel course least b grade equivalent considered transfer c postgraduatelevel course completed within last three year considered transfer maximum postgraduate level course credit credit msmbaemba may transferred grade transferred research master programme procedure thesis research student must successfully complete minimum credit master thesisbusiness project mbaemba based individualized investigative study make significant contribution knowledge b subject researchbusiness project agreed upon student supervisoradvisor consultation gec required research work must original plagiarized relevant need country c student complete thesis work assigned time may continue arrangementexpense complete thesis work within maximum allowed time m programme student start research work completion credit hour course work provided cgpa thesis defence
pg_p32_56,pg,32,"be allowed once a student has attained a CGPA 3.0 in coursework. e. An MBA student can start research work after completion of 2 semesters (36 credit hours) even if the student’s CGPA is less than 3.00. However, thesis/business project defence/presentation will only be allowed once a student has attained the degree-awarding CGPA of 3.00 in coursework. f. Grade of thesis/business project (s) will be added in the CGPA of the student after defence/presentation in MS/MBA and will be counted towards the calculation of CGPA in EMBA. 15. Suspension of Registration a. If a student remains absent for 30 or more consecutive days without intimation or any valid reason, the student’s admission/registration will be suspended. However, such students may resume the same programme subject to meeting the following conditions: (1) Have completed a minimum of one semester with the minimum required GPA. (2) Has been recommended by the respective institution. NUST Postgraduate Student Handbook 29",allowed student attained cgpa coursework e mba student start research work completion semester credit hour even student cgpa less however thesisbusiness project defencepresentation allowed student attained degreeawarding cgpa coursework f grade thesisbusiness project added cgpa student defencepresentation msmba counted towards calculation cgpa emba suspension registration student remains absent consecutive day without intimation valid reason student admissionregistration suspended however student may resume programme subject meeting following condition completed minimum one semester minimum required gpa recommended respective institution nust postgraduate student handbook
pg_p33_57,pg,33,"b. On re-admission, the student will pay the prescribed admission fee and 50% tuition fee for the period of absence. The rate of the fee will be as applicable to students of the semester which s/he joins. c. While considering the case for re-admission, it will be ascertained by the respective institution that the student has sufficient time to complete the degree within the prescribed time limit, that will start from the date of original/first admission. d. No special classes/courses will be planned/ arranged for such cases, other than planned classes for repeat courses. e. After re-admission, students’ studies will be governed by the rules and regulations applicable to the entry s/he joins. f. Suspension of registration, on grounds of prolonged absence, will be granted only once in the programme in which s/he was originally granted admission. NUST Postgraduate Student Handbook 30",b readmission student pay prescribed admission fee tuition fee period absence rate fee applicable student semester join c considering case readmission ascertained respective institution student sufficient time complete degree within prescribed time limit start date originalfirst admission special classescourses planned arranged case planned class repeat course e readmission student study governed rule regulation applicable entry join f suspension registration ground prolonged absence granted programme originally granted admission nust postgraduate student handbook
pg_p34_58,pg,34,"CHAPTER 5: Award of Ph.D. Degree and Academic Deficiencies for Ph.D. Students 1. Award of Ph.D. Degree. On recommendations of the FBS of the constituent institution, the University will award the degree of Doctor of Philosophy to the student who satisfies the following conditions. Institution/department may specify additional requirements if considered necessary: a. Coursework. The minimum coursework required will be 18 credits of 800/900 level courses or equivalent. These 18 credit hours will be in addition to the pre-requisites specified by the Ph.D. Evaluation and Acceptance Committee (PEAC) of the concerned Institution. b. Migration shall not be allowed in the Ph.D. Programme. Any student joining the Ph.D. programme shall complete all the requisite courses in line with NUST/HEC policy. c. Cumulative Grade Point Average (CGPA). The minimum cumulative GPA required will be 3.5 out of 4.0 in the 18 credit hours of 800/900 level courses to be counted towards a Ph.D. d. Ph.D. Qualifying Examination. Each student must pass each paper of Part A - the subject examination of Ph.D. comprehensive examination with a minimum of 65% marks and Part B – the Oral Examination, (defence of synopsis) by majority vote. For Ph.D.in Business Administration, each Ph.D. student will have",chapter award phd degree academic deficiency phd student award phd degree recommendation fbs constituent institution university award degree doctor philosophy student satisfies following condition institutiondepartment may specify additional requirement considered necessary coursework minimum coursework required credit level course equivalent credit hour addition prerequisite specified phd evaluation acceptance committee peac concerned institution b migration shall allowed phd programme student joining phd programme shall complete requisite course line nusthec policy c cumulative grade point average cgpa minimum cumulative gpa required credit hour level course counted towards phd phd qualifying examination student must pas paper part subject examination phd comprehensive examination minimum mark part b oral examination defence synopsis majority vote phdin business administration phd student
pg_p34_59,pg,34,"to pass two examinations in respect of Part A (the Subject Examination), viz, Comprehensive Examination 1, covering themes and topics included in the compulsory core courses, and Comprehensive Examination 2 covering themes and topics included in the specialization field courses. e. Approval of Thesis Synopsis. Each student must carry out a literature survey and prepare a written synopsis of the intended topic of research and present the same along with the research plan at the beginning of Part B (the Oral Examination) of the Qualifying Examination for approval. f. Thesis Credits. In addition to the coursework, all doctoral students must register for at least 30 credits of doctoral research. g. Publications. A student must have a minimum of two research publications, related to Ph.D. research work, as 1stauthor fulfilling under mentioned requirements: (1) Engineering / Sciences / Computer Science and related disciplines: Minimum two research papers published in Journals with WoS-JCR Impact Factor. Out of these publications, at least one research paper should be in HEC “X” category journal. OR NUST Postgraduate Student Handbook 31",pas two examination respect part subject examination viz comprehensive examination covering theme topic included compulsory core course comprehensive examination covering theme topic included specialization field course e approval thesis synopsis student must carry literature survey prepare written synopsis intended topic research present along research plan beginning part b oral examination qualifying examination approval f thesis credit addition coursework doctoral student must register least credit doctoral research g publication student must minimum two research publication related phd research work fulfilling mentioned requirement engineering science computer science related discipline minimum two research paper published journal wosjcr impact factor publication least one research paper hec x category journal nust postgraduate student handbook
pg_p35_60,pg,35,"Minimum one research paper published in Journals with WoS-JCR Impact Factor and one paper presented/published in Core A/A* ranked international conference. Out of these publications, at least one research paper should be in HEC “X” category journal. (2) Social Sciences/Management Sciences: Minimum two papers published in journals of repute. Out of these publications, at least one research paper should be in HEC “X” category or higher journal. OR Minimum one paper published in journals of repute and one paper presented/published in an international conference. Out of these publications, at least one research paper should be in HEC “X” category or higher journal. Note: This policy has to be read along with the current HEC policy on the subject. However, any subsequent amendment in the HEC policy can be considered subject to the approval of ACM. h. Successful Evaluation Report of Research Thesis. Out of the Thesis Evaluation Committee, the positive report by the supervisor and co- supervisor (if appointed), two local external Ph.D. experts, and two foreign experts (Ph.D.) are essential. i. Thesis Defence. Successful defence of the Thesis and approval by a majority vote of the Doctoral Defence Committee is required. j. Submission of Thesis. Five bound copies of",minimum one research paper published journal wosjcr impact factor one paper presentedpublished core aa ranked international conference publication least one research paper hec x category journal social sciencesmanagement science minimum two paper published journal repute publication least one research paper hec x category higher journal minimum one paper published journal repute one paper presentedpublished international conference publication least one research paper hec x category higher journal note policy read along current hec policy subject however subsequent amendment hec policy considered subject approval acm h successful evaluation report research thesis thesis evaluation committee positive report supervisor co supervisor appointed two local external phd expert two foreign expert phd essential thesis defence successful defence thesis approval majority vote doctoral defence committee required j submission thesis five bound copy
pg_p35_61,pg,35,"the thesis may be submitted after successful defence within 60 days from the date of the thesis defence. A request may be made to Main Office NUST to relax the period of thesis submission to incorporate any additional requirement of the Defence Committee. Documents required at the time of submission of the thesis will be in sync with the latest policy directives of HEC / Accreditation Bodies along with the approval of the competent authority. 2. Coursework a. A selected Ph.D. candidate will take a minimum of 18 credit hours of 800/900 level courses at the Ph.D. level, as specified by the student’s GEC. These 18 credit hours shall be the courses that have not been counted towards any other degree, as, in compliance with the HEC Quality Assurance Criteria, courses counted towards any other degree cannot be double-counted towards Ph.D. coursework. b. The GEC may specify additional subjects to be taken by the Ph.D. student, if considered essential. These will be notified as “Additional Courses” and will not be counted towards the calculation of CGPA. NUST Postgraduate Student Handbook 32",thesis may submitted successful defence within day date thesis defence request may made main office nust relax period thesis submission incorporate additional requirement defence committee document required time submission thesis sync latest policy directive hec accreditation body along approval competent authority coursework selected phd candidate take minimum credit hour level course phd level specified student gec credit hour shall course counted towards degree compliance hec quality assurance criterion course counted towards degree doublecounted towards phd coursework b gec may specify additional subject taken phd student considered essential notified additional course counted towards calculation cgpa nust postgraduate student handbook
pg_p36_62,pg,36,"c. In addition to the minimum 18 credit hours coursework, the pre-requisite courses, prescribed by PEAC at the time of admission, would also be included in the Ph.D. transcript, and will also be notified as “Additional Courses”. These additional courses will not count towards the calculation of CGPA. d. The CGPA is calculated only based on the 18 credit hours of courses taken by the student at the Ph.D. level. e. The institution will intimate the results of a Ph.D. student to the Main Office, NUST Examination Branch, for notification as followed for other programmes. f. To complete the coursework, a student should take 3x courses, from the prescribed Ph.D. coursework. On the recommendation of GEC and Commandant/Principal/Dean, he/she may take 3x relevant/adequate courses offered by other institutions of NUST. g. The University follows the policy to workout GPA by awarding relative grading on the scale of 1.00 to 4.00 points according to the distribution curve based on the performance of a particular class by the faculty. 3. Qualifying Examination. After successful completion of 800/900 level courses to be counted towards the student’s Ph.D. with a minimum cumulative GPA of 3.5 out of 4.0, the student will take a qualifying",c addition minimum credit hour coursework prerequisite course prescribed peac time admission would also included phd transcript also notified additional course additional course count towards calculation cgpa cgpa calculated based credit hour course taken student phd level e institution intimate result phd student main office nust examination branch notification followed programme f complete coursework student take course prescribed phd coursework recommendation gec commandantprincipaldean heshe may take relevantadequate course offered institution nust g university follows policy workout gpa awarding relative grading scale point according distribution curve based performance particular class faculty qualifying examination successful completion level course counted towards student phd minimum cumulative gpa student take qualifying
pg_p36_63,pg,36,"/ comprehensive examination in the subjects to be specified by the GEC. Qualifying Examination Part-A & B is to be conducted within 6 months after completion of coursework. The examination shall be conducted in two parts in the following manner: a. Part A - Written Comprehensive Examination. Question papers for the written comprehensive examination shall be prepared by the subject specialists and supervised by the concerned HoD. In case the HoD is also the student's supervisor, the Dean of the institution shall supervise the examination. The comprehensive examination shall be based on the entire Ph.D. coursework plus subjects considered essential for the intended area of research. It shall consist of two papers, one covering the student’s major area of research and the other covering the allied or supporting subjects. The minimum passing marks for each paper in Part A shall be 65%. b. Part B - Oral Examination. The Dean will chair the Oral Comprehensive Examination Committee meeting with HoD and the other members of the GEC as its members. HoD and Dean/ Commandant/ Principal would be voting members only if Ph.D. qualified in the relevant field. Oral Examination shall be designed to ascertain the in-depth knowledge, analytical abilities, and",comprehensive examination subject specified gec qualifying examination parta b conducted within month completion coursework examination shall conducted two part following manner part written comprehensive examination question paper written comprehensive examination shall prepared subject specialist supervised concerned hod case hod also student supervisor dean institution shall supervise examination comprehensive examination shall based entire phd coursework plus subject considered essential intended area research shall consist two paper one covering student major area research covering allied supporting subject minimum passing mark paper part shall b part b oral examination dean chair oral comprehensive examination committee meeting hod member gec member hod dean commandant principal would voting member phd qualified relevant field oral examination shall designed ascertain indepth knowledge analytical ability
pg_p36_64,pg,36,"aptitude of the student in the area of Ph.D. research. The student shall defend the thesis synopsis as a part of this oral examination. The Oral Examination Committee shall determine, by majority vote, whether the student be allowed to proceed for the doctoral research or otherwise. If the NUST Postgraduate Student Handbook 33",aptitude student area phd research student shall defend thesis synopsis part oral examination oral examination committee shall determine majority vote whether student allowed proceed doctoral research otherwise nust postgraduate student handbook
pg_p37_65,pg,37,"number of votes for “Pass” equals the number of votes “Fail”, then the verdict of the supervisor would be taken as the final decision. c. The qualifying examination shall be conducted as soon as possible after the completion of the course work but, in any case, Part A of the Qualifying Examination shall not be delayed for more than 03 months from the date of the last paper. If a student fails in either paper or both of Part A examination in the first attempt student shall appear in retake (one chance only) examination of the relevant paper(s) within 03 months of the first attempt. Part B of the Qualifying Examination will be conducted within 03 months after the student qualifies Part A of the Qualifying Examination. If a student does not pass the Part B examination in the first attempt, the student shall appear in retake (one chance only) examination within 03 months of the first attempt. Upon a failure in Part B, each committee member will submit a comment page, clearly documenting the student’s views/suggestions. These comments pages, duly signed by respective committee members, shall be submitted to Post Graduate Programme Directorate and Examination Branch at Main Office",number vote pas equal number vote fail verdict supervisor would taken final decision c qualifying examination shall conducted soon possible completion course work case part qualifying examination shall delayed month date last paper student fails either paper part examination first attempt student shall appear retake one chance examination relevant paper within month first attempt part b qualifying examination conducted within month student qualifies part qualifying examination student pas part b examination first attempt student shall appear retake one chance examination within month first attempt upon failure part b committee member submit comment page clearly documenting student viewssuggestions comment page duly signed respective committee member shall submitted post graduate programme directorate examination branch main office
pg_p37_66,pg,37,"NUST by the concerned institution. A duplicate copy of these comments will also be provided to the student. d. During retake of qualifying examination Part A or Part B, one new member must be added to the Examination committee. Main Office NUST (Examination Branch) will notify the result of the Qualifying Examination. 4. Withdrawal from Ph.D. Programme. A student will be withdrawn from the Ph.D. degree programme under the following circumstances/conditions: a. CGPA remains below 3.50 on completion of coursework even after availing three chances for improvement of grades. b. Fails twice in any part of the qualifying examination i.e., Part A or Part B. Fails to qualify both parts of qualifier within 12 months, except recommended by FBS otherwise, by clearly stating the extended duration. 12 months' duration will be counted from the date of the last paper of coursework. c. On consistent three unsatisfactory academic performances graded by Monitoring Cell, Academics Dte and Supervisor and consequent recommendation by FBS. d. On disciplinary grounds when recommended by the respective Discipline Committee of the Institution and Discipline Committee of NUST. e. Absence for 60 or more consecutive days without valid reasons. f. Fails in one or more course(s). g. Fails",nust concerned institution duplicate copy comment also provided student retake qualifying examination part part b one new member must added examination committee main office nust examination branch notify result qualifying examination withdrawal phd programme student withdrawn phd degree programme following circumstancesconditions cgpa remains completion coursework even availing three chance improvement grade b fails twice part qualifying examination ie part part b fails qualify part qualifier within month except recommended fbs otherwise clearly stating extended duration month duration counted date last paper coursework c consistent three unsatisfactory academic performance graded monitoring cell academic dte supervisor consequent recommendation fbs disciplinary ground recommended respective discipline committee institution discipline committee nust e absence consecutive day without valid reason f fails one course g fails
pg_p37_67,pg,37,to complete coursework requirements in three years. NUST Postgraduate Student Handbook 34,complete coursework requirement three year nust postgraduate student handbook
pg_p38_68,pg,38,"h. Fails to complete Ph.D. degree requirements within the maximum allowed time (i.e., 8 years). i. A student can seek withdrawal from the Ph.D. programme at any stage of their respective degree at their own request duly recommended by the FBS of the institute. 5. Improving Cumulative GPA. Out of the coursework counted towards Ph.D., a student may repeat the course in which the student received the grade point of less than 3.5 but greater than or equal to 2.0, to improve cumulative GPA, if it is below 3.5 before taking the qualifying examination. The procedure for repeating is as under: a. The candidate will apply to the Supervisor for permission to repeat a course. The case will be presented before the GEC for deliberation/approval. b. The student will repeat a course that is permitted by the GEC. On repeating the course, the student will get an earned grade. The student's transcript will show both the old grade and the new earned grade, but the better grade will be used in the computation of CGPA. c. The student will have to repeat the course within the time limit given by the GEC. d. A student will be allowed to repeat",h fails complete phd degree requirement within maximum allowed time ie year student seek withdrawal phd programme stage respective degree request duly recommended fbs institute improving cumulative gpa coursework counted towards phd student may repeat course student received grade point less greater equal improve cumulative gpa taking qualifying examination procedure repeating candidate apply supervisor permission repeat course case presented gec deliberationapproval b student repeat course permitted gec repeating course student get earned grade student transcript show old grade new earned grade better grade used computation cgpa c student repeat course within time limit given gec student allowed repeat
pg_p38_69,pg,38,"a maximum of three courses only during the entire Ph.D. coursework. e. If an elective course cannot be offered for repetition due to unavoidable circumstances, a student may take an alternative elective course with the approval of GEC and will get the earned grades. The student's transcript will show both the old grade and the new earned grade, but the better grade will be used in the computation of CGPA. 6. Research during Ph.D. Programme. The procedure for the thesis is as follows: a. All students must successfully complete a minimum of 30 credits of creative Ph.D. research, based on a highly individualized, investigative, and creative study which will make a significant contribution to knowledge in the form of new findings/inventions. b. A student with CGPA below 3.50 will not be allowed to take Ph.D. Research. c. The subject of research will be agreed upon by the student and the research Supervisor (thesis supervisor), in consultation with the GEC, when required. It must be original and not plagiarized. d. A student who cannot complete the research work in the assigned time may continue to do so at own arrangements/expenses to complete the research NUST Postgraduate Student Handbook 35",maximum three course entire phd coursework e elective course offered repetition due unavoidable circumstance student may take alternative elective course approval gec get earned grade student transcript show old grade new earned grade better grade used computation cgpa research phd programme procedure thesis follows student must successfully complete minimum credit creative phd research based highly individualized investigative creative study make significant contribution knowledge form new findingsinventions b student cgpa allowed take phd research c subject research agreed upon student research supervisor thesis supervisor consultation gec required must original plagiarized student complete research work assigned time may continue arrangementsexpenses complete research nust postgraduate student handbook
pg_p39_70,pg,39,"work within the maximum time allowed as per policy in vogue after the prescribed ""on-campus"" time. 7. Guidance and Examination Committee (GEC). A Doctoral GEC will be formed at the earliest after the acceptance of a student into the Ph.D. programme but not later than one month of the student's joining date. The GEC will comprise at least three Ph.D. members in addition to the supervisor and co-supervisor (if appointed), and one member of GEC will be external from other reputed universities/R&D organizations/ relevant industry or constituent institutions/ organizations of NUST. The supervisor must be a Ph.D. degree holder with his name included in HEC approved list of supervisors. The Head of the Department in consultation with the student and respective supervisor and also with the approval of the Commandant/Principal/Dean will appoint the GEC. Form Ph.D.-3A and Form Ph.D.-3B will be used for the formulation of GEC, and petition for any change of GEC/research topic respectively. The student's supervisor will chair the GEC meetings. The GEC meetings will be held at least once in six months. The proceedings of GEC meetings will be recorded on Form Ph.D.-3C and distributed to all concerned. Principal/Dean/HoD must ensure the conduct of GEC meeting",work within maximum time allowed per policy vogue prescribed oncampus time guidance examination committee gec doctoral gec formed earliest acceptance student phd programme later one month student joining date gec comprise least three phd member addition supervisor cosupervisor appointed one member gec external reputed universitiesrd organization relevant industry constituent institution organization nust supervisor must phd degree holder name included hec approved list supervisor head department consultation student respective supervisor also approval commandantprincipaldean appoint gec form form used formulation gec petition change gecresearch topic respectively student supervisor chair gec meeting gec meeting held least six month proceeding gec meeting recorded form distributed concerned principaldeanhod must ensure conduct gec meeting
pg_p39_71,pg,39,"if a student/supervisor fails to manage within 8 months. 8. Evaluation of the Research Thesis a. The Ph.D. thesis will be evaluated by a Thesis Evaluation Committee. The committee will comprise the GEC, and at least four external evaluators, two of whom shall be foreign renowned faculty from technologically advanced countries. b. Evaluation report by the thesis supervisor/co-supervisor, at least two local external evaluators, and two foreign evaluators have to be positive before the student can be asked to carry out the final defence. 9. Thesis Defence. On receipt of positive reports from the thesis Evaluation Committee, defence of a Ph.D. thesis will be conducted as under: a. The schedule of thesis defence of a Ph.D. student shall be announced by the institution at least 4 weeks before the defence to all NUST institutions and Main Office NUST for maximum participation. b. The Defence Committee will comprise the student's GEC and four external experts (i.e., two local and two foreign experts who were part of the Thesis Evaluation Committee). The participation of atleast one foreign expert will be mandatory through video conferencing. c. The student will provide copies of the research thesis to all the members of the Defence Committee",studentsupervisor fails manage within month evaluation research thesis phd thesis evaluated thesis evaluation committee committee comprise gec least four external evaluator two shall foreign renowned faculty technologically advanced country b evaluation report thesis supervisorcosupervisor least two local external evaluator two foreign evaluator positive student asked carry final defence thesis defence receipt positive report thesis evaluation committee defence phd thesis conducted schedule thesis defence phd student shall announced institution least week defence nust institution main office nust maximum participation b defence committee comprise student gec four external expert ie two local two foreign expert part thesis evaluation committee participation atleast one foreign expert mandatory video conferencing c student provide copy research thesis member defence committee
pg_p39_72,pg,39,at least 4 weeks before the defence date and 8 weeks in case of foreign experts. d. The student will present work to the defence committee on the given date and time. NUST Postgraduate Student Handbook 36,least week defence date week case foreign expert student present work defence committee given date time nust postgraduate student handbook
pg_p40_73,pg,40,"e. The Defence Committee will give its decision with a majority vote and intimate Main Office NUST about the decision for final notification. 5x bound copies of the thesis along with 5x soft copies on CDs will be prepared by the student. 1xcopy for the institution Library, 1x copy for the Student's Supervisor, 1x copy for Examinations Branch Main Office NUST, who will forward it for placement in NUST Central Library after the publication of gazette notification for onward submission to HEC, and 1x copy for the concerned student. f. Any plagiarism in Ph.D. research work and fake documents submitted by the student, even those submitted at the time of admission will result in the cancellation of the degree. 10. Specific Requirement/Provisions a. Co-Supervisor. In case a student requires special coaching in a particular subject for a respective research topic for which the supervisor cannot provide necessary guidance, a co-supervisor may be appointed from within institution (faculty members) or from outside universities/ institutions/ R&D organizations or relevant industry. A student can also have a Co- supervisor/GEC member from a foreign University. b. Deferment of Semester(s). A student may seek deferment from regular studies subject to the following: (1) Deferment will",e defence committee give decision majority vote intimate main office nust decision final notification bound copy thesis along soft copy cd prepared student institution library copy student supervisor copy examination branch main office nust forward placement nust central library publication gazette notification onward submission hec copy concerned student f plagiarism phd research work fake document submitted student even submitted time admission result cancellation degree specific requirementprovisions cosupervisor case student requires special coaching particular subject respective research topic supervisor provide necessary guidance cosupervisor may appointed within institution faculty member outside university institution rd organization relevant industry student also co supervisorgec member foreign university b deferment semester student may seek deferment regular study subject following deferment
pg_p40_74,pg,40,"generally be requested before the start of a semester. However, in exceptional cases, it may be requested latest by the end of2ndweek of a semester. It will be endorsed by the FBS and processed for formal approval by the Director Postgraduate Programmes. (2) During the period of deferment, the student will be allowed to repeat courses already studied on payment of a prescribed fee for the repetition of courses but not permitted to study new courses. (3) The student shall pay a 25% tuition fee to maintain his/her own registration. (4) The student has the requisite time available to complete his/her degree within the stipulated time. (5) In case a student opts to defer the first semester, s/he shall have to pay a 50% tuition fee (non-adjustable/non-refundable). c. Payment of Tuition Fee. Ph.D. students will be charged a full tuition fee for 3 academic years (6 regular semesters). Thereafter, if the student has completed respective coursework, the student will not be required to pay any tuition fee till completion of degree requirements. However, the fee during Summer Semester will be credit hours based. NUST Postgraduate Student Handbook 37",generally requested start semester however exceptional case may requested latest end semester endorsed fbs processed formal approval director postgraduate programme period deferment student allowed repeat course already studied payment prescribed fee repetition course permitted study new course student shall pay tuition fee maintain hisher registration student requisite time available complete hisher degree within stipulated time case student opts defer first semester shall pay tuition fee nonadjustablenonrefundable c payment tuition fee phd student charged full tuition fee academic year regular semester thereafter student completed respective coursework student required pay tuition fee till completion degree requirement however fee summer semester credit hour based nust postgraduate student handbook
pg_p41_75,pg,41,"d. Suspension of a Semester. A Ph.D. student may be recommended for suspension of a semester upon recommendation of FBS for the following conditions: (1) Suspension on disciplinary grounds (2) Suspension on medical grounds (3) Suspension on prolonged absence (4) Suspension on reasons beyond students' control or authorized grounds/sanctioned leave from the competent authority e. Posting Out of Supervisor. If a supervisor leaves the institution/ NUST or proceeds on long leave (i.e., leave for more than six months) then the institution must appoint a new supervisor from the institution and an outgoing supervisor may be appointed as co-supervisor if required. Institutions are to ensure all such changes before processing the leave of the concerned supervisor. In case, a faculty member wants to continue as a supervisor and proceed out of NUST (for more than06 months) the following conditions must be fulfilled: (1) The student must have published at least 1x journal paper of the required category. (2) Upon fulfilment of requirement at sub-para above, a meeting is to be conducted before processing of long leave of Ph.D. supervisor. Both supervisor and student must agree to continue their research amicably with taking the institution fully into the loop. This meeting is",suspension semester phd student may recommended suspension semester upon recommendation fbs following condition suspension disciplinary ground suspension medical ground suspension prolonged absence suspension reason beyond student control authorized groundssanctioned leave competent authority e posting supervisor supervisor leaf institution nust proceeds long leave ie leave six month institution must appoint new supervisor institution outgoing supervisor may appointed cosupervisor required institution ensure change processing leave concerned supervisor case faculty member want continue supervisor proceed nust month following condition must fulfilled student must published least journal paper required category upon fulfilment requirement subpara meeting conducted processing long leave phd supervisor supervisor student must agree continue research amicably taking institution fully loop meeting
pg_p41_76,pg,41,"to include: (a) Principal (b) Dean (c) Rep of Academics Dte (d) Supervisor (e) GEC members (f) Student (g) Co-supervisor (to be appointed from the institution) (3) The supervisor has to be preferably physically present during PPCM and thesis defence of the concerned student. (4) Co-supervisor must be appointed from the institution. 11. Evaluator Selection. For the selection of external experts, the institution concerned will forward a list of at least four foreign and four local external experts to the Academics NUST Postgraduate Student Handbook 38",include principal b dean c rep academic dte supervisor e gec member f student g cosupervisor appointed institution supervisor preferably physically present ppcm thesis defence concerned student cosupervisor must appointed institution evaluator selection selection external expert institution concerned forward list least four foreign four local external expert academic nust postgraduate student handbook
pg_p42_77,pg,42,"Directorate, from which the Ph.D. Processing Committee will select at least two foreign, and two local external experts to whom the thesis will be sent for evaluation. Research Directorate will facilitate in finding foreign experts in case of any difficulty. Furthermore, the following must be ensured before selection of Foreign/Local Evaluators:: a. PPCM for the selection of Foreign/Local evaluators for Ph.D. thesis is held at least six months before completion of maximum Ph.D. tenure. b. A student must attend 15 Ph.D. defence/International and National conferences before respective evaluators selection. A record of the same countersigned by the supervisor is to be included in the documents forwarded for evaluators' selection. c. At least one seminar (Pre-defence) shall be conducted by every Ph.D. student on their own research thesis before an audience, before evaluators’ selection and thesis defence. 12. Permission for Foreign Universities Research/Visit of Ph.D. Scholars. Ph.D. students of all institutions undertake 6 months or more research/visit at foreign universities, the following documents/information are required to be provided to Academics Dte for processing of the cases of NOC/approval by Competent Authority: a. An application from the scholar duly recommended by the student’s supervisor b. A copy of the award letter from",directorate phd processing committee select least two foreign two local external expert thesis sent evaluation research directorate facilitate finding foreign expert case difficulty furthermore following must ensured selection foreignlocal evaluator ppcm selection foreignlocal evaluator phd thesis held least six month completion maximum phd tenure b student must attend phd defenceinternational national conference respective evaluator selection record countersigned supervisor included document forwarded evaluator selection c least one seminar predefence shall conducted every phd student research thesis audience evaluator selection thesis defence permission foreign university researchvisit phd scholar phd student institution undertake month researchvisit foreign university following documentsinformation required provided academic dte processing case nocapproval competent authority application scholar duly recommended student supervisor b copy award letter
pg_p42_78,pg,42,the HEC/Sponsoring agency c. Acceptance letter from foreign University d. Up-to-date progress report of the scholar e. Qualifier exam report (Form Ph.D.-5) f. A certificate from the scholar duly countersigned by Commandant/ Principal/Dean that the scholar will not ask for any additional expenditure from NUST. NUST Postgraduate Student Handbook 39,hecsponsoring agency c acceptance letter foreign university uptodate progress report scholar e qualifier exam report form f certificate scholar duly countersigned commandant principaldean scholar ask additional expenditure nust nust postgraduate student handbook
pg_p43_79,pg,43,"CHAPTER 6: Academic Provisions & Flexibilities 1. Summer Semester & Summer Camps a. Summer Semester. Is not a regular semester. It is mainly utilized for deficiency/failure/repetition of courses. b. Conditions for Offering of Courses. The institutions offer the course(s) on students’ demand if they fulfil the following conditions: (1) To clear an 'F' grade that is not earned due to shortage of attendance (except on grounds acceptable to institution) (2) To improve the grade to clear/avoid probation (3) In circumstances where five or more students have requested for a course(s) (4) Additional course (not part of the curriculum) will be offered according to the instructions for that course c. Course Fee. Student(s) will register in a course and deposit the prescribed fee. The student can withdraw own name from the course within two weeks from the start of the semester without earning a 'W' grade. A student shall be allowed to drop a registered course latest by the 1st week of a Summer Semester. Letter grade 'W' shall appear in the transcript against the specific course and shall not be considered for computation of CGPA. After the 5th week, if the student withdraws from the course, he/she will earn an",chapter academic provision flexibility summer semester summer camp summer semester regular semester mainly utilized deficiencyfailurerepetition course b condition offering course institution offer course student demand fulfil following condition clear f grade earned due shortage attendance except ground acceptable institution improve grade clearavoid probation circumstance five student requested course additional course part curriculum offered according instruction course c course fee student register course deposit prescribed fee student withdraw name course within two week start semester without earning w grade student shall allowed drop registered course latest week summer semester letter grade w shall appear transcript specific course shall considered computation cgpa week student withdraws course heshe earn
pg_p43_80,pg,43,"'F' grade. However, once registered, the fee will not be refunded in any case. d. Maximum Credit Hours. A student can register for a maximum of two courses in a Summer Semester. However, for students who went abroad under Outbound Student Exchange Programme to attend one/two- semester(s), will be facilitated to clear their deficiencies by taking a maximum of three courses during the summer semester, and will pay the prescribed fee for the courses taken. e. Procedure for Course Registration. If a course is being offered in the parent institution the student will register by depositing the prescribed course fee. In case the course is not being offered in the parent institution and the same is being offered in any other NUST institution, the desirous students(s) shall apply through their own department to the HoD of the host institution under intimation to Academics and Registrar Dte. No approval is required from the Main Office. f. Summer Camps. NUST has been conducting several Summer Schools / Camps for national and international students. The details of Summer Camps conducted during Summer 2019 are given below: NUST Postgraduate Student Handbook 40",f grade however registered fee refunded case maximum credit hour student register maximum two course summer semester however student went abroad outbound student exchange programme attend onetwo semester facilitated clear deficiency taking maximum three course summer semester pay prescribed fee course taken e procedure course registration course offered parent institution student register depositing prescribed course fee case course offered parent institution offered nust institution desirous studentss shall apply department hod host institution intimation academic registrar dte approval required main office f summer camp nust conducting several summer school camp national international student detail summer camp conducted summer given nust postgraduate student handbook
pg_p44_81,pg,44,"(1) National Summer Camps (a) Robotics & Automation Summer Camp at CE&ME (b) Artificial Intelligence Summer Camp at SEECS (c) Science Fun Summer Camp at SCME (d) Summer Camp for Pre-university students by Student Affairs Dte (2) Belt & Road Aerospace Innovation Alliance Space Exploration Summer Camp: High-Performance Computing in Aeronautics at SINES (3) Summer Camp on Energy at USPCAS-E 2. Outbound Student Exchange. NUST has signed several Memoranda of Understanding (MoU) with International Universities across the world. These MoUs cover student exchange programmes on mutually agreed terms and conditions. NUST encourages Inbound and Outbound visiting students for a period of 3 to 12 months. Some of our institutions send students to reputed foreign universities to study for one semester. Such exposure to students is extremely useful in their academic and personality grooming. Outbound Student Exchange policy will regulate the selection of students, selection of courses, and acceptance of grades earned overseas by NUST students. Salient aspects of the policy relevant to students’ actions/information are mentioned below. However, the complete policy is available with NUST International Office (NIO). a. Eligibility Criteria (1) The selection of the candidate for exchange will be on merit based on CGPA. Relevance of the research",national summer camp robotics automation summer camp ceme b artificial intelligence summer camp seecs c science fun summer camp scme summer camp preuniversity student student affair dte belt road aerospace innovation alliance space exploration summer camp highperformance computing aeronautics sine summer camp energy uspcase outbound student exchange nust signed several memoranda understanding mou international university across world mous cover student exchange programme mutually agreed term condition nust encourages inbound outbound visiting student period month institution send student reputed foreign university study one semester exposure student extremely useful academic personality grooming outbound student exchange policy regulate selection student selection course acceptance grade earned overseas nust student salient aspect policy relevant student actionsinformation mentioned however complete policy available nust international office nio eligibility criterion selection candidate exchange merit based cgpa relevance research
pg_p44_82,pg,44,"area will also be considered. (2) The applicant must be enrolled as a full-time student at NUST. (3) The student must have completed at least one semester at NUST with a minimum CGPA of 3.0 and 3.5 for MS and Ph.D. respectively. (4) A Ph.D. student must have cleared Qualifier Examination Part B. Furthermore, he/she must have obtained satisfactory remarks from the supervisor in the latest progress report and during the last six- monthly progress review seminar. If not, then the student must resubmit the progress report and represent own research progress to the Monitoring Cell, Academics Dte. (5) At a time, a student can apply to two different exchange programmes, but within an exchange programme, can only choose one university. Specifically, for Mevlana Exchange, students can give their university NUST Postgraduate Student Handbook 41",area also considered applicant must enrolled fulltime student nust student must completed least one semester nust minimum cgpa m phd respectively phd student must cleared qualifier examination part b furthermore heshe must obtained satisfactory remark supervisor latest progress report last six monthly progress review seminar student must resubmit progress report represent research progress monitoring cell academic dte time student apply two different exchange programme within exchange programme choose one university specifically mevlana exchange student give university nust postgraduate student handbook
pg_p45_83,pg,45,"choices in order of preference. Out of their preferences, one university will be allocated based on merit. (6) If a student has already undertaken an exchange programme once in a degree programme, priority will be given to the ones who have not undertaken it already in that degree programme. (7) The applicant should have a clean record of discipline. (8) The applicant must be proficient in English to meet the language requirement of the host university. (9) The applicant must accept the terms of the exchange as agreed between NUST and the host university/institution. b. Procedure (1) Call of Nominations. Institutional Focal Persons for Internationalization (IFPI) / PG Coordinators will be the point of contact for exchange programme nominations. Students are advised to regularly check the NIO webpage for call of nominations for exchange programmes at https://nio.nust.edu.pk/mobility/exchanges/outbound/ (2) Submission of Application. The IFPI/PG Coordinators will collect all applications and forward the same to NIO for further submission to the host university for consideration. (3) All students must apply to obtain clearance (NOC/Clearance to Leave) from NUST. The institution will forward the applications to Registrar Dte (MS Section) as per the guideline laid down by the Registrar Dte (MS Section). (4)",choice order preference preference one university allocated based merit student already undertaken exchange programme degree programme priority given one undertaken already degree programme applicant clean record discipline applicant must proficient english meet language requirement host university applicant must accept term exchange agreed nust host universityinstitution b procedure call nomination institutional focal person internationalization ifpi pg coordinator point contact exchange programme nomination student advised regularly check nio webpage call nomination exchange programme httpsnionustedupkmobilityexchangesoutbound submission application ifpipg coordinator collect application forward nio submission host university consideration student must apply obtain clearance nocclearance leave nust institution forward application registrar dte m section per guideline laid registrar dte m section
pg_p45_84,pg,45,"After completion/confirmation of process, IFPI/PG Coordinator must forward details of departure and arrival of the respective students to Registrar Dte (MS Section) with info to NIO. (5) Duration of Exchange Programme. Students will be allowed to study for 1-2 semesters in a foreign university of repute. (6) Selection of Courses. The institution will keep in view the compatibility of the courses planned to be studied abroad so that their equivalence could be established for exemptions from own/missed courses. (7) Acceptance of Attended Courses NUST Postgraduate Student Handbook 42",completionconfirmation process ifpipg coordinator must forward detail departure arrival respective student registrar dte m section info nio duration exchange programme student allowed study semester foreign university repute selection course institution keep view compatibility course planned studied abroad equivalence could established exemption ownmissed course acceptance attended course nust postgraduate student handbook
pg_p46_85,pg,46,"(a) On return, the courses studied by the students at foreign universities, with compatible contents and minimum ‘C’ Grade/qualifying grade of the host university will be accepted/reckoned for transfer/inclusion in the transcripts. (b) Other qualified courses, which are not compatible with their own curriculum, may be accepted and reflected as additional courses in the transcript. (8) Deficient Courses. Students to clear deficient courses in the summer/ regular semester. (9) Post Exchange Programme Report. Exchange students will submit Post Exchange Visit Report to their respective IFPI on return. (10) Tuition Fee. The selected student will pay the tuition fee for the semester(s) attended abroad in accordance with the provision of the MoU with that university. Students who have requested deferment will pay 25% of the tuition fee as per the deferment rule given in the Statutes. 3. Student Advisory System. NUST has always endeavoured to adopt new measures and practices to help its students achieve par excellence in all domains of their lives. Student Advisory System (SAS) is a platform available to NUST students for informal interaction and guidance during their stay at NUST. It helps students to become well conversant with the NUST Academic Regulations and to overcome their personal",return course studied student foreign university compatible content minimum c gradequalifying grade host university acceptedreckoned transferinclusion transcript b qualified course compatible curriculum may accepted reflected additional course transcript deficient course student clear deficient course summer regular semester post exchange programme report exchange student submit post exchange visit report respective ifpi return tuition fee selected student pay tuition fee semester attended abroad accordance provision mou university student requested deferment pay tuition fee per deferment rule given statute student advisory system nust always endeavoured adopt new measure practice help student achieve par excellence domain life student advisory system sa platform available nust student informal interaction guidance stay nust help student become well conversant nust academic regulation overcome personal
pg_p46_86,pg,46,"and academic issues. Desirous MS students may request to the department for the provision of Student Advisor. The key benefits of SAS are: a. facilitation of students in their adjustment phase; b. imbed a system of grooming, personality development, regular advice, and guidance to the students during their course of studies; c. ensure that all students understand academic regulations/policies as vividly as possible through regular coaching; d. install and nurture an effective system for monitoring of academic progress of students and provide guidance for improvement; e. ensure regular dissemination and understanding of important information / revised policies down at the student level; f. provide an effective system for prompt detection of any signs of radicalization/extremism on the campus and handling of students' personal issues. 4. Student Counselling NUST Postgraduate Student Handbook 43",academic issue desirous m student may request department provision student advisor key benefit sa facilitation student adjustment phase b imbed system grooming personality development regular advice guidance student course study c ensure student understand academic regulationspolicies vividly possible regular coaching install nurture effective system monitoring academic progress student provide guidance improvement e ensure regular dissemination understanding important information revised policy student level f provide effective system prompt detection sign radicalizationextremism campus handling student personal issue student counselling nust postgraduate student handbook
pg_p47_87,pg,47,"a. Center for Counselling and Career Advisory (C3A) is a significant component of student services and offers confidential and professional services to all members of the NUST community. This service is FREE to all NUST community, i.e., students, staff, and faculty members. Counselling helps address short-term personal, social, familial, or academic worries to long- term often more complex psychological issues. b. NUST is the only University in Pakistan that has an autonomous unit, with a committed team of trained psychologists and counsellors. Qualified psychologists counsel, administer psychological tests and offer workshops and group sessions on pertinent issues. Self-help material is available on issues related to students' concerns on the C3A website. The Centre strives to take a holistic approach towards students' development so that they may thrive professionally and personally. c. Counselling Services. Sharing personal issues with friends and family can have biased responses as sometimes social support is not enough to deal with life challenges. Hence, there are times when it is appropriate to seek professional help. Counselling is a chance to talk over what is on one's mind with a trained professional who can assist, guide, and help address the challenging areas of life. A new perspective of",center counselling career advisory significant component student service offer confidential professional service member nust community service free nust community ie student staff faculty member counselling help address shortterm personal social familial academic worry long term often complex psychological issue b nust university pakistan autonomous unit committed team trained psychologist counsellor qualified psychologist counsel administer psychological test offer workshop group session pertinent issue selfhelp material available issue related student concern website centre strives take holistic approach towards student development may thrive professionally personally c counselling service sharing personal issue friend family biased response sometimes social support enough deal life challenge hence time appropriate seek professional help counselling chance talk one mind trained professional assist guide help address challenging area life new perspective
pg_p47_88,pg,47,handling and coping is introduced in a caring and supportive environment. Career counselling and advisory is another main feature of C3A’s services. It aims at empowering individuals in making informed decisions about their future career aspirations. C3A offers the following services: (1) Individual Counselling (2) Group Counselling (3) Career Counselling (4) Psychological Testing (as required) (5) Workshops and Trainings (6) Seminars and Lectures (7) Counselling Camps (8) Harassment Complaint Cell (9) Outreach Programs d. Some of the issues addressed at the Centre are: (1) Examination anxiety NUST Postgraduate Student Handbook 44,handling coping introduced caring supportive environment career counselling advisory another main feature service aim empowering individual making informed decision future career aspiration offer following service individual counselling group counselling career counselling psychological testing required workshop training seminar lecture counselling camp harassment complaint cell outreach program issue addressed centre examination anxiety nust postgraduate student handbook
pg_p48_89,pg,48,"(2) Lack of confidence (3) Poor class performance (4) Lack of motivation (5) Adjustment problems / Homesickness (6) Sadness and depression (7) Trauma (8) Stress management (9) Anger management (10) Career interests (11) Relationships/attachment issues (12) Student-teacher conflict (13) Procrastination (14) Internet addiction e. A counsellor at C3A is a trained professional who accepts individual differences, listens empathetically, and seeks to help individuals pursue their goals with an adaptive approach. The environment is congenial and friendly where the counsellor offers support, care and understanding and responds in a non-judgmental and non-critical way. At C3A, people are helped to explore themselves, their feelings and interests. Their values, choices, and lifestyles are respected. They are guided to make decisions, choices, or changes that would help them prosper professionally and personally. f. E-Counselling. C3A initiated an e-counselling facility via email for all the NUST students during pandemic to facilitate them during COVID-19 and lock down. Now, in an effort to enhance accessibility of the C3A services for all NUST fraternity, e-counselling is available via various online channels such as MS Teams and Google Meet only for institutes other than NUST H-12 campus. g. Confidentiality. The Centre remains committed to offering a discreet and",lack confidence poor class performance lack motivation adjustment problem homesickness sadness depression trauma stress management anger management career interest relationshipsattachment issue studentteacher conflict procrastination internet addiction e counsellor trained professional accepts individual difference listens empathetically seek help individual pursue goal adaptive approach environment congenial friendly counsellor offer support care understanding responds nonjudgmental noncritical way people helped explore feeling interest value choice lifestyle respected guided make decision choice change would help prosper professionally personally f ecounselling initiated ecounselling facility via email nust student pandemic facilitate lock effort enhance accessibility service nust fraternity ecounselling available via various online channel m team google meet institute nust campus g confidentiality centre remains committed offering discreet
pg_p48_90,pg,48,"confidential service and is always fully aware of the vulnerabilities and sensitivities of its clients. C3A abides by all personal, social, ethical, and professional norms. Counselling records do not form a part of or affect a student's academic profile in anyway. Visiting the Centre and all records are kept strictly confidential. NUST Postgraduate Student Handbook 45",confidential service always fully aware vulnerability sensitivity client abides personal social ethical professional norm counselling record form part affect student academic profile anyway visiting centre record kept strictly confidential nust postgraduate student handbook
pg_p49_91,pg,49,"h. Harassment Complaint Cell. To ensure a safe environment NUST has also established a Harassment Complaint Cell at C3A as per HEC policy. (1) If anyone feels harassed and needs to report the matter, it can be done verbally (informal complaint) or in writing (formal complaint) simply by using any one of the following available roles/ channels: (a) School authority (Principal /HoD /Dean /Student Advisor /HoD /faculty /female focal person /Director /Deputy Director. (b) Harassment Complaint Cell at C3A. i. Student Feedback. A few excerpts from the feedback given by students who benefited from C3A are listed below: (1) “I wanted to say a big thank you for everything you've done for me in our recent sessions. I was feeling very stressed and anxious before I met you, and your sessions have made a huge difference. I really appreciate how you listened to me without judging, and your advice and support have helped me understand and manage my problems better. I'm grateful for your kindness and dedication to helping people like me. If I ever need help in the future, I won't hesitate to reach out to you.” (2) “I wanted to express my sincere gratitude for the insightful psychological",h harassment complaint cell ensure safe environment nust also established harassment complaint cell per hec policy anyone feel harassed need report matter done verbally informal complaint writing formal complaint simply using one following available role channel school authority principal hod dean student advisor hod faculty female focal person director deputy director b harassment complaint cell student feedback excerpt feedback given student benefited listed wanted say big thank everything youve done recent session feeling stressed anxious met session made huge difference really appreciate listened without judging advice support helped understand manage problem better im grateful kindness dedication helping people like ever need help future wont hesitate reach wanted express sincere gratitude insightful psychological
pg_p49_92,pg,49,"sessions I have had at C3A. Your guidance has been immensely valuable, helping me gain clarity on my thoughts and providing effective tools to work on myself. The sessions have proven instrumental in fostering personal growth, and I truly appreciate your professionalism and expertise. Thank you for creating a supportive and enriching environment.” (3) “The session was held very professionally. I was actually surprised by the insight of things I gained from it. The counsellor explained the path I needed to follow to get to my destination, and I have to admit I would’ve not understood things if I hadn’t been in this session.” j. Make an Appointment Visit us at: SADA Building, Block C, Ground Floor, H-12 Campus, Islamabad Book an Appointment Qalam on: Office Timings: Mondays to Fridays - 9:00 am – 5:00 pm Call: 051-9085-1571; 051-9085-1579 Anti-Harassment 0309-8883366 Complaint Cell NUST Postgraduate Student Handbook 46",session guidance immensely valuable helping gain clarity thought providing effective tool work session proven instrumental fostering personal growth truly appreciate professionalism expertise thank creating supportive enriching environment session held professionally actually surprised insight thing gained counsellor explained path needed follow get destination admit would understood thing session j make appointment visit u sada building block c ground floor campus islamabad book appointment qalam office timing monday friday pm call antiharassment complaint cell nust postgraduate student handbook
pg_p50_93,pg,50,"Helpline: Email: c3a@nust.edu.pk Like us: https://www.facebook.com/profile.php?id=10009011204113 1&mibextid=LQQJ4d Follow us: https://www.instagram.com/c3a_nust?igsh=MWNkaHE0ZTZ mazd4Yg%3D%3D&utm_source=qr Visit us: https://c3a.nust.edu.pk/ 5. Financial Assistance a. Deferment of Tuition Fee and Award of Subsistence Allowance (1) Deferment of Tuition Fee. Students who are unable to pay the fees will be allowed deferred payment on a case-to-case basis but will be awarded degree after repayment of balance amount subsequently. Minimum 50% of fee should be paid in each semester with the remaining 50% amount to be cleared before awarding of the certificate. (2) Subsistence Allowance. To ensure equal opportunities and to attract more students from the less privileged communities, the following provisions are applicable: (a) The hostel facilities will be partially or wholly subsidized for the deserving and bright students from the less privileged communities, subject to furnishing proof of their need for this concession. (b) The student must pay back the subsistence allowance so awarded after completion of the degree. b. Forfeiture of Concession. Absence from or failure in a University examination, lack of progress and assiduity in studies, breach of discipline, or reprehensible conduct, will cause the loss of full, 75%, 50%, or 25% of tuition fee/scholarships granted to any student. The student will be asked to",helpline email like u follow u visit u financial assistance deferment tuition fee award subsistence allowance deferment tuition fee student unable pay fee allowed deferred payment casetocase basis awarded degree repayment balance amount subsequently minimum fee paid semester remaining amount cleared awarding certificate subsistence allowance ensure equal opportunity attract student less privileged community following provision applicable hostel facility partially wholly subsidized deserving bright student less privileged community subject furnishing proof need concession b student must pay back subsistence allowance awarded completion degree b forfeiture concession absence failure university examination lack progress assiduity study breach discipline reprehensible conduct cause loss full tuition feescholarships granted student student asked
pg_p50_94,pg,50,"pay the full tuition fee within the stipulated period, failing which the student’s name will be struck off the rolls of the institution. Rector, on the recommendations of the head of the institution, will decide the revised percentage of Fee concession based on the gravity of the offence/circumstance on a case-to- case basis. c. Merit-based Scholarships (1) Masters NUST Postgraduate Student Handbook 47",pay full tuition fee within stipulated period failing student name struck roll institution rector recommendation head institution decide revised percentage fee concession based gravity offencecircumstance caseto case basis c meritbased scholarship master nust postgraduate student handbook
pg_p51_95,pg,51,"(a) Merit-based Scholarships (ICT Endowment Fund). Selected students under the ICT endowment fund scholarship will be given a monthly stipend of Rs 18,000. The tuition fee of these students will be paid by the University. (b) Merit-based Scholarships (Scholarship for UG Gold Medallists). NUST UG President Gold Medallists pursuing Masters from NUST and having 1st semester GPA > 3.50 will be given 100 % tuition fee waiver for the full duration (four regular semesters) of the programme (Conditions Apply). (c) Eligibility Criteria: i. Full-time students not availing any other scholarship. ii. Students enrolled in at least 9 CHs and secured GPA of 3.50 w.e.f first semester at NUST. iii. Students with terminal degree CGPA of 3.50 and above. iv. Students who are willing to work as TA for at least 10 contact hours per week for one subject of Bachelor/ Master in case of Master/Ph.D. students respectively. (e) How to Apply. Eligible students can apply through respective institutions after the announcement of first semester results. (2) Ph.D. (a) Selected Ph.D. students under ICT Endowment Fund Scholarship will be given a monthly stipend of Rs 30,000. (b) NUST also pays the supervisor's remuneration for the awardee Ph.D. student. (c) To meet",meritbased scholarship ict endowment fund selected student ict endowment fund scholarship given monthly stipend r tuition fee student paid university b meritbased scholarship scholarship ug gold medallist nust ug president gold medallist pursuing master nust semester gpa given tuition fee waiver full duration four regular semester programme condition apply c eligibility criterion fulltime student availing scholarship ii student enrolled least chs secured gpa wef first semester nust iii student terminal degree cgpa iv student willing work ta least contact hour per week one subject bachelor master case masterphd student respectively e apply eligible student apply respective institution announcement first semester result phd selected phd student ict endowment fund scholarship given monthly stipend r b nust also pay supervisor remuneration awardee phd student c meet
pg_p51_96,pg,51,"the expenses of their research, such Ph.D. students are also granted research funds. (d) Eligibility Criteria i. Full-time students who are not availing any other scholarship. ii. Students enrolled in at least 9 CHs and secured CGPA of 3.75 w.e.f first semester at NUST. iii. Students with terminal degree CGPA of 3.50 and above. iv. Students who are willing to work as TA for at least 10 contact hours per week for one subject of Bachelors / Masters in case of Masters/Ph.D. students respectively. NUST Postgraduate Student Handbook 48",expense research phd student also granted research fund eligibility criterion fulltime student availing scholarship ii student enrolled least chs secured cgpa wef first semester nust iii student terminal degree cgpa iv student willing work ta least contact hour per week one subject bachelor master case mastersphd student respectively nust postgraduate student handbook
pg_p52_97,pg,52,"(e) How to Apply. Eligible students can apply through respective institutions after the announcement of first semester results. (3) During the research phase of Ph.D. studies at NUST, the student also gets an opportunity to benefit from collaborative/joint research training programmes with well-reputed foreign universities. (4) NUST takes care of even self-sponsored Ph.D. students. They are also paid for their supervisor's/evaluator's fee and essential research- related expenditure. (5) Master and Ph.D. students are encouraged to apply for scholarships offered by HEC. For more information, please visit URL: www.hec.gov.pk e. Need-based Scholarship. NUST Need-based Scholarship scheme enables financially under-privileged, yet talented students to acquire higher education. Salient features of the scheme are: (1) Sufficient number of scholarships/fee waivers are granted to the batches of needy entrants each year at the time of admission. Continuation/confirmation of provisional need-based scholarship awarded at the time of admission is subject to physical verification that may be carried out at any time during the students' academic life cycle; (2) the scholarship will be for the full duration (four regular semesters) of the programme to which a student is admitted; (3) students unable to apply for the scholarship at the time of admission may apply for other",e apply eligible student apply respective institution announcement first semester result research phase phd study nust student also get opportunity benefit collaborativejoint research training programme wellreputed foreign university nust take care even selfsponsored phd student also paid supervisorsevaluators fee essential research related expenditure master phd student encouraged apply scholarship offered hec information please visit url wwwhecgovpk e needbased scholarship nust needbased scholarship scheme enables financially underprivileged yet talented student acquire higher education salient feature scheme sufficient number scholarshipsfee waiver granted batch needy entrant year time admission continuationconfirmation provisional needbased scholarship awarded time admission subject physical verification may carried time student academic life cycle scholarship full duration four regular semester programme student admitted student unable apply scholarship time admission may apply
pg_p52_98,pg,52,"scholarship opportunities after admission in NUST e.g., PEEF, BEEF, SEEF, etc. Main Office will inform all institutions as and when such scholarships are available, and students will be required to submit requisite forms in their institutions to be considered for the scholarship; (4) financially under-privileged students, who are unable to pay their fee may be allowed deferred payment of tuition fee on a case-to-case basis; (5) students facing sudden/ unprecedented changes in financial profile after admission in exceptional cases may apply for a need-based scholarship through their respective institutions. f. Engagement of Ph.D. Students on Temporary Academic and Administrative Positions in NUST. Full-time Ph.D. students are eligible for temporary engagement as Temporary Visiting Faculty, Lab Engineer, Tutor, Teaching Assistant and Administrative Assistant. Engagement will be on semester NUST Postgraduate Student Handbook 49",scholarship opportunity admission nust eg peef beef seef etc main office inform institution scholarship available student required submit requisite form institution considered scholarship financially underprivileged student unable pay fee may allowed deferred payment tuition fee casetocase basis student facing sudden unprecedented change financial profile admission exceptional case may apply needbased scholarship respective institution f engagement phd student temporary academic administrative position nust fulltime phd student eligible temporary engagement temporary visiting faculty lab engineer tutor teaching assistant administrative assistant engagement semester nust postgraduate student handbook
pg_p53_99,pg,53,"basis, with adequate remuneration against each appointment to be paid on monthly basis (applicable to Ph.D. intake for Fall 2022 entry and onwards). g. Other Opportunities. Following financial assistance opportunities are also available: (1) Punjab Educational Endowment Fund (PEEF) scholarship (2) Tuition Fee Reimbursement Scheme for Ph.D. Students of developing areas of Pakistan, AJK, and Gilgit Baltistan under “Prime Minister’s Fee Reimbursement Scheme” (3) Students may also apply on their own for any other scholarship, such as those offered by: (a) Higher Education Commission (HEC) (b) Lady Viqar-un-Nisa and Feroz Khan Noon Trust for Education (c) Pakistan Scottish Scholarship Scheme (PS3) through British Council (d) Provincial Government Endowment Fund Schemes, etc. (4) Scholarship provisions for postgraduate studies for candidates from FATA and Balochistan are also available through HEC for which they may apply directly to HEC. (5) Further details are also available with Scholarship Section, Postgraduate Programmes Directorate, and on URL: www.nust.edu.pk. Note: The award of scholarship is subject to availability of funds, satisfactory performance, and good conduct of the student. h. Fee/Charges (1) Students shall pay fees/charges as per laid down rates/policy. The fee structures of Engineering/IT/Natural Sciences (Maths), Biosciences, Business Studies & Economics are given at Annex C.",basis adequate remuneration appointment paid monthly basis applicable phd intake fall entry onwards g opportunity following financial assistance opportunity also available punjab educational endowment fund peef scholarship tuition fee reimbursement scheme phd student developing area pakistan ajk gilgit baltistan prime minister fee reimbursement scheme student may also apply scholarship offered higher education commission hec b lady viqarunnisa feroz khan noon trust education c pakistan scottish scholarship scheme british council provincial government endowment fund scheme etc scholarship provision postgraduate study candidate fata balochistan also available hec may apply directly hec detail also available scholarship section postgraduate programme directorate url wwwnustedupk note award scholarship subject availability fund satisfactory performance good conduct student h feecharges student shall pay feescharges per laid ratespolicy fee structure engineeringitnatural science math bioscience business study economics given annex c
pg_p53_100,pg,53,(2) University Refund Policy. The policy regarding refund of tuition fees is given below: (a) Admission Processing Fee is not refundable under any circumstances. (b) University will not accept any claim of refund after 3 years of the completion of degree/withdrawal from the university and NUST Postgraduate Student Handbook 50,university refund policy policy regarding refund tuition fee given admission processing fee refundable circumstance b university accept claim refund year completion degreewithdrawal university nust postgraduate student handbook
pg_p54_101,pg,54,"the amount of security will be transferred to the NUST Endowment Fund. Timeline for Semester % age of Tuition Fee System Full (100%) of Tuition Fee Apply upto the 7th day of Refund convening of classes Half (50%) of Tuition Fee From 8th - 15th day of Refund convening of classes No Fee (0%) Refund From the 16th day of classes (3) Tuition Fee Payment (a) The fee must be paid in full including any outstanding dues, on receipt of fee invoice on Qalam, and informed through email/SMS message. (b) International students are charged in advance on an annual basis. (c) The invoices shall be issued 15 days before the closure of the running semester (running semester is Summer semester for Fall semester and Fall semester for Spring semester). (d) For the summer semester, a fee bill will be issued in the third week of the semester. (e) The total time available is 15 days plus semester break and the first two weeks of the start of the semester from the date of issue. (f) All students must pay their fees/dues by the due date. (g) If any student is unable to pay the fee/dues by the due date due",amount security transferred nust endowment fund timeline semester age tuition fee system full tuition fee apply upto day refund convening class half tuition fee day refund convening class fee refund day class tuition fee payment fee must paid full including outstanding due receipt fee invoice qalam informed emailsms message b international student charged advance annual basis c invoice shall issued day closure running semester running semester summer semester fall semester fall semester spring semester summer semester fee bill issued third week semester e total time available day plus semester break first two week start semester date issue f student must pay feesdues due date g student unable pay feedues due date due
pg_p54_102,pg,54,"to financial challenges, he/she must seek other options of paying in instalments/fee deferment up to 50%,etc, through the institute (h) Students will only be allowed to register for the semester after the deposit of university dues. (4) Rectification of Anomalies. Students’ issues, if any, will be reported to the account officer for rectification/removal of errors from Fin Dte. After correction revised fee invoice will be issued by Fin Dte on Qalam. (5) Payment in Instalments. In case of any financial difficulties, students can approach the school/college accounts branch for submitting the NUST Postgraduate Student Handbook 51",financial challenge heshe must seek option paying instalmentsfee deferment institute h student allowed register semester deposit university due rectification anomaly student issue reported account officer rectificationremoval error fin dte correction revised fee invoice issued fin dte qalam payment instalment case financial difficulty student approach schoolcollege account branch submitting nust postgraduate student handbook
pg_p55_103,pg,55,"application to Fin Dte/fee section Main Office for paying the fee in instalments. A payment schedule that is satisfactory to the University, when agreed, shall be honoured by the student. (6) Failure to Pay by the due date (a) 2% on the total payable amount will be imposed if dues are deposited after 15 days of issuance of fee invoices till extended time expires by the end of 2nd week of the semester including semester break. (b) A sanction will be placed on students who fail to deposit the fee by the end of extended time by not allowing them to register for the semester or withholding academic activities in case of PG students by the concerned institute. (c) Sanctions placed on the students, who fail to deposit the dues are as under: i. The student will be marked as “Present” in class from the day of deposit of dues. ii. Days before the deposit day from the start of the semester will be marked as “Absent”. (d) No student would be allowed to register for the semester after the expiry of extended time, i.e., by the end of 2ndweek of the semester with semester status as suspended. (e) In",application fin dtefee section main office paying fee instalment payment schedule satisfactory university agreed shall honoured student failure pay due date total payable amount imposed due deposited day issuance fee invoice till extended time expires end week semester including semester break b sanction placed student fail deposit fee end extended time allowing register semester withholding academic activity case pg student concerned institute c sanction placed student fail deposit due student marked present class day deposit due ii day deposit day start semester marked absent student would allowed register semester expiry extended time ie end semester semester status suspended e
pg_p55_104,pg,55,"case a PG Student (MS or Ph.D.) is in research phase and has not yet deposited the outstanding dues then his/her remaining academic activities (e.g., qualifier, thesis defence, etc) will be withheld until clearance of outstanding dues. (f) It will be mandatory for PG (MS/Ph.D.) students to clear the outstanding university dues before holding the final thesis defence. (g) Final result notification of PG (MS/Ph.D.) will be withheld till clearance of outstanding dues. (h) In the case of the summer semester, the following will be ensured: i. If a student quits within the first two weeks, a fee will be charged with no W grade and will be considered outstanding against the student in case of non-deposit. NUST Postgraduate Student Handbook 52",case pg student m phd research phase yet deposited outstanding due hisher remaining academic activity eg qualifier thesis defence etc withheld clearance outstanding due f mandatory pg msphd student clear outstanding university due holding final thesis defence g final result notification pg msphd withheld till clearance outstanding due h case summer semester following ensured student quits within first two week fee charged w grade considered outstanding student case nondeposit nust postgraduate student handbook
pg_p56_105,pg,56,"ii. In case a student does not deposit the fee by the due date after the 2ndweek, he/she will be de-registered with W grades along with the outstanding fee. (i) Any student who fails to pay their hostel dues, within two weeks from the start of semester will not be enrolled in the semester. However, if a student fails to clear monthly hostel dues by due date, then hostel authorities to take action against him/her as per hostel laws. (j) If a student applies for an installment payment plan and fails to make subsequent payments before the mid-exams, he/she will be temporarily suspended. However, if the student has only one installment left, which is due near the date of the final exam, he/she will be allowed to appear in the exam. However, he/she will not be registered in subsequent semester and in case of 8th Semester (passing out student), his result, certificates, transcript, and degree will be withheld, till the clearance of all university dues. 6. NUST Redressal Policy for the Students with Different Abilities a. NUST aims to promote a fair environment for all students and is committed to removing barriers and providing access to students who have any",ii case student deposit fee due date heshe deregistered w grade along outstanding fee student fails pay hostel due within two week start semester enrolled semester however student fails clear monthly hostel due due date hostel authority take action himher per hostel law j student applies installment payment plan fails make subsequent payment midexams heshe temporarily suspended however student one installment left due near date final exam heshe allowed appear exam however heshe registered subsequent semester case semester passing student result certificate transcript degree withheld till clearance university due nust redressal policy student different ability nust aim promote fair environment student committed removing barrier providing access student
pg_p56_106,pg,56,"special needs due to their different abilities. Two committees have been constituted; the central committee under the leadership of the Registrar and the other at the school level, headed by the Dean/Principal of the school. The central committee would look at the provision of support and assessment at the time of the admission in NUST and later on the committee at school would ensure support in matters regarding curriculum, examination, and other relevant aspects to the students with any different ability. Central Committee comprises of following members: (1) Registrar - Chairman (2) Rep Administration Directorate - Member (3) Rep Admissions Directorate - “ (4) Rep Finance Directorate - “ (5) Rep SA Directorate - “ (6) Rep UG Section - “ (7) Rep PG Section - “ (8) Rep Medical Centre - “ (9) Rep ICT Directorate - “ NUST Postgraduate Student Handbook 53",special need due different ability two committee constituted central committee leadership registrar school level headed deanprincipal school central committee would look provision support assessment time admission nust later committee school would ensure support matter regarding curriculum examination relevant aspect student different ability central committee comprises following member registrar chairman rep administration directorate member rep admission directorate rep finance directorate rep sa directorate rep ug section rep pg section rep medical centre rep ict directorate nust postgraduate student handbook
pg_p57_107,pg,57,"b. Following measures are undertaken to ensure an equal playing field for students with different abilities: (1) Online registration of admission includes one question to state the different abilities with reassurance that disclosure would not impact their chances of getting admission. This would help facilitate the student based on their needs. (2) The tutor at the respective schools will be the focal point for the student and would facilitate the student in both academic and co- curricular activities. (3) The school will be responsible for facilitating students with different abilities in teaching and examination (e.g., priority seating in the classroom, recording the lecture, substituting assignment, and assistance of writer in the exam). (4) Entrepreneurship training would be ensured for the self-employment of students with different abilities. (5) Priority counselling services at C3Awould be ensured for both students with temporary or long-standing psychological and physical different abilities. (6) Provision of emergency medical services to facilitate such occurrence within the campus. c. Contact details of Disability Coordinators: Ser. Name Mobile No Email (1) Dr Ehsan Ul Hasan 0332-5200781 Ehsanul.hasan@seecs.edu.pk (2) Dr Khurram Yousuf 0342-4000972 kyousaf@asab.nust.edu.pk (3) Ms Ayesha Mushtaq 0323-5380900 ddstudentaffairs@nust.edu.pk 7. Other Academic Provisions a. Flexibility to Select the Research Supervisor.",b following measure undertaken ensure equal playing field student different ability online registration admission includes one question state different ability reassurance disclosure would impact chance getting admission would help facilitate student based need tutor respective school focal point student would facilitate student academic co curricular activity school responsible facilitating student different ability teaching examination eg priority seating classroom recording lecture substituting assignment assistance writer exam entrepreneurship training would ensured selfemployment student different ability priority counselling service ensured student temporary longstanding psychological physical different ability provision emergency medical service facilitate occurrence within campus c contact detail disability coordinator ser name mobile email dr ehsan ul hasan ehsanulhasanseecsedupk dr khurram yousuf kyousafasabnustedupk m ayesha mushtaq ddstudentaffairsnustedupk academic provision flexibility select research supervisor
pg_p57_108,pg,57,"All MS and Ph.D. students are allowed to select their thesis supervisor from parent school (in which student is enrolled) or any other NUST institution (called as Host School), after the approval of HoD and Head of the parent school. b. Registration of number of CHs per Semester. NUST offers flexibility to the students to register for a varied number of courses each regular semester from a minimum of 6 to a maximum of 12 CHs. For Summer Semester, a maximum of two courses (three courses in exceptional circumstances) are allowed for the clearance of F grade or improvement of grades only. NUST Postgraduate Student Handbook 54",m phd student allowed select thesis supervisor parent school student enrolled nust institution called host school approval hod head parent school b registration number chs per semester nust offer flexibility student register varied number course regular semester minimum maximum chs summer semester maximum two course three course exceptional circumstance allowed clearance f grade improvement grade nust postgraduate student handbook
pg_p58_109,pg,58,"c. Freezing / Deferment of a semester. Refer to Para 9 to Chapter 3, Para 11 to Chapter 4, Para 10 b to Chapter 5 for details. d. Additional Courses. A student may register for Additional Courses of interest subject to a maximum limit per semester. Such courses will be reflected in the transcript as Additional Courses and their grades will not be counted towards the calculation of CGPA. e. Language Courses. A student may take language courses (French, German, Spanish& Chinese) being offered every semester as Additional Courses. NUST Postgraduate Student Handbook 55",c freezing deferment semester refer para chapter para chapter para b chapter detail additional course student may register additional course interest subject maximum limit per semester course reflected transcript additional course grade counted towards calculation cgpa e language course student may take language course french german spanish chinese offered every semester additional course nust postgraduate student handbook
pg_p59_110,pg,59,"CHAPTER 7: Clubs & Societies 1. Concept. Clubs and Societies forum is provided to students for grooming in leadership traits as per their peculiar aptitude and potential. It enhances their organizational abilities, inculcates team work, congruence and promotes diversity. They are expected to plan and execute their club activities as they perceive in consultation with the club members and Faculty Sponsors under the overall supervision of the Student Affairs Directorate (SA Dte) and through the administrative control of various NUST institutions. 2. Vision. Strive to be creative with maximum student participation, purposeful fun activities, that help the student’s learning process and augment their personality development as future leaders. 3. Administration of Clubs / Societies. Existing Clubs and Societies are allocated to institutions as under: a. NUST Bazm-e- Pakistan (NBP) SCEE b. NUST Adventure Club (NAC) “ c. NUST Environment Club (NEC) “ d. NUST Technical Amusement Club (NTAC) “ e. NUST Science Society (NSS) SCME f. NUST Literary Circle (NLC) “ g. NUST Digital Club (NDC) “ h. NUST Book Club (NBC) “ i. NUST Materials Society (NMS) “ j. American Institute of Chemical Engineers (AIChE) “ k. NUST Community Service Club (NCSC) SMM E l. NUST Paragliding Club (NPC)",chapter club society concept club society forum provided student grooming leadership trait per peculiar aptitude potential enhances organizational ability inculcates team work congruence promotes diversity expected plan execute club activity perceive consultation club member faculty sponsor overall supervision student affair directorate sa dte administrative control various nust institution vision strive creative maximum student participation purposeful fun activity help student learning process augment personality development future leader administration club society existing club society allocated institution nust bazme pakistan nbp scee b nust adventure club nac c nust environment club nec nust technical amusement club ntac e nust science society nss scme f nust literary circle nlc g nust digital club ndc h nust book club nbc nust material society nm j american institute chemical engineer aiche k nust community service club ncsc smm e l nust paragliding club npc
pg_p59_111,pg,59,“ m. NUST Robotics Club (NRC) “ n. NUST IMechE “ o. NUST Character Building Society “ p. American Society of Mechanical Engineering (ASME) “ q. NUST ASHRAE “ r. NUST Chess Club (NCC) SNS s. NUST Trekking Club (NKC) “ t. Physics and Astronomy Club (PAC) “ u. NUST Debating Society (NDS) NBS v. NUST Leaders Society (NLS) “ NUST Postgraduate Student Handbook 56,nust robotics club nrc n nust imeche nust character building society p american society mechanical engineering asme q nust ashrae r nust chess club ncc sn nust trekking club nkc physic astronomy club pac u nust debating society nd nb v nust leader society nls nust postgraduate student handbook
pg_p60_112,pg,60,w. NUST Water Sports Club (NWSC) “ x. NUST Media Club (NMC) S3H y. NUST Music Club (NMC) “ z. NUST Economics Society (NES) “ aa. NUST Social Innovation Society (NSIS) “ bb. NUST Law Society “ cc. NUST Ni Hao Club “ dd. NUST Dramatic Club (NDC) “ ee. NUST Fine Arts Club (NFAC) SADA ff. NUST Stray Animal Club “ gg. NUST Bio Reach Society (NBS) ASAB hh. NUST Archery Club (NAC) “ ii. NUST Skill Development Club (NSDC) “ jj. NUST Entrepreneurs Club (NEC) SEECS kk. NUST Excursion Club (NEC) “ ll. NUST Fitness Club (NFS) “ mm. NUST Hack Club “ nn. NUST IEEE Club “ oo. NUST Quiz Club (NQC) SINES 3. All Clubs shall adhere to the following approved appointments: a. Faculty Sponsor b. President c. General Secretary d. Press Secretary e. Treasurer 4. Half the Office Bearers have to be from institutions other than the sponsor institution. The appointments are for one academic year. 5. Route for event approval is Faculty Sponsor → Principal → Director SA → Pro-Rector Academics. 6. Club Sponsors prepare an annual calendar of activities as per mandate of the club including at least one major event. 7. In,w nust water sport club nwsc x nust medium club nmc nust music club nmc z nust economics society ne aa nust social innovation society nsis bb nust law society cc nust ni hao club dd nust dramatic club ndc ee nust fine art club nfac sada ff nust stray animal club gg nust bio reach society nb asab hh nust archery club nac ii nust skill development club nsdc jj nust entrepreneur club nec seecs kk nust excursion club nec nust fitness club nfs mm nust hack club nn nust ieee club oo nust quiz club nqc sine club shall adhere following approved appointment faculty sponsor b president c general secretary press secretary e treasurer half office bearer institution sponsor institution appointment one academic year route event approval faculty sponsor principal director sa prorector academic club sponsor prepare annual calendar activity per mandate club including least one major event
pg_p60_113,pg,60,"case of a change of the Faculty Sponsor or Student Office Bearers, the relevant institution will update/inform SA Dte immediately. NUST Postgraduate Student Handbook 57",case change faculty sponsor student office bearer relevant institution updateinform sa dte immediately nust postgraduate student handbook
pg_p61_114,pg,61,NUST Postgraduate Student Handbook 58,nust postgraduate student handbook
pg_p62_115,pg,62,"CHAPTER 8: Services for International Students 1. Visa Regulations: Students shall be responsible to obtain and maintain a valid visa for the duration of their studies. This includes ensuring that the visa is obtained in a timely manner, abiding by the conditions of the visa, and renewing or extending the visa as necessary to remain in legal status. However, NIO may provide support and guidance to students regarding visa application procedures and requirements. International students can apply visa using the following Ministry of Interior’s Online Visa System at https://visa.nadra.gov.pk/student-visa/. 2. Out-Pass Permission for Foreign Hostelites: Foreign Hostelites need to obtain a formal permission “Out-Pass” from Adm Dte Hostel Branch to go out of campus. Obtaining permission “Out-pass” is implemented for safeguarding the well-being of our students. By maintaining their information on record, university can promptly address any unforeseen situations. The Student can use the link (https://forms.gle/BHH5KrWsAqrVnKQ8A) to generate Out-pass permission request. Student will require e-mail addresses of their Head of Dept & Principal to submit the online request. 3. Mobile SIM Card: SIM cards of any local service provider (Jazz, Ufone, Zong & Telenor etc.) can be bought from any service provider or their franchise in nearby local market. Students",chapter service international student visa regulation student shall responsible obtain maintain valid visa duration study includes ensuring visa obtained timely manner abiding condition visa renewing extending visa necessary remain legal status however nio may provide support guidance student regarding visa application procedure requirement international student apply visa using following ministry interior online visa system httpsvisanadragovpkstudentvisa outpass permission foreign hostelites foreign hostelites need obtain formal permission outpass adm dte hostel branch go campus obtaining permission outpass implemented safeguarding wellbeing student maintaining information record university promptly address unforeseen situation student use link generate outpass permission request student require email address head dept principal submit online request mobile sim card sim card local service provider jazz ufone zong telenor etc bought service provider franchise nearby local market student
pg_p62_116,pg,62,"will require passport as proof of ID and copy of visa to purchase a sim card. 4. Phone Device Registration: If you use a foreign mobile phone with a Pakistani SIM card, it will work for 120 days. Within that time, you must pay a tax and register it, or it will be cut off. Once your phone is blocked, you will only be able to access emergency numbers. The applicant must apply for ‘temporary registration’ by entering their credentials and device IMEIs via PTA’s Device Identification Registration and Blocking System (DIRBS) at https://dirbs.pta.gov.pk/. If you wish to continue using your foreign phone in Pakistan after the expiry of 120-day period, you must pay applicable mobile phone taxes and register your foreign mobile phone in DIRBS. 5. Opening a Bank Account: On-campus branches of two banks (Habib Bank Limited & Askari Commercial Bank) are available for students to open their bank accounts. To initiate the process, students may visit the on-campus branches and provide the following documents: a. NUST Admission Letter b. HEC scholarship letter (if applicable) c. Visa and Passport copies d. NIO Bank Opening Letter (if required) 6. Medical Service: NUST Medical Centre (NMC) is an on-campus healthcare",require passport proof id copy visa purchase sim card phone device registration use foreign mobile phone pakistani sim card work day within time must pay tax register cut phone blocked able access emergency number applicant must apply temporary registration entering credential device imeis via pta device identification registration blocking system dirbs httpsdirbsptagovpk wish continue using foreign phone pakistan expiry period must pay applicable mobile phone tax register foreign mobile phone dirbs opening bank account oncampus branch two bank habib bank limited askari commercial bank available student open bank account initiate process student may visit oncampus branch provide following document nust admission letter b hec scholarship letter applicable c visa passport copy nio bank opening letter required medical service nust medical centre nmc oncampus healthcare
pg_p62_117,pg,62,"facility that offers round-the-clock medical care to all students. The medical staff is trained and equipped to handle routine and emergency situations. Students can access NMC anytime or contact their helpline for assistance (051-90851666). Additionally, an ambulance service is NUST Postgraduate Student Handbook 59",facility offer roundtheclock medical care student medical staff trained equipped handle routine emergency situation student access nmc anytime contact helpline assistance additionally ambulance service nust postgraduate student handbook
pg_p63_118,pg,63,"available at all times to respond to emergencies swiftly. Upon visiting NMC, students receive outpatient medical care, and if necessary, arrangements can be made for referral to affiliated hospitals for further treatment. It is recommended that students consult with NMC before seeking private medical treatment. 7. Support Services for International Students: NUST International Office plays a pivotal role in ensuring a comprehensive support system for international students at NUST. Beyond administrative functions such as guiding students through joining processes, this office serves as a central hub for academic integration, cultural adaptation, and overall well- being of international students. Moreover, NIO acts as a liaison between international students and various university departments, helping them navigate through administrative procedures and facilitating access to essential services. More information on NIO is available at https://nio.nust.edu.pk/. 8. Maintaining Contact with Embassy: It is crucial for international students to maintain contact with their embassy for various reasons. Firstly, embassies serve as a vital support system for citizens studying abroad, offering assistance with legal matters, consular services, and emergencies. They provide valuable resources and guidance on visa regulations, immigration issues, and cultural adaptation. Additionally, embassies can offer consular protection in case of emergencies, such as natural disasters",available time respond emergency swiftly upon visiting nmc student receive outpatient medical care necessary arrangement made referral affiliated hospital treatment recommended student consult nmc seeking private medical treatment support service international student nust international office play pivotal role ensuring comprehensive support system international student nust beyond administrative function guiding student joining process office serf central hub academic integration cultural adaptation overall well international student moreover nio act liaison international student various university department helping navigate administrative procedure facilitating access essential service information nio available httpsnionustedupk maintaining contact embassy crucial international student maintain contact embassy various reason firstly embassy serve vital support system citizen studying abroad offering assistance legal matter consular service emergency provide valuable resource guidance visa regulation immigration issue cultural adaptation additionally embassy offer consular protection case emergency natural disaster
pg_p63_119,pg,63,"or political unrest. By staying in touch with their embassy, international students can access essential services, stay informed about their rights and responsibilities, and receive assistance when needed, ensuring a safer and more secure experience while studying in a foreign country. 9. Mailing Address & Social Media Accounts of NUST International Office Mailing Address: 2nd Floor, Central Library, National University of Sciences and Technology (NUST) H-12, Islamabad, Pakistan Web Address: https://nio.nust.edu.pk/ Social Media Accounts: https://www.facebook.com/profile.php?id=100088816585982 https://www.linkedin.com/company/nust-international-office/ https://www.instagram.com/nustinternationaloffice/ NUST Postgraduate Student Handbook 60",political unrest staying touch embassy international student access essential service stay informed right responsibility receive assistance needed ensuring safer secure experience studying foreign country mailing address social medium account nust international office mailing address floor central library national university science technology nust islamabad pakistan web address httpsnionustedupk social medium account httpswwwlinkedincomcompanynustinternationaloffice httpswwwinstagramcomnustinternationaloffice nust postgraduate student handbook
pg_p64_120,pg,64,"CHAPTER 9: NUST Social Media Accounts & IT Services 1. NUST Main Web Portal. NUST main web portal includes all information regarding the University that a student may require at any stage starting from the admission process till the very end of degree and convocation. NUST main web portal is continuously updated with comprehensive information especially information regarding news and notifications and student achievements, etc. The portal can be accessed at www.nust.edu.pk. 2. NUST Social Media Accounts. Social media has become a global information network that undoubtedly has many benefits. When searching for a college or a university, students want a world-class programme, facilities, and faculty, but in parallel, they are also looking for a place to fit in and call home. NUST's social media profiles started working actively in 2015. We are using social media to share the NUST culture with prospective students and their parents. NUST's official social media profiles and pages are meant to answer students' questions, listen to their opinions, and take action so that they understand that they are being heard. Moreover, students can now connect with a school's campus life 24/7 through the power of social media. Our social media team has a strict",chapter nust social medium account service nust main web portal nust main web portal includes information regarding university student may require stage starting admission process till end degree convocation nust main web portal continuously updated comprehensive information especially information regarding news notification student achievement etc portal accessed wwwnustedupk nust social medium account social medium become global information network undoubtedly many benefit searching college university student want worldclass programme facility faculty parallel also looking place fit call home nusts social medium profile started working actively using social medium share nust culture prospective student parent nusts official social medium profile page meant answer student question listen opinion take action understand heard moreover student connect school campus life power social medium social medium team strict
pg_p64_121,pg,64,"policy regarding the nature of information and content dispersed to the students. All information shared with us is filtered out and shared as per policy. Links to social media pages are given below: Facebook: https://www.facebook.com/NUSTOfficial/ Twitter: https://twitter.com/DefiningFutures Linkedln (School Page): https://www.linkedin.com/school/15098495/ Linkedln (Company Page): https://www.linkedin.com/school/551751/ Instagram: https://www.instagram.com/nustgram/?hl=en 3. Qalam. NUST has implemented On-Demand Open Object (ODOO) based system, i.e., Qalam, to automate student life cycle processes from student admission till graduation. Qalam can be accessed by faculty and students on campus and off-campus through URL https://qalam.nust.edu.pk. The following are the modules of Qalam: a. Student admission b. Student Financials c. Financial Aid d. Course Catalogue& Scheduling e. Student Courses Enrolment f. Attendance Management g. Grade book h. Research Thesis Tracking & Management i. Self Service (Student & Faculty) j. Transcript Generation k. Alumni NUST Postgraduate Student Handbook 61",policy regarding nature information content dispersed student information shared u filtered shared per policy link social medium page given facebook httpswwwfacebookcomnustofficial twitter httpstwittercomdefiningfutures linkedln school page linkedln company page instagram httpswwwinstagramcomnustgramhlen qalam nust implemented ondemand open object odoo based system ie qalam automate student life cycle process student admission till graduation qalam accessed faculty student campus offcampus url httpsqalamnustedupk following module qalam student admission b student financials c financial aid course catalogue scheduling e student course enrolment f attendance management g grade book h research thesis tracking management self service student faculty j transcript generation k alumnus nust postgraduate student handbook
pg_p65_122,pg,65,"4. Services Feedback Forms Links. Students can give their feedback through Qalam regarding hostel services, healthcare services, cafeteria services, and ICT. 5. Learning Management System (LMS). LMS is a core digital solution for digital academic interaction between students and faculty members. Specifically, it is a course content management system that efficiently manages course activities such as course outlines, lecture notes, presentations, lab manuals, videos, reference books, and articles. It is also capable of supporting online assignments, quizzes, and exams. Moreover, it provides the facility for quick feedback about any topic or lecture. Other notable features are online messages, discussion forums, collaborative studies, general surveys, wikis, project repositories, glossaries, personal files, etc. NUST Postgraduate Student Handbook 62",service feedback form link student give feedback qalam regarding hostel service healthcare service cafeteria service ict learning management system lm lm core digital solution digital academic interaction student faculty member specifically course content management system efficiently manages course activity course outline lecture note presentation lab manual video reference book article also capable supporting online assignment quiz exam moreover provides facility quick feedback topic lecture notable feature online message discussion forum collaborative study general survey wikis project repository glossary personal file etc nust postgraduate student handbook
pg_p66_123,pg,66,"CHAPTER 10: NUST Code of Conduct General 1. NUST is a leading research-intensive university in Pakistan comparable to the top universities of the world. The university is committed to its mission of graduating culturally enlightened, technologically knowledgeable, academically competent, and research- oriented productive citizens, groomed to lead, inspire, and serve humanity. The University is wholeheartedly pursuing her sublime trust and responsibility with all its resources. 2. NUST community comprises a diverse populace of students in pursuit of academic excellence. It strives to refine the ability of students to reason and to communicate freely and clearly on their way to becoming responsible, morally sound, moderate, and well- rounded citizens of a diverse world. The University expects these attributes to be reflected in the students' everyday behaviour, attitude, and attire. 3. In the University's view, the prescribed sets of regulations, guidelines, and safeguards described in this chapter are necessary to create and sustain an academic environment in sync with the teaching, learning, and developmental endeavours of the university community. 4. Definition of Terms a. 'Complainant' means a person who makes a complaint or reports a violation of the University Code of Conduct or University regulations and policies. b. 'Intentional' means deliberate. c.",chapter nust code conduct general nust leading researchintensive university pakistan comparable top university world university committed mission graduating culturally enlightened technologically knowledgeable academically competent research oriented productive citizen groomed lead inspire serve humanity university wholeheartedly pursuing sublime trust responsibility resource nust community comprises diverse populace student pursuit academic excellence strives refine ability student reason communicate freely clearly way becoming responsible morally sound moderate well rounded citizen diverse world university expects attribute reflected student everyday behaviour attitude attire university view prescribed set regulation guideline safeguard described chapter necessary create sustain academic environment sync teaching learning developmental endeavour university community definition term complainant mean person make complaint report violation university code conduct university regulation policy b intentional mean deliberate c
pg_p66_124,pg,66,"'Respondent' means a person who has been accused of violating the University Code of Conduct. d. 'Student' means any currently enrolled person for whom the institution maintains educational records, as defined by the University regulations. e. 'Reckless' means careless or heedless of the potentially harmful consequences of one's behaviour, where the risk of harm to persons, property, or normal University operations exists or can be reasonably foreseen. f. 'University Official' is a person employed by the University on an administrative, supervisory, academic, research, or support staff position. 5. Academic Dishonesty. Academic dishonesty is an act of fraud, which may include misrepresentation, deceit, falsification, or trickery of any kind committed by the student with the purpose, intent, or expectation of influencing a grade or other academic evaluation. Academic dishonesty also includes forgery and falsification of University academic documents, intentionally impeding or damaging the academic work of others, or assisting other students in acts of dishonesty. Common examples of academically dishonest behaviour include, but are not limited, to the following: NUST Postgraduate Student Handbook 63",respondent mean person accused violating university code conduct student mean currently enrolled person institution maintains educational record defined university regulation e reckless mean careless heedless potentially harmful consequence one behaviour risk harm person property normal university operation exists reasonably foreseen f university official person employed university administrative supervisory academic research support staff position academic dishonesty academic dishonesty act fraud may include misrepresentation deceit falsification trickery kind committed student purpose intent expectation influencing grade academic evaluation academic dishonesty also includes forgery falsification university academic document intentionally impeding damaging academic work others assisting student act dishonesty common example academically dishonest behaviour include limited following nust postgraduate student handbook
pg_p67_125,pg,67,"a. Cheating. Intentionally using or attempting to use unauthorized materials, information, or study aids in any academic exercise; copying from another student's examination; submitting work prepared in advance for an in-class examination; taking an examination for another person or conspiring to do so. b. Fabrication. Intentional and unauthorized falsification or intervention of any information or citation in an academic exercise. c. Facilitating Academic Dishonesty. Intentionally or knowingly helping or attempting to help another to commit an act of academic dishonesty. d. Plagiarism. Intentionally or knowingly representing the words or ideas of another as one's own in any academic exercise; failure to attribute direct quotation, paraphrase, or borrowed facts or information. e. Unauthorized Collaboration. Providing, either knowingly or through negligence, one's own work to assist a student in satisfying a course requirement, or representing material prepared by or with another as one's own independent work. In instances where students are permitted to work jointly to complete an assignment, teachers will offer clear guidelines about when and how to collaborate; if a student is unsure, it is the responsibility of the student to ask the faculty member. 6. Unfair Means. Use of unfair means generally covers the following: a. An attempt to",cheating intentionally using attempting use unauthorized material information study aid academic exercise copying another student examination submitting work prepared advance inclass examination taking examination another person conspiring b fabrication intentional unauthorized falsification intervention information citation academic exercise c facilitating academic dishonesty intentionally knowingly helping attempting help another commit act academic dishonesty plagiarism intentionally knowingly representing word idea another one academic exercise failure attribute direct quotation paraphrase borrowed fact information e unauthorized collaboration providing either knowingly negligence one work assist student satisfying course requirement representing material prepared another one independent work instance student permitted work jointly complete assignment teacher offer clear guideline collaborate student unsure responsibility student ask faculty member unfair mean use unfair mean generally cover following attempt
pg_p67_126,pg,67,"have access to the question paper before the test/examination. b. Use/possession of unauthorized reference material during a test/examination. c. Any form of communication by the student with anyone in or outside the test/examination venue while the test/examination is in progress. d. Unauthorized entry into faculty's office or that of staff with the intention of accessing to or tampering with the official record/examination paper etc. 7. Moral Dishonesty. Moral dishonesty means an act that does not conform to known norms of decency. 8. Conduct a. Application of NUST Code of Conduct. NUST Code of Conduct applies to the conduct displayed on the University premises, at NUST sponsored activities, and to off-campus conduct that adversely affects the University's reputation and/or the pursuit of its objectives. Each member of NUST shall be responsible for own conduct. NUST Postgraduate Student Handbook 64",access question paper testexamination b usepossession unauthorized reference material testexamination c form communication student anyone outside testexamination venue testexamination progress unauthorized entry faculty office staff intention accessing tampering official recordexamination paper etc moral dishonesty moral dishonesty mean act conform known norm decency conduct application nust code conduct nust code conduct applies conduct displayed university premise nust sponsored activity offcampus conduct adversely affect university reputation andor pursuit objective member nust shall responsible conduct nust postgraduate student handbook
pg_p68_127,pg,68,"b. Classroom Standards. The individual faculty member is primarily responsible for managing the classroom environment. If a student engages in any prohibited or unlawful act or other behaviour that results in disruption of a class, he or she may be directed by the faculty member to leave the class for the remainder of the class duration. Students must be protected against infringement of their rights and unfair practices. c. Identification/Registration Card (1) Each member of the University community is issued a picture identification/registration card or visitor's pass, that must be worn at all times while on University premises or at University-sponsored activities. Identification/registration cards must be presented upon entering University buildings. (2) Identification/registration cards are not transferable. The owner of the card will be called upon to account for any fraudulent use of own identification card and will be subject to disciplinary action by the University if he or she has aided such fraudulent use. The card will be forfeited if the student to whom it was issued allows any other person to use it. (3) Upon a card owner's withdrawal from the University, all rights and privileges related to the identification card automatically cease. If the student withdraws or",b classroom standard individual faculty member primarily responsible managing classroom environment student engages prohibited unlawful act behaviour result disruption class may directed faculty member leave class remainder class duration student must protected infringement right unfair practice c identificationregistration card member university community issued picture identificationregistration card visitor pas must worn time university premise universitysponsored activity identificationregistration card must presented upon entering university building identificationregistration card transferable owner card called upon account fraudulent use identification card subject disciplinary action university aided fraudulent use card forfeited student issued allows person use upon card owner withdrawal university right privilege related identification card automatically cease student withdraws
pg_p68_128,pg,68,"is suspended or expelled from the University, the identification card must be surrendered to the institution. 9. Visitors & Guests. Students may be held accountable for the acts of misconduct of their guests during their presence on University premises or at University-sponsored activities. Visitors, including guests, shall conduct themselves, at all times, in a manner consistent with orderly behaviour on a University campus. 10. Discipline Matters. The University is a place where the students are imparted education not only as a means to obtain a degree but also to develop their personalities and to enrich the society of which they are members. Therefore, disciplined and organized life on the campus is extremely important. It is essential to lay down rules and regulations to create and sustain an orderly and decent atmosphere on the premises of NUST constituent institutions. It is with this objective that Discipline Committees have been formed on all NUST campuses. The heads of the institutions are empowered to award minor punishments, on the recommendations of respective Discipline Committees, to students found guilty of misconduct. Major punishments for civilian students shall be awarded by Rector on the recommendations of the NUST Discipline Committee. However, military procedures shall continue",suspended expelled university identification card must surrendered institution visitor guest student may held accountable act misconduct guest presence university premise universitysponsored activity visitor including guest shall conduct time manner consistent orderly behaviour university campus discipline matter university place student imparted education mean obtain degree also develop personality enrich society member therefore disciplined organized life campus extremely important essential lay rule regulation create sustain orderly decent atmosphere premise nust constituent institution objective discipline committee formed nust campus head institution empowered award minor punishment recommendation respective discipline committee student found guilty misconduct major punishment civilian student shall awarded rector recommendation nust discipline committee however military procedure shall continue
pg_p68_129,pg,68,to govern military students selected by the services. 11. Discipline Committee a. NUST Discipline Committee shall consist of: NUST Postgraduate Student Handbook 65,govern military student selected service discipline committee nust discipline committee shall consist nust postgraduate student handbook
pg_p69_130,pg,69,"(1) Chairman to be nominated by Rector. (2) One senior faculty member from each constituent institution is to be nominated by the head of the institution, subject to a maximum of five. (3) Students' representative from the concerned institution. (4) Officer in charge of Student Affairs from Main Office NUST – to be a member. (5) Any other member co-opted by the Discipline Committee. b. The Institution Discipline Committee shall consist of: (1) Deputy Commandant/Vice-Principal/ Dean – Chairman. (2) Three Professors / Associate Professors nominated by Commandant/ Principal. (3) Students' representative by rotation. c. The Discipline Committee shall award punishment or penalty for a breach of discipline on the campus after giving the defaulter full opportunity to give their own viewpoint. d. The term of office of the Committee other than ex-officio members shall be two years. e. The quorum for the meeting of the NUST Discipline Committee shall be five. f. During an academic session, the Discipline Committee shall meet at least every two months or whenever required. 12. Acts of Ill-discipline/Prohibited Conduct. All students are prohibited from engaging in conduct resulting in, or leading to, any of the following: a. Academic Dishonesty. Academic dishonesty encompasses all cases of",chairman nominated rector one senior faculty member constituent institution nominated head institution subject maximum five student representative concerned institution officer charge student affair main office nust member member coopted discipline committee b institution discipline committee shall consist deputy commandantviceprincipal dean chairman three professor associate professor nominated commandant principal student representative rotation c discipline committee shall award punishment penalty breach discipline campus giving defaulter full opportunity give viewpoint term office committee exofficio member shall two year e quorum meeting nust discipline committee shall five f academic session discipline committee shall meet least every two month whenever required act illdisciplineprohibited conduct student prohibited engaging conduct resulting leading following academic dishonesty academic dishonesty encompasses case
pg_p69_131,pg,69,"violations of the University Policy on Academic Dishonesty by committing, or attempting to commit, academic dishonesty including, but not limited to, cheating, plagiarism, fabrication, facilitating academic dishonesty to others, and unauthorized collaboration. b. Abuse, Assault, Threatening Behaviour. These include intentionally or reckless acts endangering, threatening, or causing physical or mental harm to any person, or oneself, on University premises or at University-sponsored activities, or intentionally or causing reasonable apprehension of such harm including, but not limited to abusive language and/or physical or verbal intimidation, harassment, coercion. NUST Postgraduate Student Handbook 66",violation university policy academic dishonesty committing attempting commit academic dishonesty including limited cheating plagiarism fabrication facilitating academic dishonesty others unauthorized collaboration b abuse assault threatening behaviour include intentionally reckless act endangering threatening causing physical mental harm person oneself university premise universitysponsored activity intentionally causing reasonable apprehension harm including limited abusive language andor physical verbal intimidation harassment coercion nust postgraduate student handbook
pg_p70_132,pg,70,"c. Firearms, Explosives, and Other Weapons. Use/possession of hazardous materials (biological/chemical) and any type of weapons, firearms, explosives, crackers, etc. d. Violation of Disciplinary Sanction. This means knowingly violating the terms of any disciplinary sanction imposed in accordance with NUST Statutes. e. Furnishing False Information, Forgery, or Unauthorized Use of Documents. Intentionally furnishing false information to the University and its officials; or misusing affiliation with the University to gain access to outside agency/services, or using false information or University resources to compromise the name of the University. Forgery, unauthorized alteration, or unauthorized use of any University document or electronic transmission, or instrument of identification, or academic and non-academic records, signatures, seals, or stamps thereof. f. Disorderly Conduct or Indecent Behaviour. Engaging in disorderly or indecent conduct; breaching of peace; or aiding, abetting, or luring another person to breach the peace on University premises or at University- sponsored functions/activities. Any unauthorized use of electronic or other devices to make an audio or video record of any person while on University premises without prior knowledge/permission of the respective person. g. Theft. Theft, or attempted theft, of property or services on University premises or at University-sponsored activities. h. Damage to Property or its",c firearm explosive weapon usepossession hazardous material biologicalchemical type weapon firearm explosive cracker etc violation disciplinary sanction mean knowingly violating term disciplinary sanction imposed accordance nust statute e furnishing false information forgery unauthorized use document intentionally furnishing false information university official misusing affiliation university gain access outside agencyservices using false information university resource compromise name university forgery unauthorized alteration unauthorized use university document electronic transmission instrument identification academic nonacademic record signature seal stamp thereof f disorderly conduct indecent behaviour engaging disorderly indecent conduct breaching peace aiding abetting luring another person breach peace university premise university sponsored functionsactivities unauthorized use electronic device make audio video record person university premise without prior knowledgepermission respective person g theft theft attempted theft property service university premise universitysponsored activity h damage property
pg_p70_133,pg,70,"Destruction. Intentionally or recklessly destroying or damaging, or attempting to destroy or damage, University property or the property of others on University premises or at University-sponsored activities. i. Non-Compliance with Official Direction. Failure to comply with a reasonable direction of University officials acting in the performance of their duties. j. Violation of University Regulations and Policies. Violating University regulations or policies including amendments and additions adopted since the date of publication. k. Drugs/Narcotics. Direct/Indirect use/sale/possession/facilitation/distribution of drugs, narcotics, intoxicants, etc on the campus. l. Unauthorized Access to Facilities. Unauthorized access or entry to, or use of, University facilities and equipment. Unauthorized possession, duplication, or use of keys to any University premises, facilities, or equipment; or unauthorized entry to or use of University premises. NUST Postgraduate Student Handbook 67",destruction intentionally recklessly destroying damaging attempting destroy damage university property property others university premise universitysponsored activity noncompliance official direction failure comply reasonable direction university official acting performance duty j violation university regulation policy violating university regulation policy including amendment addition adopted since date publication k drugsnarcotics directindirect usesalepossessionfacilitationdistribution drug narcotic intoxicant etc campus l unauthorized access facility unauthorized access entry use university facility equipment unauthorized possession duplication use key university premise facility equipment unauthorized entry use university premise nust postgraduate student handbook
pg_p71_134,pg,71,"m. Unauthorized Use of Computer or Electronic Communication Devices. Theft or other abuse of computer facilities and resources including, but not limited to: (1) unauthorized access to a file, with the intention of using, reading, or changing the contents, or for any other purpose; (2) unauthorized transfer of a file; (3) use of another individual's identification and/or password; (4) interference with the work of another student, faculty member, or University official; (5) sending obscene, abusive, or threatening messages; (6) transmission of computer viruses; (7) interfering with the normal operation of the University computing system; (8) unauthorized duplication of software or other violation of copyright laws; (9) unauthorized access to, or unauthorized, mischievous or malicious use of University computer equipment or networks, or electronic communication devices, or the use of such equipment or devices to gain unauthorized access to, and/or use of, off-campus computer equipment; (10) indulgence in misuse of internet and cyber offenses i.e., uploading of objectionable content leading to provocation or maligning anyone. n. Provoking Others to Misconduct. Intentionally using words or actions to incite or encourage others to violent or retaliatory behaviour, or other acts of misconduct. o. Identification/Registration Cards. Failure to wear, or to produce or surrender",unauthorized use computer electronic communication device theft abuse computer facility resource including limited unauthorized access file intention using reading changing content purpose unauthorized transfer file use another individual identification andor password interference work another student faculty member university official sending obscene abusive threatening message transmission computer virus interfering normal operation university computing system unauthorized duplication software violation copyright law unauthorized access unauthorized mischievous malicious use university computer equipment network electronic communication device use equipment device gain unauthorized access andor use offcampus computer equipment indulgence misuse internet cyber offense ie uploading objectionable content leading provocation maligning anyone n provoking others misconduct intentionally using word action incite encourage others violent retaliatory behaviour act misconduct identificationregistration card failure wear produce surrender
pg_p71_135,pg,71,"the identification card upon the request of a University official. p. Animals. Bringing an animal into any University building, with the exception of animals used for authorized laboratory purposes, animals being used for security purposes, or service animals (e.g., guide dogs for the visually impaired) for which express permission has been granted. q. Demonstrations. Demonstrations exceeding the bounds of free assembly and demonstrations engaging in unlawful acts that cause or imminently threaten injury to person or property infringes on the rights of other members of the NUST Postgraduate Student Handbook 68",identification card upon request university official p animal bringing animal university building exception animal used authorized laboratory purpose animal used security purpose service animal eg guide dog visually impaired express permission granted q demonstration demonstration exceeding bound free assembly demonstration engaging unlawful act cause imminently threaten injury person property infringes right member nust postgraduate student handbook
pg_p72_136,pg,72,"University community leading to or inciting others to disrupt scheduled and/or normal activities within any campus building or area. r. Political/Sectarian Activities. Indulgence in political/ethnic/racial/sectarian activities or taking membership of any banned organization and participation in such like organizations for furthering the cause of a political party. s. Harassment. It covers the following: (1) Passing remarks, placing visual or written material, aimed at a specific person or group: (a) with the intention of causing harm to the person or group; and/or, (b) creating an environment that limits a student's educational opportunity. (2) Making unwanted verbal or physical advances or explicit derogatory statements toward individuals, that cause them discomfort or humiliation or that interfere with their educational opportunity. (3) Physical assault t. Gambling. Unauthorized and/or illegal exchange of money favours or services as a result of an organized or unorganized game or competition. u. Smoking. NUST H-12 campus has been declared green campus; therefore, smoking is prohibited on University premises for which a policy directive has been issued. v. Abuse of the Student Conduct System. Abusing the student conduct system includes, but is not limited to: (1) failure to obey the notice from a University official to appear for a meeting",university community leading inciting others disrupt scheduled andor normal activity within campus building area r politicalsectarian activity indulgence politicalethnicracialsectarian activity taking membership banned organization participation like organization furthering cause political party harassment cover following passing remark placing visual written material aimed specific person group intention causing harm person group andor b creating environment limit student educational opportunity making unwanted verbal physical advance explicit derogatory statement toward individual cause discomfort humiliation interfere educational opportunity physical assault gambling unauthorized andor illegal exchange money favour service result organized unorganized game competition u smoking nust campus declared green campus therefore smoking prohibited university premise policy directive issued v abuse student conduct system abusing student conduct system includes limited failure obey notice university official appear meeting
pg_p72_137,pg,72,"or hearing as part of the student conduct system; (2) falsification, distortion, or misrepresentation of information before a hearing body or designated hearing officer of the University; (3) disruption or interference with the orderly conduct of a hearing proceeding; (4) causing a violation of the University Code of Conduct hearing to convene in bad faith; w. Public Display of Affection (PDA). Indecent behaviour exhibited on the campus including classes, cafeteria, laboratories, etc., defying the norms of decency, morality, and religious/cultural/ social values by single or group of NUST Postgraduate Student Handbook 69",hearing part student conduct system falsification distortion misrepresentation information hearing body designated hearing officer university disruption interference orderly conduct hearing proceeding causing violation university code conduct hearing convene bad faith w public display affection pda indecent behaviour exhibited campus including class cafeteria laboratory etc defying norm decency morality religiouscultural social value single group nust postgraduate student handbook
pg_p73_138,pg,73,"students. Public Display of Affection (PDA) is an act of physical intimacy carried out in public. It involves physical contact including, but not limited to, caressing, hugging, fondling, kissing, etc. Any act of sexual connotation including but not limited to physical intimacy (hugging, intimate kissing, caressing, fondling, sitting in each other’s lap, etc.) for same-sex/opposite sex in University premises/events/activities/excursion trips, etc. is to be avoided regardless. Any lax in this context will lead to disciplinary action based upon the identified penalties. x. Public Interaction. In continuation to clause 12W, during University interaction students (opposite sexes/same-sex) are further expected to maintain decent physical distance (arm’s length), and to avoid sitting in each other’s lap, lying next to each other, etc. in University premises/events/activities/excursion trips. Any failing in this regard will lead to disciplinary action based upon the penalties as per NUST Regulations. y. Damage to the University fixtures/furniture, scribbling/carving on desks, wall chalking, misusing of lab/university equipment, etc. z. The use of mobile phones in classrooms, examination halls, labs, and libraries thus disrupting the calm environment of such places. 13. Off-Campus Conduct. Conduct occurring off-University premises be such that it should not affect the interest/image of the University. 14. Enforcement of",student public display affection pda act physical intimacy carried public involves physical contact including limited caressing hugging fondling kissing etc act sexual connotation including limited physical intimacy hugging intimate kissing caressing fondling sitting lap etc samesexopposite sex university premiseseventsactivitiesexcursion trip etc avoided regardless lax context lead disciplinary action based upon identified penalty x public interaction continuation clause university interaction student opposite sexessamesex expected maintain decent physical distance arm length avoid sitting lap lying next etc university premiseseventsactivitiesexcursion trip failing regard lead disciplinary action based upon penalty per nust regulation damage university fixturesfurniture scribblingcarving desk wall chalking misusing labuniversity equipment etc z use mobile phone classroom examination hall lab library thus disrupting calm environment place offcampus conduct conduct occurring offuniversity premise affect interestimage university enforcement
pg_p73_139,pg,73,"Code of Conduct. Matters of indiscipline would be referred to the concerned institution or NUST authorities authorized to check discipline matters and decide on them in line with NUST policy, rules, and regulations. Parents of those students who disobey authority and violate the code of conduct will be informed. Students may be held accountable for the acts of misconduct of their guests while on University premises or at University-sponsored activities. Students who are charged with violations of this Code are subject to disciplinary action in accordance with NUST rules/regulations/statutes. 15. Punishment or Penalty for Acts of Ill-Discipline. Punishment or penalty for acts of ill- discipline shall be according to the gravity of the case and may be any one or more of the following: a. Minor Punishments (1) Warning in Writing. Notice to the offender, orally or in writing, that continuation or repetition of prohibited conduct may lead to further disciplinary action. (2) Probation. Probation for a specific period. (3) Fine. Fine amounting up to Rs 10,000. (4) Hostel Suspension/Permanent Removal. Expulsion from the hostel for a specified period, or permanent removal from the residence hall. NUST Postgraduate Student Handbook 70",code conduct matter indiscipline would referred concerned institution nust authority authorized check discipline matter decide line nust policy rule regulation parent student disobey authority violate code conduct informed student may held accountable act misconduct guest university premise universitysponsored activity student charged violation code subject disciplinary action accordance nust rulesregulationsstatutes punishment penalty act illdiscipline punishment penalty act ill discipline shall according gravity case may one following minor punishment warning writing notice offender orally writing continuation repetition prohibited conduct may lead disciplinary action probation probation specific period fine fine amounting r hostel suspensionpermanent removal expulsion hostel specified period permanent removal residence hall nust postgraduate student handbook
pg_p74_140,pg,74,"(5) Withholding of Certificate. Withholding of a certificate of good moral character. (6) Removal of Privileges. Deprivation from the privileges enjoyed by the student. (7) Expulsion from the hostel for a period of upto one semester. (8) F Grade. Award of F grade in a course of studies. b. Major Punishments (1) Expulsion. Expulsion from the class for a specific period upto one semester. (2) Fine. This may amount to up to Rs 50,000. (3) Exam Result. Cancellation of examination results (complete semester courses). (4) Rustication. Expulsion or rustication from the institution for a specific period. (5) Degree. Non-conferment of degree/transcript. (6) Relegation/withdrawal. 16. Other sanctions or a combination of the above-mentioned punishments as deemed appropriate. 17. Disciplinary Process a. Case Referrals. Each case of ill-discipline shall be reported to the head of the institution through HoD or the manager hostel. Any charge should be submitted as soon as possible after the occurrence of the alleged violation, preferably within 24 hours of the violation. Those referring cases are normally expected to serve as complainants and to present relevant evidence in disciplinary hearings before the NUST/Institution Discipline Committee. Depending on the gravity of the case, the head of the institution will",withholding certificate withholding certificate good moral character removal privilege deprivation privilege enjoyed student expulsion hostel period upto one semester f grade award f grade course study b major punishment expulsion expulsion class specific period upto one semester fine may amount r exam result cancellation examination result complete semester course rustication expulsion rustication institution specific period degree nonconferment degreetranscript relegationwithdrawal sanction combination abovementioned punishment deemed appropriate disciplinary process case referral case illdiscipline shall reported head institution hod manager hostel charge submitted soon possible occurrence alleged violation preferably within hour violation referring case normally expected serve complainant present relevant evidence disciplinary hearing nustinstitution discipline committee depending gravity case head institution
pg_p74_141,pg,74,decide to award minor punishment at the institution level or refer the matter to NUST Discipline Committee for decision by the competent authority for major punishment. b. Hearing of Disciplinary Cases. A disciplinary hearing is a formal process conducted by the Institution Discipline Committee. This formal process is designed to gather and consider relevant information regarding the alleged violation/s of the Code and to determine and recommend a punishment. NUST Postgraduate Student Handbook 71,decide award minor punishment institution level refer matter nust discipline committee decision competent authority major punishment b hearing disciplinary case disciplinary hearing formal process conducted institution discipline committee formal process designed gather consider relevant information regarding alleged violation code determine recommend punishment nust postgraduate student handbook
pg_p75_142,pg,75,"Every effort will be made to expedite proceedings pursuant to allegations within a reasonable period. c. Punishments. NUST/Institution Discipline Committee will recommend the punishment according to the gravity of the case after giving the defaulter full opportunity to give own point of view. This must be done before recommending the punishment to the head of the institution/Rector. d. Appeals. An appeal against the decision of the Discipline Committee can be filed with the head of the institution/Rector within fifteen days of the announcement of the decision. 18. Federal/Provincial Laws and Ordinances. Violation of a Federal/Provincial law or ordinance will be dealt with accordingly under these laws. 19. Littering. It is the responsibility of all to keep the Campus environment clean and tidy. No littering or trash should be carelessly thrown or left on the Campus premises. The designated waste boxes should be used for trash disposal. 20. Sports. All individuals and teams involved in sports are expected to show sportsmanship, respect, consideration, and appreciation towards their opponents, teammates, officials, and University staff at all times. a. Under no circumstances should a player or sportsperson react violently nor use any form of foul or abusive language, whether it is directed at",every effort made expedite proceeding pursuant allegation within reasonable period c punishment nustinstitution discipline committee recommend punishment according gravity case giving defaulter full opportunity give point view must done recommending punishment head institutionrector appeal appeal decision discipline committee filed head institutionrector within fifteen day announcement decision federalprovincial law ordinance violation federalprovincial law ordinance dealt accordingly law littering responsibility keep campus environment clean tidy littering trash carelessly thrown left campus premise designated waste box used trash disposal sport individual team involved sport expected show sportsmanship respect consideration appreciation towards opponent teammate official university staff time circumstance player sportsperson react violently use form foul abusive language whether directed
pg_p75_143,pg,75,"a member of staff, match official, opponent, playing colleague, team official, or spectators. b. By signing the player registration form, individuals agree to abide by the code of conduct and will accept that any deviation from these rules will result in disciplinary action by the University. c. Persons under the influence of drugs are not permitted to participate in sports activities at the University and as such the defaulters shall be liable to disciplinary action by NUST. d. On a final note, please remember that no referee, umpire, or official is perfect. You may not agree with every decision that is made and, just like players, the umpires and sports officials too may make mistakes. 21. Dress Code. Clothes should not distract from the learning environment or be considered inappropriate in a business or professional setting or attract undue attention. Examples of inappropriate clothing include: a. see-through or revealing garments, backless dresses, skinny fitted clothes, tights/leggings; b. casual footwear (e.g., flip flops/bedroom slippers); NUST Postgraduate Student Handbook 72",member staff match official opponent playing colleague team official spectator b signing player registration form individual agree abide code conduct accept deviation rule result disciplinary action university c person influence drug permitted participate sport activity university defaulter shall liable disciplinary action nust final note please remember referee umpire official perfect may agree every decision made like player umpire sport official may make mistake dress code clothes distract learning environment considered inappropriate business professional setting attract undue attention example inappropriate clothing include seethrough revealing garment backless dress skinny fitted clothes tightsleggings b casual footwear eg flip flopsbedroom slipper nust postgraduate student handbook
pg_p76_144,pg,76,"c. short pants/ short skirts, knickers/shorts; d. clothing with derogatory, offensive and/or lewd messages either in words or pictures, or any piece of clothing promoting racism, violence, sex, drugs, alcohol, or other illegal activities; e. dressing in culturally inappropriate clothes to emphasize body parts (both for male/females) may qualify as an example of Sexual Harassment by hurting/disrespecting human feelings and emotions of others; f. any failing in this regard will lead to disciplinary action based upon the identified penalties as per NUST Regulations. 22. Greetings. Students are advised to adopt the habit of exchange of formal culturally appropriate/Islamic greetings i.e.,Assalam-o-Alaikum/WaAlaikum Assalam while meeting and interacting with colleagues/faculty and staff of the university. This is an important aspect of Islamic etiquette and obligations and should so be reflected in our lives. 23. Safe Driving. Students are advised to avoid reckless driving on the campus and should abide by the laid down speed limits and sign postings to avoid penalties. 24. Redressal of Student Grievance. NUST as an internationally reputable and progressive university continuously endeavours to enhance its exceptional quality in all dimensions. It promotes an environment conducive to the open exchange of ideas. Besides imparting academic knowledge of specific disciplines to",c short pant short skirt knickersshorts clothing derogatory offensive andor lewd message either word picture piece clothing promoting racism violence sex drug alcohol illegal activity e dressing culturally inappropriate clothes emphasize body part malefemales may qualify example sexual harassment hurtingdisrespecting human feeling emotion others f failing regard lead disciplinary action based upon identified penalty per nust regulation greeting student advised adopt habit exchange formal culturally appropriateislamic greeting ieassalamoalaikumwaalaikum assalam meeting interacting colleaguesfaculty staff university important aspect islamic etiquette obligation reflected life safe driving student advised avoid reckless driving campus abide laid speed limit sign posting avoid penalty redressal student grievance nust internationally reputable progressive university continuously endeavour enhance exceptional quality dimension promotes environment conducive open exchange idea besides imparting academic knowledge specific discipline
pg_p76_145,pg,76,"its students, it endeavours to instil moral and ethical values along with the soft skills necessary for success in the workplace. NUST is aware that students occasionally face certain issues during their course of study. To be an effective professional, every student needs to be conversant with the policies and procedures for the harmonious resolution of their grievances. This policy document on student grievances details the course of action to be undertaken for amicably and efficiently addressing individual issues of the student body. Additionally, the NUST Student Forum has been entrusted to address collective concerns of the students, for which a separate policy document is formulated and may be consulted. a. The Students Grievance Committee (SGC) (1) Aim. The Grievance Committee is responsible for addressing the individual student’s unresolved complaints. (2) Scope (a) Academic and administrative matters (b) Misconduct of any individual in the University b. Initial Steps before approaching SGC. Every student complaint should be resolved through the normal reporting channels. The following paragraphs provide the necessary guidelines to a student for reporting their complaints: NUST Postgraduate Student Handbook 73",student endeavour instil moral ethical value along soft skill necessary success workplace nust aware student occasionally face certain issue course study effective professional every student need conversant policy procedure harmonious resolution grievance policy document student grievance detail course action undertaken amicably efficiently addressing individual issue student body additionally nust student forum entrusted address collective concern student separate policy document formulated may consulted student grievance committee sgc aim grievance committee responsible addressing individual student unresolved complaint scope academic administrative matter b misconduct individual university b initial step approaching sgc every student complaint resolved normal reporting channel following paragraph provide necessary guideline student reporting complaint nust postgraduate student handbook
pg_p77_146,pg,77,"(1) Step 1: Who should you go to? (a) Faculty/ Officer. If the complaint concerns a certain action or inaction by the faculty/officer on any academic (e.g., course progress, learning difficulties, etc.) or administrative (e.g., class/exam schedules, hostel, finance, etc.) issues, the student should first approach the concerned faculty or officer (DD Adm, DCE, Accounts Officer, Programme Coord, ILO, Trg Coord, SO NUST, etc.). (b) Student Advisor. Students may also approach their respective Student Advisor/tutor for the above complaints along with issues related to academic deficiency/medical conditions/personal and administrative matters (e.g., hostel, transportation, etc.). Depending on the urgency of the matter, the student can approach their Advisor anytime besides the scheduled meetings. (c) Female Faculty Focal Person (F3H). To report a sensitive matter, a female student may directly approach the concerned Female Faculty Focal Person at the School. (2) Step 2: Second Level of Reporting (a) Head of Department (HoD)/ Programme. If the complaint is not resolved at the faculty/officer level, the student may report the matter to the respective HoD/Programme Head. If the issue is outside the school’s domain, the HoD/Programme Head will report the matter to the relevant Director in the Main Office. (3) Step 3: Third Level",step go faculty officer complaint concern certain action inaction facultyofficer academic eg course progress learning difficulty etc administrative eg classexam schedule hostel finance etc issue student first approach concerned faculty officer dd adm dce account officer programme coord ilo trg coord nust etc b student advisor student may also approach respective student advisortutor complaint along issue related academic deficiencymedical conditionspersonal administrative matter eg hostel transportation etc depending urgency matter student approach advisor anytime besides scheduled meeting c female faculty focal person report sensitive matter female student may directly approach concerned female faculty focal person school step second level reporting head department hod programme complaint resolved facultyofficer level student may report matter respective hodprogramme head issue outside school domain hodprogramme head report matter relevant director main office step third level
pg_p77_147,pg,77,"of Reporting (a) If the complaint is not resolved at step 1 and/ or step 2, the student may report the matter to SGC. (b) The following illustration outlines the above-stated process along with the expected resolution/ wait time at each step. NUST Postgraduate Student Handbook 74",reporting complaint resolved step step student may report matter sgc b following illustration outline abovestated process along expected resolution wait time step nust postgraduate student handbook
pg_p78_148,pg,78,"Figure 1: Complaint Process c. SGC: Filing Process and Procedure. If the individual’s complaint remains unresolved till the expiry of the stipulated timeframe in Figure 1, the student may approach the Student Grievance Committee (SGC) through a written application/email to the Head of SGC. In exceptional cases, the student can also approach the committee directly. The responsibility for the decision to directly approach the SGC rests with the student. Similarly, a student can withdraw a grievance at any stage of the process by sending a written request to the Head of the SGC. Once withdrawn, the grievance will not be reinstituted, unless a change in the circumstances has occurred. d. Composition of SGC (1) Head (1x Senior Faculty) (2) 2 x Faculty Members (3) 1 x F3H (Co-opted member, when a female student agrees to report the issue to SGC) e. Duration of the Grievance Redressal. Generally, the SGC is expected to settle all cases within a maximum of 15 working days. However, under exceptional circumstances, this time period may be lengthened. The grievance committee must ensure the confidentiality of its proceedings and inquiry. The decision and action taken can only be shared with the concerned student and concerned faculty/officer,",figure complaint process c sgc filing process procedure individual complaint remains unresolved till expiry stipulated timeframe figure student may approach student grievance committee sgc written applicationemail head sgc exceptional case student also approach committee directly responsibility decision directly approach sgc rest student similarly student withdraw grievance stage process sending written request head sgc withdrawn grievance reinstituted unless change circumstance occurred composition sgc head senior faculty x faculty member x coopted member female student agrees report issue sgc e duration grievance redressal generally sgc expected settle case within maximum working day however exceptional circumstance time period may lengthened grievance committee must ensure confidentiality proceeding inquiry decision action taken shared concerned student concerned facultyofficer
pg_p78_149,pg,78,"as and when required. In case the student is not satisfied with the decision, he/she may take the matter to Pro-Rector (Acad). f. Responsibility of the Student. A student is expected to keep in mind the following important points while lodging a complaint or a grievance: NUST Postgraduate Student Handbook 75",required case student satisfied decision heshe may take matter prorector acad f responsibility student student expected keep mind following important point lodging complaint grievance nust postgraduate student handbook
pg_p79_150,pg,79,"(1) Report the matter (preferably in writing) at the earliest: not later than 15 days after the occurrence. (2) Treat all concerned person(s) with courtesy and respect. (3) Do not engage in a behaviour that is unbecoming of a NUSTIAN. (4) Do not make complaints or grievances that are frivolous or lacking in substance. (5) Provide truthful information. (6) Do not purposefully misrepresent or withhold relevant information. (7) Cooperate during the process, including answering questions, providing further information and copies of documents, and attending meetings if required. (8) Be patient and adhere to defined timelines before escalating the matter to the next level. (9) Keep a record of correspondence, if any. 25. All faculty members, administrative staff, support staff, and students are expected to monitor this code of conduct and report any disregard or violations thereof to the institution/Main Office NUST for taking appropriate corrective action/remedial measures. Writing of Articles Whereas NUST encourages freedom of expression and wants students to write on important national and international issues, however, such article, contributed by students with NUST ID, should be sent to Student Affairs Directorate, through the respective Principal, for vetting. The purpose is to guard against misrepresentation of the University Policy.",report matter preferably writing earliest later day occurrence treat concerned person courtesy respect engage behaviour unbecoming nustian make complaint grievance frivolous lacking substance provide truthful information purposefully misrepresent withhold relevant information cooperate process including answering question providing information copy document attending meeting required patient adhere defined timeline escalating matter next level keep record correspondence faculty member administrative staff support staff student expected monitor code conduct report disregard violation thereof institutionmain office nust taking appropriate corrective actionremedial measure writing article whereas nust encourages freedom expression want student write important national international issue however article contributed student nust id sent student affair directorate respective principal vetting purpose guard misrepresentation university policy
pg_p79_151,pg,79,"26. Anti Drug & Tobacco a. NUST has zero tolerance for drug use and is strictly dealt through NUST Disciplinary Committee and HEC guidelines. Smoking is discouraged and is restricted to earmarked outdoor spaces only. An Anti-Drug & Tobacco Committee is also constituted for awareness / preventive measures b. Students, Faculty and Staff must go through NUST Policy on Drug & Tobacco abuse and an undertaking is also required to be signed by all new students and Father/Mother/guardian is attached as Annex G and for Faculty and Staff is attached as Annex H. NUST Postgraduate Student Handbook 76",anti drug tobacco nust zero tolerance drug use strictly dealt nust disciplinary committee hec guideline smoking discouraged restricted earmarked outdoor space antidrug tobacco committee also constituted awareness preventive measure b student faculty staff must go nust policy drug tobacco abuse undertaking also required signed new student fathermotherguardian attached annex g faculty staff attached annex h nust postgraduate student handbook
pg_p80_152,pg,80,"CHAPTER 11: Living on Campus 1. Introduction. NUST Hostels have been established for the outstation National and International students. Hostels are providing a hygienic and pleasant environment and are equipped with all amenities for standard living. Seventeen hostels have been built in the main campus of NUST (11 for males and 6 for females) with the capacity to accommodate 4719 students. The management makes sincere endeavours to provide all the needed facilities and comforts. These hostels provide: a. peaceful academic environment; b. halal meals, prepared under hygienic conditions; c. limited indoor recreational facilities i.e., (1) TV Room (2) Indoor Games (3) Gymnasium (4) Heating System in Each Room (5) CCTV Surveillance System Installed in Hostels (6) Uninterrupted Electric Supply (7) Wi-Fi (8) Vending Machines (9) Hot Water in Winters (10) Water Purification Plants 2. Allotment of Hostel Accommodation a. Hostel accommodation will be allotted to outstation students as per NUST Hostel Allotment Policy - Annex D. b. The following are the guidelines to apply for Hostel Accommodation: (1) Existing students will apply through their Qalam Account for Hostel Accommodation while newcomers will apply through pgadmission.nust.edu.pk (PG Students) & ugadmissions.nust.edu.pk (UG Students). (2) Six months’ Hostel Charges and Security Invoice will",chapter living campus introduction nust hostel established outstation national international student hostel providing hygienic pleasant environment equipped amenity standard living seventeen hostel built main campus nust male female capacity accommodate student management make sincere endeavour provide needed facility comfort hostel provide peaceful academic environment b halal meal prepared hygienic condition c limited indoor recreational facility ie tv room indoor game gymnasium heating system room cctv surveillance system installed hostel uninterrupted electric supply wifi vending machine hot water winter water purification plant allotment hostel accommodation hostel accommodation allotted outstation student per nust hostel allotment policy annex b following guideline apply hostel accommodation existing student apply qalam account hostel accommodation newcomer apply pgadmissionnustedupk pg student ugadmissionsnustedupk ug student six month hostel charge security invoice
pg_p80_153,pg,80,be issued by Fee Section (through students Qalam account (existing students) & through personal mail (newcomers) and be paid before joining the hostel. Paid slip will be submitted to the respective Manager (Hostel) on arrival. Monthly Invoice for Messing will be issued by Hostel branch on their Qalam account and one-time refundable Security (payable online) will be issued through e-mail directly to the student and NUST Postgraduate Student Handbook 77,issued fee section student qalam account existing student personal mail newcomer paid joining hostel paid slip submitted respective manager hostel arrival monthly invoice messing issued hostel branch qalam account onetime refundable security payable online issued email directly student nust postgraduate student handbook
pg_p81_154,pg,81,"should be paid before joining the hostel. Paid slip is to be submitted to the respective Manager (Hostel) on arrival. (3) NUST Hostel Rules Awareness Certificate & Undertaking must be submitted to the respective Manager (Hostel) on arrival in the Hostel, failing which, accommodation will not be provided. c. Types of Accommodation (1) Single occupancy with attached washroom for PG/Ph.D. Students (2) Double occupancy (in Boys Hostels) with attached washroom for PG Students (3) Double occupancy with community washrooms for UG Students (4) Triple occupancy with community washrooms for UG Students 3. Duration of Student Stays in Hostels. Stay of the students, who are granted admission in the hostels in H-12 Campus, will be: a. UG. Students will only avail Hostel facility for the duration (BS and BE Programme for 4 Years and for B Architecture, LLB & MBBS hostel accommodation will be provided for 5 Years) of their on-campus study; b. PG. MS Programme (2 Years), Ph.D. Programme (3 Years). 4. Extension. Following will be considered for extension: a. Genuine medical issues (submission of Medical Documents with prior recommendation of NMC) b. Exchange Programme. The hostelites who are offered an exchange programme in Foreign Universities will be given an",paid joining hostel paid slip submitted respective manager hostel arrival nust hostel rule awareness certificate undertaking must submitted respective manager hostel arrival hostel failing accommodation provided c type accommodation single occupancy attached washroom pgphd student double occupancy boy hostel attached washroom pg student double occupancy community washroom ug student triple occupancy community washroom ug student duration student stay hostel stay student granted admission hostel campus ug student avail hostel facility duration b programme year b architecture llb mbbs hostel accommodation provided year oncampus study b pg m programme year phd programme year extension following considered extension genuine medical issue submission medical document prior recommendation nmc b exchange programme hostelites offered exchange programme foreign university given
pg_p81_155,pg,81,extension in case their required courses are not offered during Summer vacations or regular semesters. Confirmation to this effect will be sought from Registrar Dte (MS Section). c. Compassionate ground (case to case basis) d. Overseas students (when both parents reside abroad) Note: Cases of the above-mentioned categories will be processed for Rector's approval. 5. An extension may not be granted to the students who have obtained F grades/Low grades/Repeat courses/Short attendance. NUST Postgraduate Student Handbook 78,extension case required course offered summer vacation regular semester confirmation effect sought registrar dte m section c compassionate ground case case basis overseas student parent reside abroad note case abovementioned category processed rector approval extension may granted student obtained f gradeslow gradesrepeat coursesshort attendance nust postgraduate student handbook
pg_p82_156,pg,82,"6. Temporary Hostel Allotment. Temporary allotment facility will be provided only to students who are currently registered at the main campus of NUST, on availability of surplus and vacant accommodation. Students applying for a shorter duration will be granted permission to avail the facility on a case-to-case basis. The application form is available at the hostel’s office, which requires the signature of the parents/guardian. Hostel rules will be followed by temporary students in true spirit. 7. Messing. Hostelite students must follow the given mandatory rules: a. Messing for the student is arranged by NUST staff. b. Messing is charged in advance from all the students on a monthly basis for which Mess Bill is issued, to be deposited in the bank within the due date. c. Mess Security (Rs 15,000/-) is charged at the joining the hostel, which is refunded in cash when a student applies for clearance from hostels. d. The student committee is formed to facilitate and participate in mess/hostel affairs. The mess menu of the hostel is prepared with the consultation of the Hostel Messing Committee. e. Messing attendance register is placed in Manager Hostel’s Office. Students desirous of going on leave must notify at least two",temporary hostel allotment temporary allotment facility provided student currently registered main campus nust availability surplus vacant accommodation student applying shorter duration granted permission avail facility casetocase basis application form available hostel office requires signature parentsguardian hostel rule followed temporary student true spirit messing hostelite student must follow given mandatory rule messing student arranged nust staff b messing charged advance student monthly basis mess bill issued deposited bank within due date c mess security r charged joining hostel refunded cash student applies clearance hostel student committee formed facilitate participate messhostel affair mess menu hostel prepared consultation hostel messing committee e messing attendance register placed manager hostel office student desirous going leave must notify least two
pg_p82_157,pg,82,"days in advance i.e., a student leaving on Friday shall register request by 2300 hours (11:00 pm) on Wednesday (it is mandatory to cater for the purchase of fresh ration that is procured one day in advance). f. The students need to be physically present in the office of the Manager (Hostel) while getting the Mess leave. Extension in Mess-Out will not be allowed on the phone or by mail. g. Failing to submit the Mess Leave Form to the Manager (Hostel) in person will not be entertained later on. h. A maximum of 12 days’ Mess Leave will be considered in a month only. i. If the member is leaving the Hostel, she/he should apply for mess off at least two days in advance before the date of the mess off on a prescribed form available in the Manager (Hostel) Office. 8. Meal Timings. As decided by Deputy Director Hostels in consultation with the students' committee, Meal timing will be displayed on Hostel/Mess Notice Board. NUST Postgraduate Student Handbook 79",day advance ie student leaving friday shall register request hour pm wednesday mandatory cater purchase fresh ration procured one day advance f student need physically present office manager hostel getting mess leave extension messout allowed phone mail g failing submit mess leave form manager hostel person entertained later h maximum day mess leave considered month member leaving hostel shehe apply mess least two day advance date mess prescribed form available manager hostel office meal timing decided deputy director hostel consultation student committee meal timing displayed hostelmess notice board nust postgraduate student handbook
pg_p83_158,pg,83,"9. Hostel Dues a. Hostel Charges (1) Hostel Security - Rs 15,000/- (Refundable) (2) Single occupancy - Rs 11,000/- per month (w.e.f. Fall 2024) (3) Double occupancy (attached - Rs 10,000/- per month washroom) (w.e.f. Fall 2024) (4) Double occupancy (with community - Rs 8,000/- per month washroom) (w.e.f. Fall 2024) (5) Triple occupancy (with community - Rs 6,750/- per month washroom) (w.e.f. Fall 2024) b. Hostel Charges (International Students) (1) Single occupancy (with attached - USD 75/- per month washroom) (w.e.f. Spring 2022) (2) Double occupancy (with attached - USD 65/- per month washroom) (w.e.f. Spring 2022) (3) Double occupancy (with community - USD 55/- per month washroom) (w.e.f. Spring 2022) (4) Triple occupancy (with community - USD 45/- per month washroom) (w.e.f. Spring 2022) Note: Security Fee of USD 117/- (Refundable) will be charged at the time of allotment. c. Messing (1) Mess Security - Rs 15,000/- (Refundable) (2) Monthly charges - Rs 15,175/- (Rs 490/- per day) d. Payment of Dues. Hostel dues are required to be paid on a semester basis. Hostel rent invoice will be issued through Finance Directorate (Fee Section). Mess charges will be paid on monthly basis in advance. The invoice will be",hostel due hostel charge hostel security r refundable single occupancy r per month wef fall double occupancy attached r per month washroom wef fall double occupancy community r per month washroom wef fall triple occupancy community r per month washroom wef fall b hostel charge international student single occupancy attached usd per month washroom wef spring double occupancy attached usd per month washroom wef spring double occupancy community usd per month washroom wef spring triple occupancy community usd per month washroom wef spring note security fee usd refundable charged time allotment c messing mess security r refundable monthly charge r r per day payment due hostel due required paid semester basis hostel rent invoice issued finance directorate fee section mess charge paid monthly basis advance invoice
pg_p83_159,pg,83,"issued by the Hostels Branch. 10. Fine. Due date of deposit would be mentioned on the invoice and for late deposit of dues, students will pay fine as mentioned in the hostel rent invoice/mess bill and other types of fine (e.g., for latecomers and disciplinary cases) imposed by the hostel management. NUST Postgraduate Student Handbook 80",issued hostel branch fine due date deposit would mentioned invoice late deposit due student pay fine mentioned hostel rent invoicemess bill type fine eg latecomer disciplinary case imposed hostel management nust postgraduate student handbook
pg_p84_160,pg,84,"11. Discipline. The best state of discipline is expected from the residents, a few aspects of the discipline are highlighted here: a. Ragging. Ragging, in any shape, that can cause physical or psychological harm or raises apprehension of fear, shame, or an embarrassment to the new student, including teasing, abusing, shouting, playing practical jokes, or causing harm to the student or asking new students to do any act or to perform acts (which such student will not be willing to do ordinarily) is strictly forbidden. It is expected that senior students will help the juniors in their settling down process. Anybody found involved in ragging will be dealt with sternly. b. Smoking. University is a smoke-free zone. Smoking is prohibited in the rooms as well as in the hostel premises. c. Criminal/Unlawful Activities. Following will be considered unlawful activity: (1) Joining banned organizations or involvement in anti-state activities. (2) Creating trouble in hostel premises including going on/organizing strike and inviting/inciting others for the strike or printing/writing/ distributing pamphlets/handouts etc. (3) Giving threats to any student or staff member. (4) Overstaying in the hostel after completion of on-campus duration/ specified period/completion of the degree. (5) Causing loss to/damaging Hostel/University property. (6)",discipline best state discipline expected resident aspect discipline highlighted ragging ragging shape cause physical psychological harm raise apprehension fear shame embarrassment new student including teasing abusing shouting playing practical joke causing harm student asking new student act perform act student willing ordinarily strictly forbidden expected senior student help junior settling process anybody found involved ragging dealt sternly b smoking university smokefree zone smoking prohibited room well hostel premise c criminalunlawful activity following considered unlawful activity joining banned organization involvement antistate activity creating trouble hostel premise including going onorganizing strike invitinginciting others strike printingwriting distributing pamphletshandouts etc giving threat student staff member overstaying hostel completion oncampus duration specified periodcompletion degree causing loss todamaging hosteluniversity property
pg_p84_161,pg,84,"Misuse of hostel facilities. (7) Bringing/inviting unauthorized person/day scholars in the hostel. (8) Gambling in any shape. Note: Khokhas/ Dhabas are out-of-bound for students. 12. Conduct. Students are advised to dress up well, while moving on the campus, except when going to/coming from the washroom. Students' general behaviour, dress, and conversation in the hostels must be decent. Shouting is not allowed. Any kind of misconduct will be dealt with sternly. CCTV cameras are installed for round-the-clock monitoring. 13. Dos and Don’ts a. Do’s (1) Pay Salam to fellow students, staff and faculty. NUST Postgraduate Student Handbook 81",misuse hostel facility bringinginviting unauthorized personday scholar hostel gambling shape note khokhas dhabas outofbound student conduct student advised dress well moving campus except going tocoming washroom student general behaviour dress conversation hostel must decent shouting allowed kind misconduct dealt sternly cctv camera installed roundtheclock monitoring do t pay salam fellow student staff faculty nust postgraduate student handbook
pg_p85_162,pg,85,"(2) Be respectful to your colleagues, hostel staff/management & security staff at gates. (3) Always communicate in a decent and courteous way. (4) Keep your room neat clean and tidy. (5) Utilize your PC/Laptop / Gadgets for educational purposes only. (6) Take care of your valuables especially cash, mobile phones and laptops etc. Take valuables along when you proceed on leave etc. (7) Clear hostel & mess dues in time. Defaulters are fined. (8) All notices/instructions issued from time to time be followed in letter & spirit. (9) Presence of a student is mandatory for daily attendance in the Manager (Hostel) office at a given time. (10) Inform the Manager (Hostel) about Withdrawal/Relegation immediately. (11) Economize on utilization of water, electricity and gas. Put off all the electric switches, gas appliances and water taps while leaving the room. (12) Be aware of all notices put up on the Notice Boards. (13) In case of any emergency or illness, immediately report to the Manager (Hostel)/Caretaker who shall make necessary arrangements for medical assistance. (14) Students re expected to be well dressed & tidy. (15) “Lost and found items” be reported to the Manager (Hostel).. b. Don’ts (1) Keeping prohibited medicines and",respectful colleague hostel staffmanagement security staff gate always communicate decent courteous way keep room neat clean tidy utilize pclaptop gadget educational purpose take care valuable especially cash mobile phone laptop etc take valuable along proceed leave etc clear hostel mess due time defaulter fined noticesinstructions issued time time followed letter spirit presence student mandatory daily attendance manager hostel office given time inform manager hostel withdrawalrelegation immediately economize utilization water electricity gas put electric switch gas appliance water tap leaving room aware notice put notice board case emergency illness immediately report manager hostelcaretaker shall make necessary arrangement medical assistance student expected well dressed tidy lost found item reported manager hostel b t keeping prohibited medicine
pg_p85_163,pg,85,drugs without a doctor’s prescription. (2) Misusing hostel facilities for other than studies. (3) Involvement in criminal/police cases. (4) Guests of students or day scholars in the room/hostel. (5) Driving Motor Cycle without a crash helmet. NUST Postgraduate Student Handbook 82,drug without doctor prescription misusing hostel facility study involvement criminalpolice case guest student day scholar roomhostel driving motor cycle without crash helmet nust postgraduate student handbook
pg_p86_164,pg,86,"(6) Disturbing other fellow residents by playing loud music or any such instruments at a high volume. (7) No electric appliance will be permitted in the student’s room except the bedroom refrigerator and room cooler (with permission and on payment of monthly charges). (8) Making any structural additions or alterations in their rooms, installing/fixing any electrical gadget or fittings/fixtures anywhere in the Hostel. (9) Collection of Chanda on any account. (10) Ragging of juniors inside/outside the rooms and hostels. (11) Gambling in any form such as playing cards (even without money at stake). (12) Authorized room layout will not be changed. (13) Occupying or interchanging/swapping the room without the permission of the Manager (Hostel) and DD Hostels. (14) Giving tips or making any other kind of payment to the sanitary worker or any other hostel staff. (15) Opening the door of another fellow’s room without his/her permission. (16) Using the belongings of other residents without their consent. (17) Borrowing and lending money among the students and staff. (18) Visiting rooftops of hostels. (19) Arrange private trips/visits without written permission of DD Hostels and respective schools. (20) Cooking in the room under any circumstances is prohibited. (21) Keeping pets or animals",disturbing fellow resident playing loud music instrument high volume electric appliance permitted student room except bedroom refrigerator room cooler permission payment monthly charge making structural addition alteration room installingfixing electrical gadget fittingsfixtures anywhere hostel collection chanda account ragging junior insideoutside room hostel gambling form playing card even without money stake authorized room layout changed occupying interchangingswapping room without permission manager hostel dd hostel giving tip making kind payment sanitary worker hostel staff opening door another fellow room without hisher permission using belonging resident without consent borrowing lending money among student staff visiting rooftop hostel arrange private tripsvisits without written permission dd hostel respective school cooking room circumstance prohibited keeping pet animal
pg_p86_165,pg,86,in the room. (22) Non-adherence to the chain of command while reporting a complaint. (23) Excessive cash/gold jewellery/expensive items are not to be kept in the hostel. Hostel Management is not responsible for any loss. (24) Visiting Khokhas/Dhabas. NUST Postgraduate Student Handbook 83,room nonadherence chain command reporting complaint excessive cashgold jewelleryexpensive item kept hostel hostel management responsible loss visiting khokhasdhabas nust postgraduate student handbook
pg_p87_166,pg,87,"14. Attendance. To ensure security as well as the presence of students in the hostels, Biometric Attendance System has been installed in all students Hostels to mark their daily attendance between 10:00 pm to 10:45 pm for female students and 11:00 pm to 11:45 pm for male students. Those who fail to mark their attendance shall be considered as absent. If a hostelite is absent from the hostel for more than 07 days without prior information, the student’s hostel allotment will be cancelled immediately. Defaulters will be liable to imposition of the fine. Note: Students/staff to immediately report to the hostel management about any suspicious activity if any student is found missing/absent from the hostel. 15. In/Out Timings a. Students are not allowed to stay out of the hostel after 10:00 pm (female) and 11:00 pm (male) or the time notified otherwise. Defaulters will be fined as follows: (1) 1st Violation - Rs 300/- (2) 2nd Violation - Rs 500/- and information to concerned School and parents (3) 3rdViolation - Rs 1,000/- and expulsion from the hostel for the semester with information to concerned School and parents b. Students are allowed to leave campus/hostel only with written permission (Out Pass)",attendance ensure security well presence student hostel biometric attendance system installed student hostel mark daily attendance pm pm female student pm pm male student fail mark attendance shall considered absent hostelite absent hostel day without prior information student hostel allotment cancelled immediately defaulter liable imposition fine note studentsstaff immediately report hostel management suspicious activity student found missingabsent hostel inout timing student allowed stay hostel pm female pm male time notified otherwise defaulter fined follows violation r violation r information concerned school parent r expulsion hostel semester information concerned school parent b student allowed leave campushostel written permission pas
pg_p87_167,pg,87,"issued by the respective Manager (Hostels). Parents may also be consulted by the hostel management when felt necessary. c. In/out registers must be filled in while leaving the hostel for a private purpose, failing which absence will be marked and disciplinary action will be initiated against the defaulters. d. Students are advised to display a hostel (yellow) card for identification while going out of the hostel or entering the hostel. 16. TV Timings. Television will be closed at 11:00 pm on normal working days and 11:45 pm on the weekends/closed holidays. The keys of the television room will be in the custody of the Manager (Hostels) and will be responsible for ensuring compliance of orders. However, in the case of some important sports events such as the World Cup/Olympics, etc, special permission can be obtained from the Manager (Hostels). 17. Temporary Vacation of Hostels a. In case of closure of university due to semester break, summer session and any unforeseen reasons, no student is allowed to stay in hostels unless otherwise decided by the university authorities. NUST Postgraduate Student Handbook 84",issued respective manager hostel parent may also consulted hostel management felt necessary c inout register must filled leaving hostel private purpose failing absence marked disciplinary action initiated defaulter student advised display hostel yellow card identification going hostel entering hostel tv timing television closed pm normal working day pm weekendsclosed holiday key television room custody manager hostel responsible ensuring compliance order however case important sport event world cupolympics etc special permission obtained manager hostel temporary vacation hostel case closure university due semester break summer session unforeseen reason student allowed stay hostel unless otherwise decided university authority nust postgraduate student handbook
pg_p88_168,pg,88,"b. Foreign students, overseas Pakistani family’s students and those who have peculiar academic requirements duly recommended by the respective school may be considered to stay in the hostel. c. However, the hostel branch will have the authority to shift the above said students to the earmarked hostels on temporary basis to minimize the services/administrative expenditures. In this eventuality students will be shifted as per seniority from the ground to top floor. d. During Summer Vacations, hostel residents will be required to store their luggage in earmarked rooms of each hostel and the vacated rooms will be utilized for students who are temporarily staying during summer vacations. NUST Hostel Administration reserves the right to use temporarily vacated available accommodation for annual maintenance and other official requirements. 18. Final Vacation of Hostels. Will be undertaken on the following reasons: - a. Completion of study/completion of on-campus tenure. b. Deferment. c. Withdrawal/expulsion on disciplinary grounds. 19. Procedure to Vacate the Hostel. To vacate the hostel, student needs to inform in writing to the Manager (Hostel) minimum a week in advance. All dues will be paid, clearance obtained and room keys be deposited in the Manager (Hostel) office. In case the student fails to",b foreign student overseas pakistani family student peculiar academic requirement duly recommended respective school may considered stay hostel c however hostel branch authority shift said student earmarked hostel temporary basis minimize servicesadministrative expenditure eventuality student shifted per seniority ground top floor summer vacation hostel resident required store luggage earmarked room hostel vacated room utilized student temporarily staying summer vacation nust hostel administration reserve right use temporarily vacated available accommodation annual maintenance official requirement final vacation hostel undertaken following reason completion studycompletion oncampus tenure b deferment c withdrawalexpulsion disciplinary ground procedure vacate hostel vacate hostel student need inform writing manager hostel minimum week advance due paid clearance obtained room key deposited manager hostel office case student fails
pg_p88_169,pg,88,"abide by the said procedure he/she will be required to pay mess bill before issuance of hostel clearance. Online clearance will only be done by Hostel Branch on submission of the Hostel Clearance Form. 20. Guests. Guests (of students and staff) are not allowed to enter/stay in the hostel premises at any time. They may be entertained in the cafeterias. 21. Conveyance/Driving. Following rules will be observed: a. Students are encouraged to keep and use bicycles within the Campus. b. Students desirous of keeping cars/motorcycles will seek permission in writing from Deputy Director Hostels. Students will produce necessary documents including driving license, vehicle registration, copy of CNIC, and NUST student card while seeking permission. c. Riding motorcycles will not be allowed without a valid driving license, vehicle registration, and wearing a crash helmet. Defaulters will be warned/ fined heavily. After 2 warnings, permission will be withdrawn. d. UG students are not allowed to keep a car in the hostel. NUST Postgraduate Student Handbook 85",abide said procedure heshe required pay mess bill issuance hostel clearance online clearance done hostel branch submission hostel clearance form guest guest student staff allowed enterstay hostel premise time may entertained cafeteria conveyancedriving following rule observed student encouraged keep use bicycle within campus b student desirous keeping carsmotorcycles seek permission writing deputy director hostel student produce necessary document including driving license vehicle registration copy cnic nust student card seeking permission c riding motorcycle allowed without valid driving license vehicle registration wearing crash helmet defaulter warned fined heavily warning permission withdrawn ug student allowed keep car hostel nust postgraduate student handbook
pg_p89_170,pg,89,"22. Damage to Property. Students are expected to cooperate for taking care of the hostel/mess property, such as newspapers, magazines, furniture, TV, cutlery, crockery, etc. It will not be removed from the hostel/mess. Any student found guilty of damaging or breaking items of hostel/mess will be made to pay the cost of the item in addition to fine/penalty. 23. Punishment. It is mandatory to comply with the timings and orders spelled out in these instructions and those issued from time to time. Necessary disciplinary action will be taken against the students for each minor or major violation. The following action will be initiated against defaulters: a. Students will be produced by Manager (Hostel) before DD Hostels for misconduct and indiscipline. b. A serious violation, as and when observed, will be reported to the parents/guardians in writing. c. For major breaches, the matter will be referred to NUST Disciplinary Committee. d. Imposition of fine/penalty e. Expulsion from the hostel f. After one time expulsion from the hostel, re-allotment will not be considered. 24. Inspections a. Manager (Hostel), Assistant Director Hostels, Deputy Director Hostels, Director Field Administration, and Senior Executive of the University can inspect hostel (student rooms and almirahs, etc.) without",damage property student expected cooperate taking care hostelmess property newspaper magazine furniture tv cutlery crockery etc removed hostelmess student found guilty damaging breaking item hostelmess made pay cost item addition finepenalty punishment mandatory comply timing order spelled instruction issued time time necessary disciplinary action taken student minor major violation following action initiated defaulter student produced manager hostel dd hostel misconduct indiscipline b serious violation observed reported parentsguardians writing c major breach matter referred nust disciplinary committee imposition finepenalty e expulsion hostel f one time expulsion hostel reallotment considered inspection manager hostel assistant director hostel deputy director hostel director field administration senior executive university inspect hostel student room almirahs etc without
pg_p89_171,pg,89,"any advance notice at any time of the day or night. b. Weekly/monthly inspection will be carried out by Manager (Hostel). c. A quarterly inspection will be carried out by Deputy Director Hostels. 25. Medical Care. NUST Medical Centre (NMC) is providing the best medical services to students round-the-clock and is equipped with sufficient arrangements. Qualified doctors (male/female) and trained staff perform their duties with complete dedication. 26. Washerman Services. A laundry shop has been established in all the hostels for the provision of washing and pressing of clothes facility to residents free of cost. 27. Indoor Sports. The facility of the well-equipped gymnasium with the required machines is available in all the Hostels. It is expected that students will utilize the same with extreme care and will adhere to the best norms of discipline in the gym. 28. Vending Machine. Vending Machines have been installed in all student Hostels that dispense items such as snacks, beverages, etc., to students on payment of cash or credit. NUST Postgraduate Student Handbook 86",advance notice time day night b weeklymonthly inspection carried manager hostel c quarterly inspection carried deputy director hostel medical care nust medical centre nmc providing best medical service student roundtheclock equipped sufficient arrangement qualified doctor malefemale trained staff perform duty complete dedication washerman service laundry shop established hostel provision washing pressing clothes facility resident free cost indoor sport facility wellequipped gymnasium required machine available hostel expected student utilize extreme care adhere best norm discipline gym vending machine vending machine installed student hostel dispense item snack beverage etc student payment cash credit nust postgraduate student handbook
pg_p90_172,pg,90,"29. Hostel Administration. Hostel administration/management is as under: a. Director Field Administration b. Deputy Director Hostels c. Assistant Director Hostels (Male) d. Assistant Director Hostels (Female) e. Assistant Director Hostels (Messing) f. Manager Hostel g. Caretaker 30. Certificate (Annex E) duly signed by the student and countersigned by the parent/guardian is required to be submitted by the student to the Manager (Hostels) at the time of joining the hostel. Note: a. These are general guidelines to facilitate the student and ensure a comfortable stay in the hostel. b. Students are required to follow the above rules while staying in the hostel. Parents/Guardian are requested to go through the same rules and advise their son/daughter/ward to strictly follow the rules. A certificate to this effect (as per the specimen below) is required to be submitted by the student, duly countersigned by the parent/guardian, to the respective Manager (Hostels), at the time of joining the hostel. c. Please submit the signed/countersigned attached certificate to your Manager (Hostels) along with the Hostel admission form to avoid any unpleasant consequence later on. d. The Hostel Management reserves the right to revise the rules and regulations. However, it will keep the residents informed of any",hostel administration hostel administrationmanagement director field administration b deputy director hostel c assistant director hostel male assistant director hostel female e assistant director hostel messing f manager hostel g caretaker certificate annex e duly signed student countersigned parentguardian required submitted student manager hostel time joining hostel note general guideline facilitate student ensure comfortable stay hostel b student required follow rule staying hostel parentsguardian requested go rule advise sondaughterward strictly follow rule certificate effect per specimen required submitted student duly countersigned parentguardian respective manager hostel time joining hostel c please submit signedcountersigned attached certificate manager hostel along hostel admission form avoid unpleasant consequence later hostel management reserve right revise rule regulation however keep resident informed
pg_p90_173,pg,90,changes in the form of notice on hostel notice boards. e. These rules are intended to ensure a conducive environment for all residents. 31. Dress Norms & Dining Etiquette are uploaded on Qalam system for all students employees and faculty. Details are also available on NUST website https://nust.edu.pk/downloads/dress-norms-dinning-etiquette/. NUST Postgraduate Student Handbook 87,change form notice hostel notice board e rule intended ensure conducive environment resident dress norm dining etiquette uploaded qalam system student employee faculty detail also available nust website httpsnustedupkdownloadsdressnormsdinningetiquette nust postgraduate student handbook
pg_p91_174,pg,91,"Annex A To Para 1 c to Chapter 2 List of Master & Ph.D. Programmes MS Programmes (70) Sr# Programme Institution SEECS, CoEME, 1. MS Electrical Engineering MCS, PNEC, CAE SMME, CoEME, 2. MS Mechanical Engineering PNEC, CAE 3. MS Structural Engineering SCEE, MCE, NIT 4. MS Transportation Engineering SCEE, MCE, NIT 5. MS Geotechnical Engineering SCEE, MCE, NIT 6. MS Computer Science SEECS, MCS, NBC SEECS, PNEC, 7. MS Artificial Intelligence CoEME 8. MS Software Engineering MCS, CoEME 9. MS Construction Engineering and Management MCE, SCEE 10. MS Information Security MCS, SEECS 11. MS Engineering Management CoEME , CAE 12. MS Mining Engineering MCE, NBC 13. MS Mathematics SNS, MCE 14. MS Water Resources Engineering and Management SCEE, MCE 15. MS Urban and Regional Planning SCEE 16. MS Environmental Engineering "" 17. MS Environmental Science "" 18. MS Remote Sensing and Geographical Information Systems "" 19. MBA NBS 20. Executive MBA "" 21. MS Human Resource Management "" 22. MS Logistics and Supply Chain Management "" NUST Postgraduate Student Handbook 88",annex para c chapter list master phd programme m programme sr programme institution seecs coeme m electrical engineering mc pnec cae smme coeme m mechanical engineering pnec cae m structural engineering scee mce nit m transportation engineering scee mce nit m geotechnical engineering scee mce nit m computer science seecs mc nbc seecs pnec m artificial intelligence coeme m software engineering mc coeme m construction engineering management mce scee m information security mc seecs m engineering management coeme cae m mining engineering mce nbc m mathematics sn mce m water resource engineering management scee mce m urban regional planning scee m environmental engineering m environmental science m remote sensing geographical information system mba nb executive mba m human resource management m logistics supply chain management nust postgraduate student handbook
pg_p92_175,pg,92,"Sr# Programme Institution 23. MS Innovation and Entrepreneurship "" 24. MS Marketing "" 25. MS Information Technology SEECS 26. MS Innovative Technologies in Learning "" 27. MS Data Science "" 28. MS Physics SNS 29. MS Chemistry "" 30. MS Materials and Surface Engineering SCME 31. MS Chemical Engineering "" 32. MS Nanoscience and Engineering "" 33. MS Healthcare Biotechnology ASAB 34. MS Plant Biotechnology "" 35. MS Industrial Biotechnology "" 36. MS Agribusiness Management "" 37. MS Molecular Medicine "" 38. MS Computational Science and Engineering SINES 39. MS Bioinformatics "" 40. MS Climate Change and Sustainable Development "" 41. MS Systems Engineering "" 42. MS Design and Manufacturing Engineering SMME 43. MS Robotics and Artificial Intelligence Engineering "" 44. MS Biomedical Engineering "" 45. MS Biomedical Sciences "" 46. MS Peace and Conflict Studies CIPS 47. MS Strategic Studies "" 48. Masters in Architectural Design SADA 49. MS Energy Systems Engineering USPCAS-E 50. MS Thermal Energy Engineering "" 51. MS Electrical Engineering (Power) "" 52. MS Renewable Energy "" NUST Postgraduate Student Handbook 89",sr programme institution m innovation entrepreneurship m marketing m information technology seecs m innovative technology learning m data science m physic sn m chemistry m material surface engineering scme m chemical engineering m nanoscience engineering m healthcare biotechnology asab m plant biotechnology m industrial biotechnology m agribusiness management m molecular medicine m computational science engineering sine m bioinformatics m climate change sustainable development m system engineering m design manufacturing engineering smme m robotics artificial intelligence engineering m biomedical engineering m biomedical science m peace conflict study cips m strategic study master architectural design sada m energy system engineering uspcase m thermal energy engineering m electrical engineering power m renewable energy nust postgraduate student handbook
pg_p93_176,pg,93,"Sr# Programme Institution 53. MS Economics S3H 54. MS Mass Communications "" 55. MS Clinical Psychology "" 56. MS Development Studies "" 57. MS Career Counseling and Education "" 58. MS Governance and Public Policy "" 59. MS Disaster Management MCE 60. MS Computer Engineering CoEME 61. MS Mechatronics Engineering "" 62. MS Applied Mathematics "" 63. MS Manufacturing Engineering and Management PNEC 64. MS Cyber Security "" 65. MS Naval Architecture "" 66. MS Aerospace Engineering CAE 67. MS Avionics Engineering "" 68. MS Industrial and Manufacturing Engineering "" 69. MS Aviation Management "" 70. MS Civil Engineering NBC Ph.D. Programmes (49) Sr# Programme Institution C of EME, SEECS, 1. PhD Electrical Engineering MCS, PNEC, CAE SEECS, CoEME, 2. PhD Electrical Engineering MCS, PNEC, CAE SMME, CoEME, 3. PhD Mechanical Engineering PNEC, CAE 4. PhD Geotechnical Engineering SCEE, MCE, NIT 5. PhD Structural Engineering SCEE, MCE, NIT 6. PhD Transportation Engineering SCEE, MCE, NIT 7. PhD Computer Science SEECS, MCS, NBC 8. PhD Construction Engineering and Management SCEE, MCE NUST Postgraduate Student Handbook 90",sr programme institution m economics m mass communication m clinical psychology m development study m career counseling education m governance public policy m disaster management mce m computer engineering coeme m mechatronics engineering m applied mathematics m manufacturing engineering management pnec m cyber security m naval architecture m aerospace engineering cae m avionics engineering m industrial manufacturing engineering m aviation management m civil engineering nbc phd programme sr programme institution c eme seecs phd electrical engineering mc pnec cae seecs coeme phd electrical engineering mc pnec cae smme coeme phd mechanical engineering pnec cae phd geotechnical engineering scee mce nit phd structural engineering scee mce nit phd transportation engineering scee mce nit phd computer science seecs mc nbc phd construction engineering management scee mce nust postgraduate student handbook
pg_p94_177,pg,94,"Sr# Programme Institution 9. PhD Software Engineering MCS, CoEME 10. PhD Information Security SEECS, MCS 11. PhD Mining Engineering MCE 12. PhD Water Resources Engineering and Management SCEE, MCE 13. PhD Mathematics SNS, MCE 14. PhD Urban and Regional Planning SCEE 15. PhD Environmental Engineering "" 16. PhD Environmental Science "" 17. PhD Remote Sensing and GIS "" 18. PhD Business Administration NBS 19. PhD Information Technology SEECS 20. PhD Artificial Intelligence "" 21. PhD Physics SNS 22. PhD Chemistry “ 23. PhD Statistics “ 24. PhD Materials and Surface Engineering SCME 25. PhD Chemical Engineering “ 26. PhD Nanoscience and Engineering “ 27. PhD Applied Biosciences ASAB 28. PhD Computational Science and Engineering SINES 29. PhD Bioinformatics "" 30. PhD Climate Change and Sustainable Development "" 31. PhD Design and Manufacturing Engineering SMME 32. PhD Robotics and Artificial Intelligence Engineering (R&AI) "" 33. PhD Biomedical Engineering "" 34. PhD Biomedical Sciences "" 35. PhD Peace and Conflict Studies CIPS 36. PhD Energy Systems Engineering USPCAS-E "" 37. PhD Thermal Energy Engineering 38. PhD Electrical Engineering (Power) "" 39. PhD Economics S3H NUST Postgraduate Student Handbook 91",sr programme institution phd software engineering mc coeme phd information security seecs mc phd mining engineering mce phd water resource engineering management scee mce phd mathematics sn mce phd urban regional planning scee phd environmental engineering phd environmental science phd remote sensing gi phd business administration nb phd information technology seecs phd artificial intelligence phd physic sn phd chemistry phd statistic phd material surface engineering scme phd chemical engineering phd nanoscience engineering phd applied bioscience asab phd computational science engineering sine phd bioinformatics phd climate change sustainable development phd design manufacturing engineering smme phd robotics artificial intelligence engineering rai phd biomedical engineering phd biomedical science phd peace conflict study cips phd energy system engineering uspcase phd thermal energy engineering phd electrical engineering power phd economics nust postgraduate student handbook
pg_p95_178,pg,95,"Sr# Programme Institution 40. PhD Psychology "" 41. PhD Development Studies "" 42. PhD Computer Engineering CoEME 43. PhD Mechatronics Engineering "" 44. PhD Engineering Management "" 45. PhD Applied Mathematics "" 46. PhD Manufacturing Engineering and Management PNEC 47. PhD Aerospace Engineering CAE 48. PhD Avionics Engineering "" 49. PhD Civil Engineering NBC NUST Postgraduate Student Handbook 92",sr programme institution phd psychology phd development study phd computer engineering coeme phd mechatronics engineering phd engineering management phd applied mathematics phd manufacturing engineering management pnec phd aerospace engineering cae phd avionics engineering phd civil engineering nbc nust postgraduate student handbook
pg_p96_179,pg,96,"Annex B to Para 22 to Chapter 2 Re-Checking of Papers 1. Fill out the re-checking application form completely. 2. Deposit re-checking fee amounting to Rs 500/- per paper and enclose original deposit slip along with the application form. 3. Clearly mention the subject/paper required to be re-checked. 4. An application form shall be entertained only if it is complete in all respects and is received in the office along with the prescribed fee within 15 days after the declaration of the relevant result. 5. Incomplete and incorrect forms shall be returned to the candidate for completion and if it is not submitted within the prescribed time limit, no action shall be taken on them. 6. Time-barred applications shall not be entertained. 7. Re-checking does not mean re-assessment or re-evaluation of the answer-book. Following is the procedure for re-checking of papers: It is ensured that: a. there is no mistake in the grand total on the title page of the answer book; b. the total of various parts of a question has been correctly made at the end of each question; c. all totals have been correctly brought forward on the title page of the answer book; d. no portion",annex b para chapter rechecking paper fill rechecking application form completely deposit rechecking fee amounting r per paper enclose original deposit slip along application form clearly mention subjectpaper required rechecked application form shall entertained complete respect received office along prescribed fee within day declaration relevant result incomplete incorrect form shall returned candidate completion submitted within prescribed time limit action shall taken timebarred application shall entertained rechecking mean reassessment reevaluation answerbook following procedure rechecking paper ensured mistake grand total title page answer book b total various part question correctly made end question c total correctly brought forward title page answer book portion
pg_p96_180,pg,96,of the answer book has been left un-marked; e. the total number of questions attempted does not exceed the limit allowed in the Question Paper; f. total marks in the answer-book tally with the marks sheet; g. viva/practical and internal assessment marks are not re-tabulated; h. the student or anybody on behalf of the student has no right to see or examine the answer-book for any purpose; j. an increase/decrease in the final marks of the student will be decided according to the results of re-checking. NUST Postgraduate Student Handbook 93,answer book left unmarked e total number question attempted exceed limit allowed question paper f total mark answerbook tally mark sheet g vivapractical internal assessment mark retabulated h student anybody behalf student right see examine answerbook purpose j increasedecrease final mark student decided according result rechecking nust postgraduate student handbook
pg_p97_181,pg,97,"National University of Sciences and Technology, Islamabad Application Form for Re-Checking of Answer-Book/Paper 1. Name of the Candidate: _________________________________________________ 2. Father’s Name: ________________________________________________________ 3. Roll No. ______________________________________________________________ 4. Year/Semester: ________________________________________________________ 5. Papers to be re-checked: ________________________________________________ a. ______________________________________________________________ b. ______________________________________________________________ c. ______________________________________________________________ d. ______________________________________________________________ e. ______________________________________________________________ f. ______________________________________________________________ g. ______________________________________________________________ 6. Fee Paid: Rs_____________________ invoice/draft No._______________________________ Bank Branch: ________________________________ dated: __________________ 7. I have read the instructions given overleaf and undertake to abide by the rules and regulations of NUST: __________________ Date: _______________ Signature of Applicant Postal Address: ___________________________________________________________________________ ___________________________________________________________________________ ___________________________________________________________________________ Telephone No. __________________________________ NUST Postgraduate Student Handbook 94",national university science technology islamabad application form rechecking answerbookpaper name candidate father name roll yearsemester paper rechecked b c e f g fee paid r invoicedraft bank branch dated read instruction given overleaf undertake abide rule regulation nust date signature applicant postal address telephone nust postgraduate student handbook
pg_p98_182,pg,98,"Annex C to Para 5 h (1) to Chapter 6 Fee Structure Fee Structure for National Students (In PKR) PhD MS/MBA/EMBA Business Studies Engineering/IT, MS HRM, MS Engineering MS Architecture, Social Sciences Logistics & Supply Management, programmes Social Sciences All (Eco), Natural & Chain Construction of S3H, SADA & Business programs Bio Sciences Management, MS MBA EMBA Engineering & & CIPS Studies programmes Innovation & Management Entrepreneurship, MS Marketing Admission 10,000 10,000 10,000 10,000 10,000 10,000 5,000 5,000 Processing Fee Security Deposit 10,000 10,000 10,000 10,000 10,000 10,000 10,000 10,000 (refundable) 61,790 Tuition Fee 111,960 185,680 249,320 (per 180,920 137,400 137,400 111,960 Per Semester course) Grade Improvement 61,790 Fee for Fall / 8,000 8,000 8,000 (per 8,000 8,000 8,000 8,000 Spring course) (Per CH) Course Registration Fee 61,790 for Summer 8,000 8,000 8,000 (per 8,000 8,000 8,000 8,000 Semester (Per course) CH) Make-up Fee for Missed 5,000 5,000 5,000 5,000 5,000 5,000 5,000 5,000 OHT/MSE/ESE (per course) Bench Fee (w.e.f 10,000 10,000 10,000 10,000 10,000 10,000 10,000 10,000 Fall 2021 entry) Reading Material (Per Annum) 22,000 Course Repetition/Improvement/Summer Fee (Rs 8000/- per credit hour for all disciplines except EMBA 45,770 per course) Miscellaneous charges (Rs2700/- per Semester) Bench Fee will",annex c para h chapter fee structure fee structure national student pkr phd msmbaemba business study engineeringit m hrm m engineering m architecture social science logistics supply management programme social science eco natural chain construction sada business program bio science management m mba emba engineering cips study programme innovation management entrepreneurship m marketing admission processing fee security deposit refundable tuition fee per per semester course grade improvement fee fall per spring course per ch course registration fee summer per semester per course ch makeup fee missed ohtmseese per course bench fee wef fall entry reading material per annum course repetitionimprovementsummer fee r per credit hour discipline except emba per course miscellaneous charge per semester bench fee
pg_p98_183,pg,98,be charged after completion of standard degree duration of respective program. NUST Postgraduate Student Handbook 95,charged completion standard degree duration respective program nust postgraduate student handbook
pg_p99_184,pg,99,"• ""Harvard Business School Licensing Fee"" will be charged to business students (MBA, MS HRM, EMBA, MS Logistics & Supply Chain Management and MS Innovation & Entrepreneurship) @ Rs 22, 000/year. Payment of Student Fee 1. At the time of admission, students have to pay the admission processing fee, security, and full semester fee in advance. Dues are required to be paid on semester basis. 2. Invoice for admission charges along with first semester fee and Provisional Selection Letter will be available on NUST website. 3. Tuition fee will be payable on semester basis. Students must pay their fee in advance before the commencement of semester. 4. All students are responsible to keep record of the copies of paid invoices throughout their academic tenure. EMBA Students • Second week of the semester will be an add/drop period without any financial implications for the students. If the student drops a course after the second week, s/he will be charged full fee for the course and letter grade ‘W’ will be awarded. Note: All fees and other charges are subject to revision from time to time. NUST Postgraduate Student Handbook 96",harvard business school licensing fee charged business student mba m hrm emba m logistics supply chain management m innovation entrepreneurship r payment student fee time admission student pay admission processing fee security full semester fee advance due required paid semester basis invoice admission charge along first semester fee provisional selection letter available nust website tuition fee payable semester basis student must pay fee advance commencement semester student responsible keep record copy paid invoice throughout academic tenure emba student second week semester adddrop period without financial implication student student drop course second week charged full fee course letter grade w awarded note fee charge subject revision time time nust postgraduate student handbook
pg_p100_185,pg,100,"Fee Structure for International Students (in USD) MS/MPhil/MBA/EMBA PhD Engineering/IT, Business Studies Engineering Social Sciences Management & MS HRM, MS Logistics & All (Eco) & Bio Construction Supply Chain Management, programmes Sciences MBA EMBA Engineering MS Innovation & programmes Management Entrepreneurship Admission Processing 45 45 45 45 45 24 Fee (non-refundable) Security Deposit 45 45 45 45 45 45 (refundable) Tuition Fee (per 580(per 3,050 4.500 4,750 4,750 3,050 annum) course) Grade Improvement 580 (per Fee for Fall / Spring 40 40 40 40 40 course) (Per CH) Fee for Summer 40 40 40 40 40 40 Semester (Per CH) Make-up Fee for Missed 40 40 40 40 40 40 OHT/MSE/ESE (per course) *Bench Fee (w.e.f 50 50 50 50 50 50 Fall 2021 entry) 104 (Per Reading Material (per Annum) annum) Miscellaneous charges will be charged @USD 34/year. *Bench Fee will be charged after completion of standard degree duration of respective program. 1. At the time of admission, admission processing fee, security fee, and tuition fee for the first academic year (two semesters) will be payable (as per selection letter). 2. Students must pay their fee in advance before the commencement of classes. 3. Harvard Business school licensing fee""",fee structure international student usd msmphilmbaemba phd engineeringit business study engineering social science management m hrm m logistics eco bio construction supply chain management programme science mba emba engineering m innovation programme management entrepreneurship admission processing fee nonrefundable security deposit refundable tuition fee per annum course grade improvement per fee fall spring course per ch fee summer semester per ch makeup fee missed ohtmseese per course bench fee wef fall entry per reading material per annum annum miscellaneous charge charged usd bench fee charged completion standard degree duration respective program time admission admission processing fee security fee tuition fee first academic year two semester payable per selection letter student must pay fee advance commencement class harvard business school licensing fee
pg_p100_186,pg,100,"will be charged to business students (MBA, MS HRM, EMBA, MS Logistics & Supply Chain Management, and MS Innovation & Entrepreneurship) @USD 104/year 4. Subsequent, tuition fee will be paid through challan form generated by Finance Directorate, NUST. The structure and schedule of payment will be intimated to the selected candidates. 5. The security deposit is payable along with the admission processing fee at the time of admission. 6. Summer Semester/Improvement/Repeat Course will be charge @ USD 40 Per credit hour for all programmes (less EMBA). NUST Postgraduate Student Handbook 97",charged business student mba m hrm emba m logistics supply chain management m innovation entrepreneurship usd subsequent tuition fee paid challan form generated finance directorate nust structure schedule payment intimated selected candidate security deposit payable along admission processing fee time admission summer semesterimprovementrepeat course charge usd per credit hour programme less emba nust postgraduate student handbook
pg_p101_187,pg,101,"Hostel Accommodation Charges Category National Students International Students Single Student (w.e.f. Spring 2023): Single occupancy (with attached bath) Rs 11,000 USD 75 Double occupancy (with attached bath) Rs 10,000 USD 65 Double occupancy (with community bath) Rs 8,000 USD 55 Triple occupancy (with community bath) Rs 6,750 USD 45 Security: Security (refundable) Rs 15000 USD 117 • Security Fee (Refundable) will be charged at the time of allotment. • Hostel Fee includes accommodation charges only. • All fees and other charges are subject to revision from time to time. NUST Postgraduate Student Handbook 98",hostel accommodation charge category national student international student single student wef spring single occupancy attached bath r usd double occupancy attached bath r usd double occupancy community bath r usd triple occupancy community bath r usd security security refundable r usd security fee refundable charged time allotment hostel fee includes accommodation charge fee charge subject revision time time nust postgraduate student handbook
pg_p102_188,pg,102,"Annex D to Para 2 a to Chapter 11 Hostel Allotment Policy 1. Introduction. NUST hostels have been established for the out station National and International students. Hostels are providing hygienic and pleasant environment and are equipped with all amenities for standard living. Seventeen hostels have been built in the main campus of NUST (11 for male and 6 for female) with the capacity to accommodate 4719 students. Hostel accommodation will be allotted to outstation students only who get admission in any School/Institute at NUST Main Campus Islamabad. 2. Students are required to apply online on the prescribed form available at (www.nust.edu.pk) or at the time of NET or both. Hostel accommodation will be allotted as per allotment policy depending on the availability of seats, as per the instructions delineated in succeeding paras. 3. Eligibility Criteria. Students registered for statutory courses in the University (Islamabad Campus only) will be eligible to avail the facility of NUST Hostels. 4. Priority of Allotment a. Disabled/special students b. Wards of Shuhda and orphans c. Overseas (after provision of the residential proof i.e., residency, Iqama, passports, etc.) d. Students from far-flung areas: (1) Balochistan (2) Sindh (3) FATA (4) GilgitBaltistan (5) Southern Punjab (Bahawalpur,",annex para chapter hostel allotment policy introduction nust hostel established station national international student hostel providing hygienic pleasant environment equipped amenity standard living seventeen hostel built main campus nust male female capacity accommodate student hostel accommodation allotted outstation student get admission schoolinstitute nust main campus islamabad student required apply online prescribed form available wwwnustedupk time net hostel accommodation allotted per allotment policy depending availability seat per instruction delineated succeeding para eligibility criterion student registered statutory course university islamabad campus eligible avail facility nust hostel priority allotment disabledspecial student b ward shuhda orphan c overseas provision residential proof ie residency iqama passport etc student farflung area balochistan sindh fata gilgitbaltistan southern punjab bahawalpur
pg_p102_189,pg,102,"Bahawalnagar, D.G Khan, Layyah, Rahim Yar Khan, Rajanpur) (6) Azad Jammu and Kashmir (Athmuqam, HattianBala, Haveli /Kahuta) (7) Khyber Pakhtunkhwa (D.I. Khan, Chitral, etc.) e. Priority – 1. As a matter of principle, allocation of Hostel to thewaiting list of last year takes priority overall. NUST Postgraduate Student Handbook 99",bahawalnagar dg khan layyah rahim yar khan rajanpur azad jammu kashmir athmuqam hattianbala haveli kahuta khyber pakhtunkhwa di khan chitral etc e priority matter principle allocation hostel thewaiting list last year take priority overall nust postgraduate student handbook
pg_p103_190,pg,103,"f. Priority – 2. Second priority shall be given to the students, who fall in para 4 a to d above and fall in the first merit list. g. Priority – 3. Third priority shall be given to the students as per their position in the merit list after excluding priority 1 & 2. 5. Freezing Cases (Deferment). Any hostelite who cannot continue studies due to domestic/medical issues can re-join the hostel in the next semester, subject to the permission by Registrar Dte to the fact that students have been allowed to continue studies. 6. Compassionate Grounds a. Medical Cases Will be decided on case-to-case basis. Students desirous for hostel accommodation on medical grounds must submit medical documents along with the hostel admission form. The hostel branch will forward the case to Medical Dte for evaluation. b. Need-based Cases. Students who are unable to afford accommodation charges due to financial issues can apply through University Advancement Office (UAO) when they are enrolled in the University, provided they fit into the eligibility/priority criteria. c. Relocation/posting of parents 7. Ineligibility Criteria a. Residents of Islamabad/Rawalpindi and nearby areas (including the students of Ph.D. and SAT International) b. Expelled students from NUST c.",f priority second priority shall given student fall para fall first merit list g priority third priority shall given student per position merit list excluding priority freezing case deferment hostelite continue study due domesticmedical issue rejoin hostel next semester subject permission registrar dte fact student allowed continue study compassionate ground medical case decided casetocase basis student desirous hostel accommodation medical ground must submit medical document along hostel admission form hostel branch forward case medical dte evaluation b needbased case student unable afford accommodation charge due financial issue apply university advancement office uao enrolled university provided fit eligibilitypriority criterion c relocationposting parent ineligibility criterion resident islamabadrawalpindi nearby area including student phd sat international b expelled student nust c
pg_p103_191,pg,103,"Students who have completed their degrees 8. Duration of Students Stay. Stay of the students, who are granted admission in the hostels in H-12 Campus, will be strictly of the duration as follows: a. UG Programmes (4 years except B. Architecture – SADA i.e., 5 years) b. MS Programmes (2 years) c. Ph.D. (3 years) Note: No extension will be granted. 9. Extension. Following cases may also be considered: a. Genuine medical issues (Submission of Medical Documents with prior recommendation of NMC). NUST Postgraduate Student Handbook 100",student completed degree duration student stay stay student granted admission hostel campus strictly duration follows ug programme year except b architecture sada ie year b m programme year c phd year note extension granted extension following case may also considered genuine medical issue submission medical document prior recommendation nmc nust postgraduate student handbook
pg_p104_192,pg,104,"b. Exchange Programme. Hostelites who are offered an exchange programme in Foreign Universities will be given an extension in case their required courses are not run/offered during Summer vacations or during regular semesters. Confirmation to this effect will be sought from Registrar Dte (MS Section) and the case will be forwarded for Rector's approval. c. Compassionate ground (case to case basis) d. Overseas students Note: All such cases will be processed for Rector's approval. 10. Extension will not be granted to students who have obtained F grades/Low grades/repeat courses/short attendance. 11. Temporary Hostel Allotment. Temporary allotment facility will be provided only to students currently registered in the main campus of NUST, depending on the availability of accommodation. Students applying for a shorter duration (not more than a week) will be granted permission to avail the facility on case-to-case basis. An application form is available in Hostels Branch Office which must contain the signature of parents (Father/Mother/ Guardian).Hostels Administration reserves the right to extend a student’s temporary allotment stay that will be dependent on case-to-case basis. Hostel Rules will be followed by temporary students in their true spirit. 12. The Hostel allotment policy will be implemented with immediate effect. Note: Hostel",b exchange programme hostelites offered exchange programme foreign university given extension case required course runoffered summer vacation regular semester confirmation effect sought registrar dte m section case forwarded rector approval c compassionate ground case case basis overseas student note case processed rector approval extension granted student obtained f gradeslow gradesrepeat coursesshort attendance temporary hostel allotment temporary allotment facility provided student currently registered main campus nust depending availability accommodation student applying shorter duration week granted permission avail facility casetocase basis application form available hostel branch office must contain signature parent fathermother guardianhostels administration reserve right extend student temporary allotment stay dependent casetocase basis hostel rule followed temporary student true spirit hostel allotment policy implemented immediate effect note hostel
pg_p104_193,pg,104,"Accommodation will stand cancelled (in addition to a levy of fine)if any resident shares false information for availing hostel accommodation, or involved in a discipline case which warrants expulsion e.g., involvement in drugs, any undesired activity prejudice to the established norms of decency, brawl/fight, etc. Instructions mentioned in the handbook will only be considered in normal conditions, in case of any force majeure NUST holds the right to amend any clause in the best interest of students and university. NUST Postgraduate Student Handbook 101",accommodation stand cancelled addition levy fineif resident share false information availing hostel accommodation involved discipline case warrant expulsion eg involvement drug undesired activity prejudice established norm decency brawlfight etc instruction mentioned handbook considered normal condition case force majeure nust hold right amend clause best interest student university nust postgraduate student handbook
pg_p105_194,pg,105,Annex E to Para 30 to Chapter 11 NUST Hostel Rules Awareness Certificate Name: _____________________________________________________________________ Father’s/Guardian’s Name: ____________________________________________________ School: ____________________________________________________________________ Discipline: __________________________________________________________________ Hostel: ____________________________________________________________________ Room No: __________________________________________________________________ It is certified that NUST Hostel Rules have been read by the undersigned. I would follow these rules in true letter & spirit and hostel administration may take disciplinary action against me on violation. I understand that hostel administration reserves the right to change the room and hostel at any time. Besides the hostel administration can use temporarily vacated accommodation by me as per NUST requirements. Date:_____________________ __________________ Student Signature Counter Sign By Date: ________________ Father / Mother / Guardian Name: _____________________ CNIC No: _____________________ NUST Postgraduate Student Handbook 102,annex e para chapter nust hostel rule awareness certificate name father sguardian name school discipline hostel room certified nust hostel rule read undersigned would follow rule true letter spirit hostel administration may take disciplinary action violation understand hostel administration reserve right change room hostel time besides hostel administration use temporarily vacated accommodation per nust requirement date student signature counter sign date father mother guardian name cnic nust postgraduate student handbook
pg_p106_195,pg,106,"Annex F UNDERTAKING (By the Student & Parent/Guardian) I,_______________________________son/daughter/ward of________________________, student of __________________________________________ programme, hereby certify that I have read the instructions carefully given in Handbook and that during my stay at NUST, I shall be responsible to abide by the rules/regulations mentioned therein. I understand that I will be liable to appropriate disciplinary action for any misconduct or misbehaviour. I hereby declare that all my academic documents (including Matric / FA, FSc results, equivalence) are complete and correct as per eligibility criteria; if found incorrect at any stage, the University has the right to cancel admission/take strict disciplinary action against me. Name of the Student: _________________________ CNIC No: _________________________ Signature: _________________________ Countersigned by Parents/Guardian Signature: ____________________________ Signature: ____________________________ Name: _______________________________ Name: _______________________________ CNIC No: _____________________________ CNIC No: _____________________________ Date: _______________________________ Date: ________________________________ Address:____________________________________________________________________ ___________________________________________________________________________ ___________________________________________________________________________ (Note: Please deposit this certificate duly completed to the school administration). Annex G to Para 26 b to Chapter 10 NUST Postgraduate Student Handbook 103",annex f undertaking student parentguardian isondaughterward student programme hereby certify read instruction carefully given handbook stay nust shall responsible abide rulesregulations mentioned therein understand liable appropriate disciplinary action misconduct misbehaviour hereby declare academic document including matric fa fsc result equivalence complete correct per eligibility criterion found incorrect stage university right cancel admissiontake strict disciplinary action name student cnic signature countersigned parentsguardian signature signature name name cnic cnic date date address note please deposit certificate duly completed school administration annex g para b chapter nust postgraduate student handbook
pg_p107_196,pg,107,"UNDERTAKING Drug and Tobacco Awareness Certificate (By the Student & Parent/Guardian) Roll number/ Registration Number __________________________________________ Program Title __________________________________________ Name __________________________________________ CNIC/CRC Number __________________________________________ Contact Number __________________________________________ Father/ Guardian’s Name __________________________________________ Father/ Guardian’s Contact Number __________________________________________ Gender __________________________________________ Date of Birth __________________________________________ Mark of Identification __________________________________________ Blood Group __________________________________________ Any Disability __________________________________________ Any Existing Medical Problem or Mental-Health Issues ______________________________ Taking any Medicine on a Regular Basis (if yes, please give details) _____________________ I ________________________ son / daughter of ___________________ certify that I am/shall not be involved in any kind of drug abuse (bringing into the campus/consuming or encouraging consumption of drug and narcotics substances) or the unlawful use of tobacco products at the Higher Education Institute (HEI). The HEI is authorized to examine me for drug abuse at any time and to take any measure to ensure the implementation of its policies. Moreover, parents will be informed if I will be involved in any drug/tobacco-related unlawful activity. Further, I have read and am aware of the provisions of the Higher Education Commission’s Policy on Drug and Tobacco Abuse in Higher Education Institutions. _____________________________ ____________________________________ Signature Signature of Father / Guardian (for Students) Dated: _______________________ Dated: _______________________ Note: Please submit",undertaking drug tobacco awareness certificate student parentguardian roll number registration number program title name cniccrc number contact number father guardian name father guardian contact number gender date birth mark identification blood group disability existing medical problem mentalhealth issue taking medicine regular basis yes please give detail son daughter certify amshall involved kind drug abuse bringing campusconsuming encouraging consumption drug narcotic substance unlawful use tobacco product higher education institute hei hei authorized examine drug abuse time take measure ensure implementation policy moreover parent informed involved drugtobaccorelated unlawful activity read aware provision higher education commission policy drug tobacco abuse higher education institution signature signature father guardian student dated dated note please submit
pg_p107_197,pg,107,"this undertaking form to the concerned office after joining the HEI. For current Members of the HEI, please submit in accordance with the timelines prescribed by the HEI. NUST Postgraduate Student Handbook 104",undertaking form concerned office joining hei current member hei please submit accordance timeline prescribed hei nust postgraduate student handbook
pg_p108_198,pg,108,"Annex H to Para 26 b to Chapter 10 UNDERTAKING Drug and Tobacco Awareness Certificate (By the Faculty & Staff) Name: __________________________________________ Designation __________________________________________ Department __________________________________________ CNIC/CRC Number __________________________________________ Contact Number __________________________________________ Gender __________________________________________ Date of Birth __________________________________________ Mark of Identification __________________________________________ Blood Group __________________________________________ Any Disability __________________________________________ Any Medical Problem or Mental-Health Issues _____________________________________ Taking any Medicine on a Regular Basis (if yes, please give details) _____________________ I ____________________________ son / daughter of __________________________ certify that I am/shall not be involved in any kind of drug abuse (bringing into the campus/consuming or encouraging consumption of drug and narcotics substances) or the unlawful use of tobacco products at the Higher Education Institute (HEI). The HEI is authorized to examine me for drug abuse at any time and to take any measure to ensure the implementation of its policies. Further, I have read and am aware of the provisions of the Higher Education Commission’s Policy on Drug and Tobacco Abuse in Higher Education Institutions. _______________________ Dated: _________________ Signature Note: Please submit this undertaking form to the concerned office after joining the HEI. For current Members of the HEI, please submit in accordance with the timelines prescribed by the HEI. NUST Postgraduate",annex h para b chapter undertaking drug tobacco awareness certificate faculty staff name designation department cniccrc number contact number gender date birth mark identification blood group disability medical problem mentalhealth issue taking medicine regular basis yes please give detail son daughter certify amshall involved kind drug abuse bringing campusconsuming encouraging consumption drug narcotic substance unlawful use tobacco product higher education institute hei hei authorized examine drug abuse time take measure ensure implementation policy read aware provision higher education commission policy drug tobacco abuse higher education institution dated signature note please submit undertaking form concerned office joining hei current member hei please submit accordance timeline prescribed hei nust postgraduate
pg_p108_199,pg,108,Student Handbook 105,student handbook
pg_p109_200,pg,109,NUST Postgraduate Student Handbook 106,nust postgraduate student handbook
